timestamp,queue_depth,active_batch_size,allocated_kv_slots,free_kv_slots,itl_s,avg_wait_s,p95_wait_s,max_starvation_s,short_long_ratio,queue_wait_latency,admission_latency,compute_prefill_latency,first_decode_latency,steady_state_itl,batch_utilization_ratio,idle_decode_slots,queue_persistence_ratio,max_batch_occupancy_duration,internal_fragmentation_ratio,allocator_churn_rate,page_pool_occupancy,page_gather_latency,active_sequence_residency_half_life,decode_overlap_duration,sequence_residency_lifetime,residency_amplification,avg_sequence_residency_lifetime,avg_residency_amplification,kv_allocated_per_step,kv_freed_per_step,queue_growth_rate,kv_allocation_churn_rate,pages_allocated_per_step,pages_freed_per_step,avg_batch_utilization,p95_batch_utilization,profile,memory_backend
1779703888.7235205,135,1,514,93662,0.036918067000442534,0.0988750177271226,0.18388843536376953,0.1937882900238037,0.0,0.0989661339451285,0.016510725021362305,0.03692007064819336,0.0,0.0,0.015625,63,0.0,0.0,0.19455252918287938,0.0,0.5457866123003738,0.0,,0.0,,,0.0,0.0,0.0,0.0,0.0,0.0,0.0,0.0,0.015625,0.015625,sustained_overload,contiguous
1779703888.7685575,104,64,43137,51039,0.00012164453124796637,0.1042863769190652,0.18329644203186035,0.19591236114501953,0.0,0.10433596798351832,0.02434416487812996,0.0006493628025054932,0.0031905174255371094,0.0,1.0,0,1.0,0.0,0.14836451306303172,0.0,45.80466360856269,0.0,,0.045037031173706055,,,0.0,0.0,42623.0,0.0,-688.3224580331288,946398.9718950338,0.0,0.0,0.5078125,1.0,sustained_overload,contiguous
1779703888.833871,141,64,33720,60456,6.332262498176533e-05,0.11891427106946428,0.19307613372802734,0.2036912441253662,0.0,0.11898967373036892,0.02567770056528588,0.000575829858649267,0.00012106461958451705,0.00016245200004050275,1.0,0,1.0,0.06531333923339844,0.18979833926453143,794845.289022574,35.80530071355759,0.0,,0.11035037040710449,0.00021600723266601562,4.3768115942028984,0.00028128094143337675,4.6479824440954225,0.0,9417.0,566.4998977893292,144181.87939140847,4425.0,47489.0,0.671875,1.0,sustained_overload,contiguous
1779703888.8903234,181,64,33784,60392,4.531045310329773e-05,0.13594527976719414,0.242905855178833,0.26013731956481934,0.0,0.13602716997852476,0.02567770056528588,0.000575829858649267,0.00010994076728820801,4.609923634316973e-05,1.0,0,1.0,0.1217658519744873,0.18943878759175942,598449.8892891684,35.8732585796806,0.0,,0.16680288314819336,0.00021600723266601562,4.3768115942028984,0.00028128094143337675,4.6479824440954225,64.0,0.0,708.560134133517,1133.696214613627,64.0,33720.0,0.75390625,1.0,sustained_overload,contiguous
1779703888.9467068,224,64,33848,60328,6.149167180069526e-05,0.15470353039828214,0.2963593006134033,0.3164982795715332,0.0,0.1548004519658458,0.02567770056528588,0.000575829858649267,0.00010994076728820801,5.342382547250205e-05,1.0,0,1.0,0.17814922332763672,0.18908059560387616,600318.8384745168,35.941216445803605,0.0,,0.22318625450134277,0.00021600723266601562,4.3768115942028984,0.00028128094143337675,4.6479824440954225,64.0,0.0,762.6361987238307,1135.0864353098875,64.0,33784.0,0.803125,1.0,sustained_overload,contiguous
1779703889.008564,271,64,33912,60264,9.649998433758356e-05,0.17795318365097046,0.35326647758483887,0.3783121109008789,0.0,0.17807846221812937,0.02567770056528588,0.000575829858649267,0.00010994076728820801,6.81163554231053e-05,1.0,0,1.0,0.2400064468383789,0.1887237556027365,548230.232061916,36.00917431192661,0.0,,0.28504347801208496,0.00021600723266601562,4.3768115942028984,0.00028128094143337675,4.6479824440954225,64.0,0.0,759.814251796121,1034.6406832968455,64.0,33848.0,0.8359375,1.0,sustained_overload,contiguous
1779703889.0666828,312,64,33976,60200,5.6762828108958274e-05,0.20289535832095457,0.40886926651000977,0.4363985061645508,0.0,0.20303930121582825,0.02567770056528588,0.000575829858649267,0.00010994076728820801,6.539852079375426e-05,1.0,0,1.0,0.2981252670288086,0.18836825994819872,584595.4871188999,36.07713217804961,0.0,,0.34316229820251465,0.00021600723266601562,4.3768115942028984,0.00028128094143337675,4.6479824440954225,64.0,0.0,705.451347182567,1101.192346821568,64.0,33912.0,0.859375,1.0,sustained_overload,contiguous
1779703889.1239667,354,64,34040,60136,6.290173436696023e-05,0.22755325315149383,0.46312475204467773,0.4936554431915283,0.0,0.22771770501862645,0.02567770056528588,0.000575829858649267,0.00010994076728820801,6.501924736307766e-05,1.0,0,1.0,0.3554091453552246,0.18801410105757932,594233.508528048,36.14509004417261,0.0,,0.40044617652893066,0.00021600723266601562,4.3768115942028984,0.00028128094143337675,4.6479824440954225,64.0,0.0,733.1905804400124,1117.2427892419234,64.0,33976.0,0.876953125,1.0,sustained_overload,contiguous
1779703889.1795075,395,64,34104,60072,4.5957937558682715e-05,0.25196277636748093,0.514899730682373,0.5491724014282227,0.0,0.25213120533869815,0.02567770056528588,0.000575829858649267,0.00010994076728820801,6.177680117306615e-05,1.0,0,1.0,0.4109499454498291,0.18766127140511377,614035.0866733919,36.213047910295614,0.0,,0.45598697662353516,0.00021600723266601562,4.3768115942028984,0.00028128094143337675,4.6479824440954225,64.0,0.0,738.1960636174368,1152.3060505247795,64.0,34040.0,0.890625,1.0,sustained_overload,contiguous
1779703889.2366898,434,64,34168,60008,5.8980156182997234e-05,0.2792464816828921,0.5691230297088623,0.6063311100006104,0.0,0.27943567317383294,0.02567770056528588,0.000575829858649267,0.00010994076728820801,6.14589993239077e-05,1.0,0,1.0,0.46813225746154785,0.18730976352142356,597527.4310873916,36.28100577641862,0.0,,0.5131692886352539,0.00021600723266601562,4.3768115942028984,0.00028128094143337675,4.6479824440954225,64.0,0.0,682.0290860573716,1119.2272181454302,64.0,34104.0,0.9015625,1.0,sustained_overload,contiguous
1779703889.295452,475,64,34232,59944,5.245070309456423e-05,0.30699439640462833,0.6249632835388184,0.6650474071502686,0.0,0.30720870120681987,0.02567770056528588,0.000575829858649267,0.00010994076728820801,6.032564063049438e-05,1.0,0,1.0,0.5268945693969727,0.18695956999298902,582550.2583631886,36.34896364254163,0.0,,0.5719316005706787,0.00021600723266601562,4.3768115942028984,0.00028128094143337675,4.6479824440954225,64.0,0.0,697.7261215497409,1089.133458028864,64.0,34168.0,0.9105113636363636,1.0,sustained_overload,contiguous
1779703889.3535123,516,64,34296,59880,5.329798437969657e-05,0.33442527005142186,0.6779277324676514,0.7230534553527832,0.0,0.334667767247846,0.02567770056528588,0.000575829858649267,0.00010994076728820801,5.945098014331999e-05,1.0,0,1.0,0.5849547386169434,0.18661068346162818,590697.5549806588,36.41692150866463,0.0,,0.6299917697906494,0.00021600723266601562,4.3768115942028984,0.00028128094143337675,4.6479824440954225,64.0,0.0,706.1639769712798,1102.3047445405343,64.0,34232.0,0.91796875,1.0,sustained_overload,contiguous
1779703889.4115787,558,64,34360,59816,5.5187671861745e-05,0.3614533741009405,0.7328958511352539,0.7809569835662842,0.0,0.3618556493435722,0.02567770056528588,0.000575829858649267,0.00010994076728820801,5.903232894102397e-05,1.0,0,1.0,0.6430211067199707,0.18626309662398138,591736.6820503556,36.48487937478763,0.0,,0.6880581378936768,0.00021600723266601562,4.3768115942028984,0.00028128094143337675,4.6479824440954225,64.0,0.0,723.3102632745906,1102.1870678469952,64.0,34296.0,0.9242788461538461,1.0,sustained_overload,contiguous
1779703889.468271,598,64,34424,59752,5.039245313298579e-05,0.3886227078302784,0.7870116233825684,0.8375434875488281,0.0,0.38891061869534577,0.02567770056528588,0.000575829858649267,0.00010994076728820801,5.8230485587959934e-05,1.0,0,1.0,0.6997134685516357,0.18591680223100163,607207.0185083164,36.552837240910634,0.0,,0.7447504997253418,0.00021600723266601562,4.3768115942028984,0.00028128094143337675,4.6479824440954225,64.0,0.0,705.5624198330424,1128.899871732868,64.0,34360.0,0.9296875,1.0,sustained_overload,contiguous
1779703889.5271306,639,64,34488,59688,6.37996406851471e-05,0.41750293199935656,0.8424661159515381,0.8966329097747803,0.0,0.4177810981702269,0.02567770056528588,0.000575829858649267,0.00010994076728820801,5.869451406537396e-05,1.0,0,1.0,0.758573055267334,0.1855717930874507,585936.8358562025,36.620795107033636,0.0,,0.80361008644104,0.00021600723266601562,4.3768115942028984,0.00028128094143337675,4.6479824440954225,64.0,0.0,696.5730187341773,1087.333492658228,64.0,34424.0,0.934375,1.0,sustained_overload,contiguous
1779703889.5887156,683,64,34552,59624,6.425300003343182e-05,0.44702838747589674,0.9016208648681641,0.9581761360168457,0.0,0.4473260656866447,0.02567770056528588,0.000575829858649267,0.00010994076728820801,5.9124046752317666e-05,1.0,0,1.0,0.8201580047607422,0.18522806205140077,561046.1693030746,36.68875297315664,0.0,,0.8651950359344482,0.00021600723266601562,4.3768115942028984,0.00028128094143337675,4.6479824440954225,64.0,0.0,714.460275796923,1039.2149466137062,64.0,34488.0,0.9384765625,1.0,sustained_overload,contiguous
1779703889.6465204,723,64,34616,59560,5.607470315283081e-05,0.47565812471523955,0.9560201168060303,1.0159733295440674,0.0,0.47595307066212944,0.02567770056528588,0.000575829858649267,0.00010994076728820801,5.890883810092058e-05,1.0,0,1.0,0.8779628276824951,0.18488560203374163,598842.7651937917,36.75671083927965,0.0,,0.9229998588562012,0.00021600723266601562,4.3768115942028984,0.00028128094143337675,4.6479824440954225,64.0,0.0,691.9837822900297,1107.1740516640475,64.0,34552.0,0.9420955882352942,1.0,sustained_overload,contiguous
1779703889.7055063,762,64,34680,59496,7.668815618444569e-05,0.505773183971108,1.0124561786651611,1.0748424530029297,0.0,0.506110424909763,0.02567770056528588,0.000575829858649267,0.00010994076728820801,6.009813389095173e-05,1.0,0,1.0,0.9369487762451172,0.1845444059976932,587936.6331319092,36.82466870540265,0.0,,0.9819858074188232,0.00021600723266601562,4.3768115942028984,0.00028128094143337675,4.6479824440954225,64.0,0.0,661.1744144216972,1085.0041672561185,64.0,34616.0,0.9453125,1.0,sustained_overload,contiguous
1779703889.7651505,806,64,34744,59432,5.648571882943543e-05,0.5336508270823508,1.069603681564331,1.1344990730285645,0.0,0.534018542850655,0.02567770056528588,0.000575829858649267,0.00010994076728820801,5.987082743154615e-05,1.0,0,1.0,0.9965929985046387,0.18420446695832374,582520.7988935347,36.89262657152565,0.0,,1.0416300296783447,0.00021600723266601562,4.3768115942028984,0.00028128094143337675,4.6479824440954225,64.0,0.0,737.7076661097032,1073.0293325232046,64.0,34680.0,0.9481907894736842,1.0,sustained_overload,contiguous
1779703889.8239532,849,64,34808,59368,5.042053122394918e-05,0.5614619531755592,1.124537467956543,1.193267822265625,0.0,0.5618415406365715,0.02567770056528588,0.000575829858649267,0.00010994076728820801,5.931469944312419e-05,1.0,0,1.0,1.0553956031799316,0.18386577798207307,591946.5675408294,36.960584437648656,0.0,,1.1004326343536377,0.00021600723266601562,4.3768115942028984,0.00028128094143337675,4.6479824440954225,64.0,0.0,731.2601242316613,1088.3871616471238,64.0,34744.0,0.95078125,1.0,sustained_overload,contiguous
1779703889.8807988,886,64,34872,59304,4.333215630936138e-05,0.5911998336083946,1.1801841259002686,1.2501063346862793,0.0,0.5915888303014857,0.02567770056528588,0.000575829858649267,0.00010994076728820801,5.842520681847035e-05,1.0,0,1.0,1.112241268157959,0.18352833218628126,613450.471790226,37.02854230377166,0.0,,1.157278299331665,0.00021600723266601562,4.3768115942028984,0.00028128094143337675,4.6479824440954225,64.0,0.0,650.885164494103,1125.8554196654754,64.0,34808.0,0.953125,1.0,sustained_overload,contiguous
1779703889.937918,929,64,34936,59240,4.68638905744001e-05,0.6176059767157732,1.2333664894104004,1.3072493076324463,0.0,0.6179861805872051,0.02567770056528588,0.000575829858649267,0.00010994076728820801,5.7824247756960835e-05,1.0,0,1.0,1.1693603992462158,0.18319212273872224,611633.9540603152,37.09650016989466,0.0,,1.2143974304199219,0.00021600723266601562,4.3768115942028984,0.00028128094143337675,4.6479824440954225,64.0,0.0,752.8125722633831,1120.4652238338724,64.0,34872.0,0.9552556818181818,1.0,sustained_overload,contiguous
1779703889.995667,971,64,35000,59176,5.7579218676551136e-05,0.6452124529871447,1.2887170314788818,1.3649725914001465,0.0,0.6456195814856167,0.02567770056528588,0.000575829858649267,0.00010994076728820801,5.7781289963162166e-05,1.0,0,1.0,1.227109432220459,0.18285714285714286,606070.7547364553,37.16445803601766,0.0,,1.272146463394165,0.00021600723266601562,4.3768115942028984,0.00028128094143337675,4.6479824440954225,64.0,0.0,727.2849056837464,1108.243665803804,64.0,34936.0,0.9572010869565217,1.0,sustained_overload,contiguous
1779703890.0536697,1012,64,35064,59112,4.675267175002773e-05,0.6737784038490964,1.3440721035003662,1.422926664352417,0.0,0.6742053686748452,0.02567770056528588,0.000575829858649267,0.00010994076728820801,5.7255192640812414e-05,1.0,0,1.0,1.2851121425628662,0.18252338580880675,604523.4747308667,37.23241590214067,0.0,,1.3301491737365723,0.00021600723266601562,4.3768115942028984,0.00028128094143337675,4.6479824440954225,64.0,0.0,706.8635199625124,1103.3967140878244,64.0,35000.0,0.958984375,1.0,sustained_overload,contiguous
1779703890.1126232,1057,64,35128,59048,5.309732803482348e-05,0.7008967530410901,1.3993639945983887,1.4819073677062988,0.0,0.7013200380105888,0.02567770056528588,0.000575829858649267,0.00010994076728820801,5.707326195992819e-05,1.0,0,1.0,1.3440656661987305,0.18219084491004328,595859.2096542632,37.300373768263675,0.0,,1.3891026973724365,0.00021600723266601562,4.3768115942028984,0.00028128094143337675,4.6479824440954225,64.0,0.0,763.3131528820838,1085.6009285434081,64.0,35064.0,0.960625,1.0,sustained_overload,contiguous
1779703890.1690962,1099,64,35192,58984,5.304712495046715e-05,0.7276915057527328,1.4512782096862793,1.5383446216583252,0.0,0.7281375244615834,0.02567770056528588,0.000575829858649267,0.00010994076728820801,5.690551577912012e-05,1.0,0,1.0,1.400538682937622,0.18185951352580132,623164.8676165749,37.36833163438668,0.0,,1.4455757141113281,0.00021600723266601562,4.3768115942028984,0.00028128094143337675,4.6479824440954225,64.0,0.0,743.7180165917295,1133.2845967112069,64.0,35128.0,0.9621394230769231,1.0,sustained_overload,contiguous
1779703890.2269337,1142,64,35256,58920,5.161943748532849e-05,0.7552186202610471,1.5066962242126465,1.5961394309997559,0.0,0.75566658385006,0.02567770056528588,0.000575829858649267,0.00010994076728820801,5.6683874208569866e-05,1.0,0,1.0,1.458376169204712,0.18152938506920807,609570.0604481673,37.43628950050969,0.0,,1.503413200378418,0.00021600723266601562,4.3768115942028984,0.00028128094143337675,4.6479824440954225,64.0,0.0,743.4624631061718,1106.548782297558,64.0,35192.0,0.9635416666666666,1.0,sustained_overload,contiguous
1779703890.2861803,1184,64,35320,58856,6.097598432575069e-05,0.7844639382100618,1.563023567199707,1.6550548076629639,0.0,0.7850233482385118,0.02567770056528588,0.000575829858649267,0.00010994076728820801,5.6856427029878464e-05,1.0,0,1.0,1.517622709274292,0.1812004530011325,596152.9560801294,37.50424736663269,0.0,,1.562659740447998,0.00021600723266601562,4.3768115942028984,0.00028128094143337675,4.6479824440954225,64.0,0.0,708.9021561541742,1080.231856996837,64.0,35256.0,0.96484375,1.0,sustained_overload,contiguous
1779703890.3456,1225,64,35384,58792,4.813382811619249e-05,0.8150271959775034,1.6188580989837646,1.7147109508514404,0.0,0.8155579941665814,0.02567770056528588,0.000575829858649267,0.00010994076728820801,5.6520165622902255e-05,1.0,0,1.0,1.5770423412322998,0.18087271082975356,595493.4225275255,37.57220523275569,0.0,,1.6220793724060059,0.00021600723266601562,4.3768115942028984,0.00028128094143337675,4.6479824440954225,64.0,0.0,690.0076397136712,1077.0850961384137,64.0,35320.0,0.9660560344827587,1.0,sustained_overload,contiguous
1779703890.4030626,1265,64,35448,58728,4.8955656168914174e-05,0.8440929537218604,1.6738665103912354,1.7721281051635742,0.0,0.844661890302182,0.02567770056528588,0.000575829858649267,0.00010994076728820801,5.623405362166619e-05,1.0,0,1.0,1.634505033493042,0.18054615211013314,616887.2116042088,37.640163098878695,0.0,,1.679542064666748,0.00021600723266601562,4.3768115942028984,0.00028128094143337675,4.6479824440954225,64.0,0.0,696.1038271318087,1113.766123410894,64.0,35384.0,0.9671875,1.0,sustained_overload,contiguous
1779703890.460822,1309,64,35512,58664,4.502251563565096e-05,0.8709197380780829,1.7257030010223389,1.8298020362854004,0.0,0.8715321750268232,0.02567770056528588,0.000575829858649267,0.00010994076728820801,5.583283567929755e-05,1.0,0,1.0,1.6922645568847656,0.18022077044379364,614825.0178443909,37.708120965001704,0.0,,1.7373015880584717,0.00021600723266601562,4.3768115942028984,0.00028128094143337675,4.6479824440954225,64.0,0.0,761.7791390277428,1108.0423840403532,64.0,35448.0,0.9682459677419355,1.0,sustained_overload,contiguous
1779703890.521177,1353,64,35576,58600,5.378390628152374e-05,0.900327940308195,1.7826480865478516,1.8901188373565674,0.0,0.9009570398303938,0.02567770056528588,0.000575829858649267,0.00010994076728820801,5.5758252749983835e-05,1.0,0,1.0,1.7526195049285889,0.17989655947829997,589446.286560773,37.77607883112471,0.0,,1.797656536102295,0.00021600723266601562,4.3768115942028984,0.00028128094143337675,4.6479824440954225,64.0,0.0,729.0205927781092,1060.3935894954316,64.0,35512.0,0.96923828125,1.0,sustained_overload,contiguous
1779703890.5820556,1400,64,35640,58536,6.023510934483056e-05,0.928454127671034,1.8407378196716309,1.9509832859039307,0.0,0.9290904284980293,0.02567770056528588,0.000575829858649267,0.00010994076728820801,5.5916038859519055e-05,1.0,0,1.0,1.8134980201721191,0.17957351290684626,585428.206608366,37.84403669724771,0.0,,1.8585350513458252,0.00021600723266601562,4.3768115942028984,0.00028128094143337675,4.6479824440954225,64.0,0.0,772.0293409257351,1051.2739961541927,64.0,35576.0,0.9701704545454546,1.0,sustained_overload,contiguous
1779703890.6388416,1440,64,35704,58472,4.633637499296128e-05,0.9571860359744055,1.8949337005615234,2.007783889770508,0.0,0.9578173141643376,0.02567770056528588,0.000575829858649267,0.00010994076728820801,5.5605747689331984e-05,1.0,0,1.0,1.870284080505371,0.17925162446784673,628745.8540083467,37.91199456337071,0.0,,1.9153211116790771,0.00021600723266601562,4.3768115942028984,0.00028128094143337675,4.6479824440954225,64.0,0.0,704.3982231776234,1127.0371570841976,64.0,35640.0,0.9710477941176471,1.0,sustained_overload,contiguous
1779703890.6956964,1482,64,35768,58408,4.308110933948228e-05,0.9847296733181576,1.9490442276000977,2.064607858657837,0.0,0.9853904463470557,0.02567770056528588,0.000575829858649267,0.00010994076728820801,5.5214199238469503e-05,1.0,0,1.0,1.9271388053894043,0.1789308879445314,629112.1814933785,37.979952429493714,0.0,,1.9721758365631104,0.00021600723266601562,4.3768115942028984,0.00028128094143337675,4.6479824440954225,64.0,0.0,738.7248832118624,1125.6760125133142,64.0,35704.0,0.971875,1.0,sustained_overload,contiguous
1779703890.7626104,1529,64,35832,58344,7.214645316366841e-05,1.0186413833115728,2.0120925903320312,2.131437301635742,0.0,1.0193590896108773,0.02567770056528588,0.000575829858649267,0.00010994076728820801,5.5733538645829644e-05,1.0,0,1.0,1.9940528869628906,0.17861129716454566,535492.6669754648,38.04791029561672,0.0,,2.0390899181365967,0.00021600723266601562,4.3768115942028984,0.00028128094143337675,4.6479824440954225,64.0,0.0,702.3932615496441,956.4503987058982,64.0,35768.0,0.97265625,1.0,sustained_overload,contiguous
1779703890.860224,1588,64,35896,58280,0.00018584704692159448,1.0735691963083267,2.105525255203247,2.2285242080688477,0.0,1.0746651328808567,0.02567770056528588,0.000575829858649267,0.00010994076728820801,5.956975198252008e-05,1.0,0,1.0,2.0916664600372314,0.17829284599955428,367735.7448298939,38.11586816173972,0.0,,2.1367034912109375,0.00021600723266601562,4.3768115942028984,0.00028128094143337675,4.6479824440954225,64.0,0.0,604.4241404324644,655.6465252148766,64.0,35832.0,0.9733952702702703,1.0,sustained_overload,contiguous
1779703890.9326968,1637,64,35960,58216,0.00012028679684306098,1.1115257763723183,2.175912618637085,2.301400661468506,0.0,1.1123259874812343,0.02567770056528588,0.000575829858649267,0.00010994076728820801,6.131187271931115e-05,1.0,0,1.0,2.1641392707824707,0.17797552836484984,496186.081790159,38.18382602786273,0.0,,2.2091763019561768,0.00021600723266601562,4.3768115942028984,0.00028128094143337675,4.6479824440954225,64.0,0.0,676.1156286907061,883.0898007388814,64.0,35896.0,0.9740953947368421,1.0,sustained_overload,contiguous
1779703890.9919155,1678,64,36024,58152,6.122157815013907e-05,1.1416326932128262,2.232818126678467,2.360682725906372,0.0,1.142364739282413,0.02567770056528588,0.000575829858649267,0.00010994076728820801,6.13079303157599e-05,1.0,0,1.0,2.223357915878296,0.17765933821896512,608321.9219505518,38.25178389398573,0.0,,2.268394947052002,0.00021600723266601562,4.3768115942028984,0.00028128094143337675,4.6479824440954225,64.0,0.0,692.34951143606,1080.74070077824,64.0,35960.0,0.9747596153846154,1.0,sustained_overload,contiguous
1779703891.0514762,1719,64,36088,58088,5.3907343783521355e-05,1.1719319286889263,2.2890608310699463,2.420236349105835,0.0,1.172689861085798,0.02567770056528588,0.000575829858649267,0.00010994076728820801,6.110758553159544e-05,1.0,0,1.0,2.282918691635132,0.17734426956328972,605902.1149646139,38.319741760108734,0.0,,2.327955722808838,0.00021600723266601562,4.3768115942028984,0.00028128094143337675,4.6479824440954225,64.0,0.0,688.3724981586448,1074.5326800525186,64.0,36024.0,0.975390625,1.0,sustained_overload,contiguous
1779703891.1107507,1761,64,36152,58024,5.273003125694231e-05,1.2013300666372284,2.3457818031311035,2.4795193672180176,0.0,1.2020878204212584,0.02567770056528588,0.000575829858649267,0.00010994076728820801,6.0886709767034526e-05,1.0,0,1.0,2.342193126678467,0.17703031644169065,609908.8076262494,38.387699626231736,0.0,,2.387230157852173,0.00021600723266601562,4.3768115942028984,0.00028128094143337675,4.6479824440954225,64.0,0.0,708.568541721135,1079.7234921464915,64.0,36088.0,0.9759908536585366,1.0,sustained_overload,contiguous
1779703891.1668165,1799,64,36216,57960,3.917071870773725e-05,1.2302013993517966,2.399543046951294,2.5355660915374756,0.0,1.2309616237369359,0.02567770056528588,0.000575829858649267,0.00010994076728820801,6.032858017274086e-05,1.0,0,1.0,2.398258924484253,0.17671747294013695,645955.3135309601,38.45565749235474,0.0,,2.443295955657959,0.00021600723266601562,4.3768115942028984,0.00028128094143337675,4.6479824440954225,64.0,0.0,677.7750694217056,1141.5159063944513,64.0,36152.0,0.9765625,1.0,sustained_overload,contiguous
1779703891.2247093,1838,64,36280,57896,4.71175469130003e-05,1.2600976124538419,2.454650402069092,2.5933871269226074,0.0,1.2608981372048753,0.02567770056528588,0.000575829858649267,0.00010994076728820801,5.999723354273999e-05,1.0,0,1.0,2.4561517238616943,0.17640573318632857,626675.5173379458,38.52361535847774,0.0,,2.5011887550354004,0.00021600723266601562,4.3768115942028984,0.00028128094143337675,4.6479824440954225,64.0,0.0,673.6589078329627,1105.491541059221,64.0,36216.0,0.9771075581395349,1.0,sustained_overload,contiguous
1779703891.283797,1884,64,36344,57832,4.2665312520284715e-05,1.286629615660888,2.5093843936920166,2.652451515197754,0.0,1.2874425935331022,0.02567770056528588,0.000575829858649267,0.00010994076728820801,5.9573785949269906e-05,1.0,0,1.0,2.5152394771575928,0.17609509134932863,615085.1567836276,38.591573224600744,0.0,,2.560276508331299,0.00021600723266601562,4.3768115942028984,0.00028128094143337675,4.6479824440954225,64.0,0.0,778.5031150133962,1083.1347687142904,64.0,36280.0,0.9776278409090909,1.0,sustained_overload,contiguous
1779703891.3449466,1927,64,36408,57768,5.198392192085066e-05,1.3171170606613158,2.566704511642456,2.7134909629821777,0.0,1.3180265074968338,0.02567770056528588,0.000575829858649267,0.00010994076728820801,5.939060225159945e-05,1.0,0,1.0,2.5763890743255615,0.17578554163920018,595392.3114160948,38.65953109072375,0.0,,2.6214261054992676,0.00021600723266601562,4.3768115942028984,0.00028128094143337675,4.6479824440954225,64.0,0.0,703.1935121646912,1046.6135995009358,64.0,36344.0,0.978125,1.0,sustained_overload,contiguous
1779703891.4036632,1969,64,36472,57704,4.77555000202301e-05,1.3461099454401522,2.6232833862304688,2.7722864151000977,0.0,1.3469626270708912,0.02567770056528588,0.000575829858649267,0.00010994076728820801,5.912201194581959e-05,1.0,0,1.0,2.635105609893799,0.17547707830664622,621153.8137772814,38.727488956846756,0.0,,2.680142641067505,0.00021600723266601562,4.3768115942028984,0.00028128094143337675,4.6479824440954225,64.0,0.0,715.3010577606334,1089.9825642066796,64.0,36408.0,0.9786005434782609,1.0,sustained_overload,contiguous
1779703891.4620092,2009,64,36536,57640,4.550748437281982e-05,1.3758904819415236,2.6789348125457764,2.8305342197418213,0.0,1.3767718381313723,0.02567770056528588,0.000575829858649267,0.00010994076728820801,5.8811462638443e-05,1.0,0,1.0,2.6934516429901123,0.17516969564265383,626195.0994969782,38.79544682296976,0.0,,2.7384886741638184,0.00021600723266601562,4.3768115942028984,0.00028128094143337675,4.6479824440954225,64.0,0.0,685.5650311987937,1096.9040499180699,64.0,36472.0,0.9790558510638298,1.0,sustained_overload,contiguous
1779703891.5231137,2054,64,36600,57576,5.3077484380992246e-05,1.4050911136451438,2.736654758453369,2.8915956020355225,0.0,1.406010675833827,0.02567770056528588,0.000575829858649267,0.00010994076728820801,5.868227728556683e-05,1.0,0,1.0,2.754556179046631,0.17486338797814208,598973.5355513849,38.86340468909276,0.0,,2.799593210220337,0.00021600723266601562,4.3768115942028984,0.00028128094143337675,4.6479824440954225,64.0,0.0,736.4428715795717,1047.385417357613,64.0,36536.0,0.9794921875,1.0,sustained_overload,contiguous
1779703891.5830925,2100,64,36664,57512,5.782214057603596e-05,1.4325129011507907,2.7941508293151855,2.951416254043579,0.0,1.4335836123279093,0.02567770056528588,0.000575829858649267,0.00010994076728820801,5.866279180316796e-05,1.0,0,1.0,2.814534902572632,0.17455814968361336,611283.4326009961,38.93136255521576,0.0,,2.859571933746338,0.00021600723266601562,4.3768115942028984,0.00028128094143337675,4.6479824440954225,64.0,0.0,766.9386291633707,1067.0450492707766,64.0,36600.0,0.9799107142857143,1.0,sustained_overload,contiguous
1779703891.6467369,2147,64,36728,57448,5.901329684832035e-05,1.4631225085473276,2.8532633781433105,3.0151474475860596,0.0,1.46407779605539,0.02567770056528588,0.000575829858649267,0.00010994076728820801,5.8670183658420915e-05,1.0,0,1.0,2.8781793117523193,0.17425397516880856,577081.3253416447,38.999320421338766,0.0,,2.9232163429260254,0.00021600723266601562,4.3768115942028984,0.00028128094143337675,4.6479824440954225,64.0,0.0,738.4780628146727,1005.5871493646607,64.0,36664.0,0.9803125,1.0,sustained_overload,contiguous
1779703891.7084153,2188,64,36792,57384,5.385912500344148e-05,1.4956313572537314,2.9112703800201416,3.0767393112182617,0.0,1.4965844651019347,0.02567770056528588,0.000575829858649267,0.00010994076728820801,5.856937953286081e-05,1.0,0,1.0,2.9398577213287354,0.17395085888236572,596513.435619912,39.067278287461775,0.0,,2.9848947525024414,0.00021600723266601562,4.3768115942028984,0.00028128094143337675,4.6479824440954225,64.0,0.0,664.7382817029896,1037.6402446095447,64.0,36728.0,0.9806985294117647,1.0,sustained_overload,contiguous
1779703891.7747269,2236,64,36856,57320,6.861209378428157e-05,1.5281285237006266,2.974921464920044,3.1431236267089844,0.0,1.5291056115682014,0.02567770056528588,0.000575829858649267,0.00010994076728820801,5.8773686706999615e-05,1.0,0,1.0,3.006169319152832,0.17364879531148253,555800.2100592887,39.13523615358478,0.0,,3.051206350326538,0.00021600723266601562,4.3768115942028984,0.00028128094143337675,4.6479824440954225,64.0,0.0,723.855276829983,965.140369106644,64.0,36792.0,0.9810697115384616,1.0,sustained_overload,contiguous
1779703891.8329837,2278,64,36920,57256,4.7626125038391365e-05,1.5567809065977394,3.029906749725342,3.201416492462158,0.0,1.557744703410484,0.02567770056528588,0.000575829858649267,0.00010994076728820801,5.855148654512104e-05,1.0,0,1.0,3.0644261837005615,0.1733477789815818,633745.0579708365,39.20319401970778,0.0,,3.1094632148742676,0.00021600723266601562,4.3768115942028984,0.00028128094143337675,4.6479824440954225,64.0,0.0,720.9450821986765,1098.5829823979832,64.0,36856.0,0.9814268867924528,1.0,sustained_overload,contiguous
1779703891.897763,2323,64,36984,57192,7.239315621632159e-05,1.5892402273983708,3.0913002490997314,3.2656774520874023,0.0,1.590368030564813,0.02567770056528588,0.000575829858649267,0.00010994076728820801,5.8824138962197914e-05,1.0,0,1.0,3.1292054653167725,0.17304780445598097,570923.2809822453,39.27115188583078,0.0,,3.1742424964904785,0.00021600723266601562,4.3768115942028984,0.00028128094143337675,4.6479824440954225,64.0,0.0,694.6665488914407,987.9702028678267,64.0,36920.0,0.9817708333333334,1.0,sustained_overload,contiguous
1779703891.9652486,2369,64,37048,57128,8.116392183410426e-05,1.624542888025101,3.155073642730713,3.3335695266723633,0.0,1.6255781483591627,0.02567770056528588,0.000575829858649267,0.00010994076728820801,5.9254675903745725e-05,1.0,0,1.0,3.1966910362243652,0.1727488663355647,548976.6108777446,39.339109751953785,0.0,,3.2417280673980713,0.00021600723266601562,4.3768115942028984,0.00028128094143337675,4.6479824440954225,64.0,0.0,681.6271890621964,948.3508717387081,64.0,36984.0,0.9821022727272727,1.0,sustained_overload,contiguous
1779703892.0279522,2415,64,37112,57064,5.256617183135859e-05,1.654843787000877,3.2151308059692383,3.396336555480957,0.0,1.6558319639737966,0.02567770056528588,0.000575829858649267,0.00010994076728820801,5.912822466448358e-05,1.0,0,1.0,3.259394645690918,0.17245095925846088,591863.8546604917,39.40706761807679,0.0,,3.304431676864624,0.00021600723266601562,4.3768115942028984,0.00028128094143337675,4.6479824440954225,64.0,0.0,733.6100806850242,1020.6748948661207,64.0,37048.0,0.982421875,1.0,sustained_overload,contiguous
1779703892.0854602,2456,64,37176,57000,3.8371437383943885e-05,1.6833892031685078,3.2698471546173096,3.453864812850952,0.0,1.6843706867637347,0.02567770056528588,0.000575829858649267,0.00010994076728820801,5.8743162308587506e-05,1.0,0,1.0,3.3169026374816895,0.17215407789972026,646449.2819581602,39.4750254841998,0.0,,3.3619396686553955,0.00021600723266601562,4.3768115942028984,0.00028128094143337675,4.6479824440954225,64.0,0.0,712.9443877847151,1112.8888004444334,64.0,37112.0,0.9827302631578947,1.0,sustained_overload,contiguous
1779703892.1460757,2501,64,37240,56936,4.399559374235196e-05,1.7122874763832596,3.327655792236328,3.5144526958465576,0.0,1.713283601062837,0.02567770056528588,0.000575829858649267,0.00010994076728820801,5.8474498696858436e-05,1.0,0,1.0,3.3775181770324707,0.17185821697099893,614363.9118942731,39.5429833503228,0.0,,3.4225552082061768,0.00021600723266601562,4.3768115942028984,0.00028128094143337675,4.6479824440954225,64.0,0.0,742.3838892385148,1055.8348646947766,64.0,37176.0,0.9830280172413793,1.0,sustained_overload,contiguous
1779703892.2076874,2545,64,37304,56872,6.100554685417592e-05,1.7428195348124726,3.3866147994995117,3.5760228633880615,0.0,1.743857635078401,0.02567770056528588,0.000575829858649267,0.00010994076728820801,5.851972221373432e-05,1.0,0,1.0,3.4391298294067383,0.17156337122024448,605469.8837387488,39.6109412164458,0.0,,3.4841668605804443,0.00021600723266601562,4.3768115942028984,0.00028128094143337675,4.6479824440954225,64.0,0.0,714.150624182526,1038.7645442654923,64.0,37240.0,0.9833156779661016,1.0,sustained_overload,contiguous
1779703892.2728853,2591,64,37368,56808,6.0971859312530796e-05,1.7754645620559428,3.44771146774292,3.6411221027374268,0.0,1.7765592927331324,0.02567770056528588,0.000575829858649267,0.00010994076728820801,5.85625060359623e-05,1.0,0,1.0,3.5043277740478516,0.17126953543138515,573146.9021867915,39.678899082568805,0.0,,3.5493648052215576,0.00021600723266601562,4.3768115942028984,0.00028128094143337675,4.6479824440954225,64.0,0.0,705.5437138886857,981.6260367146932,64.0,37304.0,0.98359375,1.0,sustained_overload,contiguous
1779703892.3342934,2631,64,37432,56744,5.325123434829493e-05,1.8084536856095466,3.505608558654785,3.7024986743927,0.0,1.809516627054948,0.02567770056528588,0.000575829858649267,0.00010994076728820801,5.847028705089836e-05,1.0,0,1.0,3.5657358169555664,0.1709767044240222,609561.8460965041,39.746856948691814,0.0,,3.6107728481292725,0.00021600723266601562,4.3768115942028984,0.00028128094143337675,4.6479824440954225,64.0,0.0,651.3804724262708,1042.2087558820333,64.0,37368.0,0.9838627049180327,1.0,sustained_overload,contiguous
1779703892.39626,2672,64,37496,56680,6.293857806838332e-05,1.8411867759266838,3.5649635791778564,3.764356851577759,0.0,1.842374087595983,0.02567770056528588,0.000575829858649267,0.00010994076728820801,5.8544313755896244e-05,1.0,0,1.0,3.627702474594116,0.17068487305312569,605099.6040275944,39.81481481481482,0.0,,3.6727395057678223,0.00021600723266601562,4.3768115942028984,0.00028128094143337675,4.6479824440954225,64.0,0.0,661.6461426587202,1032.8134909794658,64.0,37432.0,0.9841229838709677,1.0,sustained_overload,contiguous
1779703892.4587755,2714,64,37560,56616,6.478212497995628e-05,1.8738047865329355,3.624865770339966,3.8268418312072754,0.0,1.8749928192122247,0.02567770056528588,0.000575829858649267,0.00010994076728820801,5.8649190025610726e-05,1.0,0,1.0,3.690217971801758,0.1703940362087327,600811.0257084997,39.88277268093782,0.0,,3.735255002975464,0.00021600723266601562,4.3768115942028984,0.00028128094143337675,4.6479824440954225,64.0,0.0,671.8334153289933,1023.7461566917993,64.0,37496.0,0.984375,1.0,sustained_overload,contiguous
1779703892.532594,2767,64,37624,56552,0.00010130093752991343,1.910100471889469,3.6946403980255127,3.900702714920044,0.0,1.9112777186951166,0.02567770056528588,0.000575829858649267,0.00010994076728820801,5.9350030371589886e-05,1.0,0,1.0,3.7640364170074463,0.17010418881564957,509682.9104861813,39.95073054706082,0.0,,3.8090734481811523,0.00021600723266601562,4.3768115942028984,0.00028128094143337675,4.6479824440954225,64.0,0.0,717.9777337807678,866.9919804145121,64.0,37560.0,0.984619140625,1.0,sustained_overload,contiguous
1779703892.5965133,2811,64,37688,56488,7.487798444572036e-05,1.942622659523841,3.7560276985168457,3.964482069015503,0.0,1.9437871343054487,0.02567770056528588,0.000575829858649267,0.00010994076728820801,5.9600992933192765e-05,1.0,0,1.0,3.827955722808838,0.16981532583315645,589618.4185276225,40.01868841318383,0.0,,3.872992753982544,0.00021600723266601562,4.3768115942028984,0.00028128094143337675,4.6479824440954225,64.0,0.0,688.367926534053,1001.2624385949862,64.0,37624.0,0.9848557692307692,1.0,sustained_overload,contiguous
1779703892.6605248,2859,64,37752,56424,6.504359379277957e-05,1.9726358182108257,3.8172359466552734,4.028427600860596,0.0,1.9739551564518458,0.02567770056528588,0.000575829858649267,0.00010994076728820801,5.968710572196358e-05,1.0,0,1.0,3.891967296600342,0.169527442254715,589768.3460019964,40.086646279306834,0.0,,3.937004327774048,0.00021600723266601562,4.3768115942028984,0.00028128094143337675,4.6479824440954225,64.0,0.0,749.8643941538415,999.8191922051221,64.0,37688.0,0.9850852272727273,1.0,sustained_overload,contiguous
1779703892.7237742,2905,64,37816,56360,5.2177687450694066e-05,2.003475777569675,3.8781964778900146,4.091806173324585,0.0,2.004700048166766,0.02567770056528588,0.000575829858649267,0.00010994076728820801,5.9570218133934005e-05,1.0,0,1.0,3.955216646194458,0.16924053310767928,597887.5710607757,40.154604145429836,0.0,,4.000253677368164,0.00021600723266601562,4.3768115942028984,0.00028128094143337675,4.6479824440954225,64.0,0.0,727.2802059656146,1011.8681126478116,64.0,37752.0,0.9853078358208955,1.0,sustained_overload,contiguous
1779703892.7899766,2954,64,37880,56296,6.539701558949673e-05,2.0336828327115946,3.938100576400757,4.156533241271973,0.0,2.035735669607056,0.02567770056528588,0.000575829858649267,0.00010994076728820801,5.966042174326497e-05,1.0,0,1.0,4.021419048309326,0.1689545934530095,572184.6759317615,40.22256201155284,0.0,,4.066456079483032,0.00021600723266601562,4.3768115942028984,0.00028128094143337675,4.6479824440954225,64.0,0.0,740.1544118441476,966.7322930209275,64.0,37816.0,0.9855238970588235,1.0,sustained_overload,contiguous
1779703892.861228,3000,64,37944,56232,0.0001613164374560938,2.073508232453728,4.00796914100647,4.2290802001953125,0.0,2.0748137545593393,0.02567770056528588,0.000575829858649267,0.00010994076728820801,6.120122217579931e-05,1.0,0,1.0,4.092670440673828,0.1686696183849884,532536.9616061569,40.29051987767584,0.0,,4.137707471847534,0.00021600723266601562,4.3768115942028984,0.00028128094143337675,4.6479824440954225,64.0,0.0,645.6014187719592,898.2280609001172,64.0,37880.0,0.985733695652174,1.0,sustained_overload,contiguous
1779703892.9247875,3043,64,38008,56168,5.544284381642228e-05,2.1065763750798587,4.069012880325317,4.29267692565918,0.0,2.107916794860776,0.02567770056528588,0.000575829858649267,0.00010994076728820801,6.111472623339727e-05,1.0,0,1.0,4.1562299728393555,0.16838560303094086,597990.5563341186,40.358477743798844,0.0,,4.2012670040130615,0.00021600723266601562,4.3768115942028984,0.00028128094143337675,4.6479824440954225,64.0,0.0,676.5310966735187,1006.9300043512836,64.0,37944.0,0.9859375,1.0,sustained_overload,contiguous
1779703892.9844637,3085,64,38072,56104,4.787404682815577e-05,2.1365021384162493,4.1260666847229,4.352397680282593,0.0,2.137758906314915,0.02567770056528588,0.000575829858649267,0.00010994076728820801,6.091982763414228e-05,1.0,0,1.0,4.215906143188477,0.16810254255095608,637976.5956372353,40.426435609921846,0.0,,4.260943174362183,0.00021600723266601562,4.3768115942028984,0.00028128094143337675,4.6479824440954225,64.0,0.0,703.7985137834598,1072.4548781462245,64.0,38008.0,0.9861355633802817,1.0,sustained_overload,contiguous
1779703893.0469453,3128,64,38136,56040,5.4163531217454874e-05,2.168223182769985,4.184261322021484,4.414667844772339,0.0,2.169644369031816,0.02567770056528588,0.000575829858649267,0.00010994076728820801,6.082195113412156e-05,1.0,0,1.0,4.278387784957886,0.16782043213761275,610355.280687763,40.494393476044856,0.0,,4.323424816131592,0.00021600723266601562,4.3768115942028984,0.00028128094143337675,4.6479824440954225,64.0,0.0,688.2021467792588,1024.3008696249433,64.0,38072.0,0.986328125,1.0,sustained_overload,contiguous
1779703893.1120877,3174,64,38200,55976,5.835006250265451e-05,2.2009128922126755,4.24585223197937,4.480005979537964,0.0,2.202194480261584,0.02567770056528588,0.000575829858649267,0.00010994076728820801,6.078649845153157e-05,1.0,0,1.0,4.343530178070068,0.1675392670157068,586407.6859168384,40.56235134216786,0.0,,4.388567209243774,0.00021600723266601562,4.3768115942028984,0.00028128094143337675,4.6479824440954225,64.0,0.0,706.1453809469782,982.4631387088392,64.0,38136.0,0.9865154109589042,1.0,sustained_overload,contiguous
1779703893.1814651,3222,64,38264,55912,8.180359378684443e-05,2.235926570516074,4.312348127365112,4.549137592315674,0.0,2.237363157431526,0.02567770056528588,0.000575829858649267,0.00010994076728820801,6.10828807590133e-05,1.0,0,1.0,4.412907600402832,0.167259042441982,551533.8955153098,40.63030920829086,0.0,,4.457944631576538,0.00021600723266601562,4.3768115942028984,0.00028128094143337675,4.6479824440954225,64.0,0.0,691.8677342864016,922.4903123818688,64.0,38200.0,0.9866976351351351,1.0,sustained_overload,contiguous
1779703893.247043,3272,64,38328,55848,5.599415624146786e-05,2.2662357689553847,4.3720879554748535,4.614818096160889,0.0,2.2676182699844976,0.02567770056528588,0.000575829858649267,0.00010994076728820801,6.101110827910312e-05,1.0,0,1.0,4.478485345840454,0.1669797537048633,584466.5708499816,40.69826707441386,0.0,,4.52352237701416,0.00021600723266601562,4.3768115942028984,0.00028128094143337675,4.6479824440954225,64.0,0.0,762.4537816348122,975.9408404925596,64.0,38264.0,0.986875,1.0,sustained_overload,contiguous
1779703893.3125668,3318,64,38392,55784,6.18590937335739e-05,2.299220760745378,4.435292959213257,4.6803998947143555,0.0,2.3005381268197826,0.02567770056528588,0.000575829858649267,0.00010994076728820801,6.102280418873229e-05,1.0,0,1.0,4.544009208679199,0.16670139612419255,585923.9418543301,40.766224940536866,0.0,,4.589046239852905,0.00021600723266601562,4.3768115942028984,0.00028128094143337675,4.6479824440954225,64.0,0.0,702.0343124947694,976.7433912970705,64.0,38328.0,0.987047697368421,1.0,sustained_overload,contiguous
1779703893.3756983,3364,64,38456,55720,5.786353129622057e-05,2.3294527253197277,4.495623588562012,4.743175029754639,0.0,2.3308915903931062,0.02567770056528588,0.000575829858649267,0.00010994076728820801,6.097985289117798e-05,1.0,0,1.0,4.607140779495239,0.16642396505096732,609140.5536551193,40.83418280665987,0.0,,4.652177810668945,0.00021600723266601562,4.3768115942028984,0.00028128094143337675,4.6479824440954225,64.0,0.0,728.6370259032527,1013.7558621262647,64.0,38392.0,0.9872159090909091,1.0,sustained_overload,contiguous
1779703893.4460728,3414,64,38520,55656,7.309006250011407e-05,2.364523824662235,4.5621888637542725,4.813628435134888,0.0,2.3659925492951,0.02567770056528588,0.000575829858649267,0.00010994076728820801,6.114124058936015e-05,1.0,0,1.0,4.677515268325806,0.16614745586708204,547357.4393235131,40.90214067278288,0.0,,4.722552299499512,0.00021600723266601562,4.3768115942028984,0.00028128094143337675,4.6479824440954225,64.0,0.0,710.4847343243939,909.4204599352242,64.0,38456.0,0.9873798076923077,1.0,sustained_overload,contiguous
1779703893.5080805,3456,64,38584,55592,5.2152078140466074e-05,2.3969554223498126,4.621868133544922,4.875867128372192,0.0,2.39832272053981,0.02567770056528588,0.000575829858649267,0.00010994076728820801,6.1022541522637434e-05,1.0,0,1.0,4.739522933959961,0.16587186398507153,622245.6466535168,40.97009853890588,0.0,,4.784559965133667,0.00021600723266601562,4.3768115942028984,0.00028128094143337675,4.6479824440954225,64.0,0.0,677.3356095647861,1032.1304526701501,64.0,38520.0,0.9875395569620253,1.0,sustained_overload,contiguous
1779703893.5691981,3502,64,38648,55528,4.7452187587282424e-05,2.425511712094287,4.680400133132935,4.936912775039673,0.0,2.4269237564327,0.02567770056528588,0.000575829858649267,0.00010994076728820801,6.084613952460967e-05,1.0,0,1.0,4.80064058303833,0.16559718484785757,632354.1658227552,41.03805640502888,0.0,,4.845677614212036,0.00021600723266601562,4.3768115942028984,0.00028128094143337675,4.6479824440954225,64.0,0.0,752.6467508757695,1047.1606968706358,64.0,38584.0,0.9876953125,1.0,sustained_overload,contiguous
1779703893.630709,3548,64,38712,55464,4.37595781050959e-05,2.4543439692734554,4.737682104110718,4.998197078704834,0.0,2.4558846405348507,0.02567770056528588,0.000575829858649267,0.00010994076728820801,6.0626779837443236e-05,1.0,0,1.0,4.862151384353638,0.16532341392849764,629352.88066823,41.106014271151885,0.0,,4.907188415527344,0.00021600723266601562,4.3768115942028984,0.00028128094143337675,4.6479824440954225,64.0,0.0,747.8361363592318,1040.4676679780616,64.0,38648.0,0.9878472222222222,1.0,sustained_overload,contiguous
1779703893.6923213,3594,64,38776,55400,4.666970319533448e-05,2.4836416041652742,4.796669960021973,5.059909820556641,0.0,2.4851553334115732,0.02567770056528588,0.000575829858649267,0.00010994076728820801,6.045042064211279e-05,1.0,0,1.0,4.923763751983643,0.16505054672993605,629354.1620224363,41.17397213727489,0.0,,4.968800783157349,0.00021600723266601562,4.3768115942028984,0.00028128094143337675,4.6479824440954225,64.0,0.0,746.6033487990527,1038.7524852856386,64.0,38712.0,0.9879954268292683,1.0,sustained_overload,contiguous
1779703893.7532575,3635,64,38840,55336,4.120468749135853e-05,2.5155620515796615,4.855058193206787,5.120845794677734,0.0,2.517055786736189,0.02567770056528588,0.000575829858649267,0.00010994076728820801,6.0209647589630906e-05,1.0,0,1.0,4.984699964523315,0.164778578784758,637387.8254201147,41.24193000339789,0.0,,5.0297369956970215,0.00021600723266601562,4.3768115942028984,0.00028128094143337675,4.6479824440954225,64.0,0.0,672.8347281726236,1050.2786000743392,64.0,38776.0,0.9881400602409639,1.0,sustained_overload,contiguous
1779703893.8192317,3682,64,38904,55272,6.50659844296797e-05,2.5482631869385943,4.917373895645142,5.186763525009155,0.0,2.5497818448413385,0.02567770056528588,0.000575829858649267,0.00010994076728820801,6.026925205751415e-05,1.0,0,1.0,5.050674200057983,0.16450750565494549,589684.7410919499,41.30988786952089,0.0,,5.0957112312316895,0.00021600723266601562,4.3768115942028984,0.00028128094143337675,4.6479824440954225,64.0,0.0,712.3993119299209,970.0756587981901,64.0,38840.0,0.98828125,1.0,sustained_overload,contiguous
1779703893.893606,3732,64,38968,55208,8.750239065591359e-05,2.5871097080967584,4.98784327507019,5.261021614074707,0.0,2.588683247409575,0.02567770056528588,0.000575829858649267,0.00010994076728820801,6.060173066343582e-05,1.0,0,1.0,5.125048398971558,0.1642373229316362,523945.13916421967,41.3778457356439,0.0,,5.170085430145264,0.00021600723266601562,4.3768115942028984,0.00028128094143337675,4.6479824440954225,64.0,0.0,672.2761485888674,860.5134701937502,64.0,38904.0,0.9884191176470588,1.0,sustained_overload,contiguous
1779703893.9638672,3781,64,39032,55144,7.10422344241124e-05,2.621045349914915,5.05358624458313,5.329594612121582,0.0,2.6238575609595154,0.02567770056528588,0.000575829858649267,0.00010994076728820801,6.072752371582144e-05,1.0,0,1.0,5.195309638977051,0.1639680262348842,555526.7740357044,41.445803601766904,0.0,,5.240346670150757,0.00021600723266601562,4.3768115942028984,0.00028128094143337675,4.6479824440954225,64.0,0.0,697.3973131725128,910.8862865926698,64.0,38968.0,0.9885537790697675,1.0,sustained_overload,contiguous
1779703894.0295613,3826,64,39096,55080,6.737812499579832e-05,2.6563627102277803,5.1184327602386475,5.396832704544067,0.0,2.6580804058391947,0.02567770056528588,0.000575829858649267,0.00010994076728820801,6.080641007017716e-05,1.0,0,1.0,5.261003732681274,0.16369961121342336,595121.9934020708,41.51376146788991,0.0,,5.3060407638549805,0.00021600723266601562,4.3768115942028984,0.00028128094143337675,4.6479824440954225,64.0,0.0,684.9930863283504,974.212389444765,64.0,39032.0,0.9886853448275862,1.0,sustained_overload,contiguous
1779703894.0932643,3865,64,39160,55016,4.792556241284274e-05,2.692464518086931,5.179558038711548,5.4607343673706055,0.0,2.694034884943461,0.02567770056528588,0.000575829858649267,0.00010994076728820801,6.0654714398462756e-05,1.0,0,1.0,5.324706792831421,0.1634320735444331,614727.1403869905,41.58171933401291,0.0,,5.369743824005127,0.00021600723266601562,4.3768115942028984,0.00028128094143337675,4.6479824440954225,64.0,0.0,612.2154871065534,1004.6613121748568,64.0,39096.0,0.9888139204545454,1.0,sustained_overload,contiguous
1779703894.1573524,3909,64,39224,54952,5.56668906313007e-05,2.7252859506458567,5.239766359329224,5.524848699569702,0.0,2.7268283254593717,0.02567770056528588,0.000575829858649267,0.00010994076728820801,6.05966199777126e-05,1.0,0,1.0,5.388794898986816,0.16316540893330614,612032.4402299065,41.64967720013591,0.0,,5.4338319301605225,0.00021600723266601562,4.3768115942028984,0.00028128094143337675,4.6479824440954225,64.0,0.0,686.5548483101132,998.6252339056193,64.0,39160.0,0.988939606741573,1.0,sustained_overload,contiguous
1779703894.2223382,3952,64,39288,54888,5.746368748305031e-05,2.759604891072149,5.303147315979004,5.589813470840454,0.0,2.7611597465136035,0.02567770056528588,0.000575829858649267,0.00010994076728820801,6.0560605590228636e-05,1.0,0,1.0,5.453780651092529,0.16289961311341886,604563.28852038,41.71763506625892,0.0,,5.498817682266235,0.00021600723266601562,4.3768115942028984,0.00028128094143337675,4.6479824440954225,64.0,0.0,661.6835014858568,984.8312580254614,64.0,39224.0,0.9890625,1.0,sustained_overload,contiguous
1779703894.2888522,3998,64,39352,54824,5.374937495616905e-05,2.7931284526149343,5.367129325866699,5.6561033725738525,0.0,2.7947819727815886,0.02567770056528588,0.000575829858649267,0.00010994076728820801,6.048322868569765e-05,1.0,0,1.0,5.520294666290283,0.16263468184590363,591634.7086099362,41.785592932381924,0.0,,5.565331697463989,0.00021600723266601562,4.3768115942028984,0.00028128094143337675,4.6479824440954225,64.0,0.0,691.5835687146032,962.2032260377088,64.0,39288.0,0.9891826923076923,1.0,sustained_overload,contiguous
1779703894.3521943,4041,64,39416,54760,5.2107093779341085e-05,2.8258080952481617,5.427942991256714,5.719445705413818,0.0,2.827488160040637,0.02567770056528588,0.000575829858649267,0.00010994076728820801,6.0389700756345076e-05,1.0,0,1.0,5.58363676071167,0.1623706109194236,622271.8140291182,41.853550798504926,0.0,,5.628673791885376,0.00021600723266601562,4.3768115942028984,0.00028128094143337675,4.6479824440954225,64.0,0.0,678.8534606061519,1010.3865460184586,64.0,39352.0,0.9893002717391305,1.0,sustained_overload,contiguous
1779703894.4151037,4085,64,39480,54696,4.5234343815536704e-05,2.857421824197003,5.488313674926758,5.782405138015747,0.0,2.85906566984095,0.02567770056528588,0.000575829858649267,0.00010994076728820801,6.022123968371119e-05,1.0,0,1.0,5.646546125411987,0.16210739614994932,627569.5230443302,41.92150866462793,0.0,,5.691583156585693,0.00021600723266601562,4.3768115942028984,0.00028128094143337675,4.6479824440954225,64.0,0.0,699.4189213260012,1017.3366128378199,64.0,39416.0,0.9894153225806451,1.0,sustained_overload,contiguous
1779703894.4814966,4131,64,39544,54632,6.172521877090276e-05,2.8909767927951067,5.550446510314941,5.848745822906494,0.0,2.8926647699639187,0.02567770056528588,0.000575829858649267,0.00010994076728820801,6.023767277367127e-05,1.0,0,1.0,5.712939023971558,0.16184503338053813,595605.8683673763,41.98946653075094,0.0,,5.757976055145264,0.00021600723266601562,4.3768115942028984,0.00028128094143337675,4.6479824440954225,64.0,0.0,692.8451837168549,963.9585164756242,64.0,39480.0,0.9895279255319149,1.0,sustained_overload,contiguous
1779703894.5476394,4180,64,39608,54568,5.485903126611902e-05,2.922089529911995,5.613919496536255,5.9146888256073,0.0,2.9239821832599904,0.02567770056528588,0.000575829858649267,0.00010994076728820801,6.017909876929446e-05,1.0,0,1.0,5.77908182144165,0.1615835184811149,598825.5942441686,42.05742439687394,0.0,,5.8241188526153564,0.00021600723266601562,4.3768115942028984,0.00028128094143337675,4.6479824440954225,64.0,0.0,740.8214026955227,967.6034647451726,64.0,39544.0,0.9896381578947369,1.0,sustained_overload,contiguous
1779703894.613958,4224,64,39672,54504,5.170184380176579e-05,2.956849065524965,5.677743434906006,5.980844736099243,0.0,2.9588226799857265,0.02567770056528588,0.000575829858649267,0.00010994076728820801,6.0087813117836486e-05,1.0,0,1.0,5.845400333404541,0.1613228473482557,598204.0131147541,42.12538226299694,0.0,,5.890437364578247,0.00021600723266601562,4.3768115942028984,0.00028128094143337675,4.6479824440954225,64.0,0.0,663.4648259994248,965.0397469082542,64.0,39608.0,0.98974609375,1.0,sustained_overload,contiguous
1779703894.6786854,4273,64,39736,54440,5.4195031282233685e-05,2.986856575830708,5.737962961196899,6.045661926269531,0.0,2.988729073657893,0.02567770056528588,0.000575829858649267,0.00010994076728820801,6.0025028344426004e-05,1.0,0,1.0,5.910127878189087,0.16106301590497282,613896.2961173095,42.193340129119946,0.0,,5.955164909362793,0.00021600723266601562,4.3768115942028984,0.00028128094143337675,4.6479824440954225,64.0,0.0,757.0192900580874,988.7598890554613,64.0,39672.0,0.9898518041237113,1.0,sustained_overload,contiguous
1779703894.749195,4327,64,39800,54376,6.789843750709679e-05,3.0191690136085856,5.8044798374176025,6.1162567138671875,0.0,3.020990087715062,0.02567770056528588,0.000575829858649267,0.00010994076728820801,6.010784403221114e-05,1.0,0,1.0,5.980637550354004,0.16080402010050251,564461.5664487943,42.26129799524295,0.0,,6.02567458152771,0.00021600723266601562,4.3768115942028984,0.00028128094143337675,4.6479824440954225,64.0,0.0,765.8523765888165,907.6768907719306,64.0,39736.0,0.9899553571428571,1.0,sustained_overload,contiguous
1779703894.8136766,4376,64,39864,54312,6.27922655240809e-05,3.0488427366452635,5.8663787841796875,6.180607318878174,0.0,3.0507509165545423,0.02567770056528588,0.000575829858649267,0.00010994076728820801,6.013516332309834e-05,1.0,0,1.0,6.045119047164917,0.16054585591009432,618223.8622173744,42.32925586136596,0.0,,6.090156078338623,0.00021600723266601562,4.3768115942028984,0.00028128094143337675,4.6479824440954225,64.0,0.0,759.9079181379527,992.532791037326,64.0,39800.0,0.9900568181818182,1.0,sustained_overload,contiguous
1779703894.8773804,4426,64,39928,54248,4.927965629519804e-05,3.077215511551378,5.926196575164795,6.244263410568237,0.0,3.079170251586856,0.02567770056528588,0.000575829858649267,0.00010994076728820801,6.002240404114878e-05,1.0,0,1.0,6.108822822570801,0.16028851933480265,626776.0387135891,42.39721372748896,0.0,,6.153859853744507,0.00021600723266601562,4.3768115942028984,0.00028128094143337675,4.6479824440954225,64.0,0.0,784.8828374994854,1004.6500319993413,64.0,39864.0,0.99015625,1.0,sustained_overload,contiguous
1779703894.9392219,4470,64,39992,54184,4.112995311800205e-05,3.1080113204596667,5.983234405517578,6.306173086166382,0.0,3.109921566536845,0.02567770056528588,0.000575829858649267,0.00010994076728820801,5.982954504435423e-05,1.0,0,1.0,6.170664310455322,0.16003200640128026,646685.604891627,42.46517159361196,0.0,,6.215701341629028,0.00021600723266601562,4.3768115942028984,0.00028128094143337675,4.6479824440954225,64.0,0.0,711.4964646737245,1034.9039486163265,64.0,39928.0,0.9902537128712872,1.0,sustained_overload,contiguous
1779703895.0019178,4514,64,40056,54120,4.6989296833999106e-05,3.1396708763422776,6.043499231338501,6.368963241577148,0.0,3.1414927336965377,0.02567770056528588,0.000575829858649267,0.00010994076728820801,5.969965866471646e-05,1.0,0,1.0,6.233360290527344,0.15977631316157379,638892.6364016641,42.533129459734965,0.0,,6.27839732170105,0.00021600723266601562,4.3768115942028984,0.00028128094143337675,4.6479824440954225,64.0,0.0,701.7993809085585,1020.7990995033579,64.0,39992.0,0.9903492647058824,1.0,sustained_overload,contiguous
1779703895.0665896,4559,64,40120,54056,5.046149999543559e-05,3.1723373989367114,6.105457305908203,6.433480262756348,0.0,3.174289310122607,0.02567770056528588,0.000575829858649267,0.00010994076728820801,5.960744256133913e-05,1.0,0,1.0,6.29803204536438,0.15952143569292124,620363.5590389784,42.60108732585797,0.0,,6.343069076538086,0.00021600723266601562,4.3768115942028984,0.00028128094143337675,4.6479824440954225,64.0,0.0,695.8215393009478,989.6128558946814,64.0,40056.0,0.9904429611650486,1.0,sustained_overload,contiguous
1779703895.1308186,4607,64,40184,53992,4.515376565450424e-05,3.2024982007650227,6.165578842163086,6.497514724731445,0.0,3.2045642618440153,0.02567770056528588,0.000575829858649267,0.00010994076728820801,5.946428024400538e-05,1.0,0,1.0,6.362261056900024,0.15926737009755126,625636.2824095384,42.66904519198097,0.0,,6.4072980880737305,0.00021600723266601562,4.3768115942028984,0.00028128094143337675,4.6479824440954225,64.0,0.0,747.3258400273204,996.4344533697605,64.0,40120.0,0.9905348557692307,1.0,sustained_overload,contiguous
1779703895.1954021,4653,64,40248,53928,5.598407810225581e-05,3.234572112686393,6.227488040924072,6.5620739459991455,0.0,3.23662839877217,0.02567770056528588,0.000575829858649267,0.00010994076728820801,5.943060740047601e-05,1.0,0,1.0,6.426844596862793,0.1590141125024846,623192.8448518364,42.73700305810397,0.0,,6.471881628036499,0.00021600723266601562,4.3768115942028984,0.00028128094143337675,4.6479824440954225,64.0,0.0,712.2557857082209,990.9645714201334,64.0,40184.0,0.990625,1.0,sustained_overload,contiguous
1779703895.2630835,4703,64,40312,53864,5.106212499583762e-05,3.2668708882339836,6.292515277862549,6.629643678665161,0.0,3.2690573423052554,0.02567770056528588,0.000575829858649267,0.00010994076728820801,5.934934093371384e-05,1.0,0,1.0,6.494525909423828,0.15876165905933717,595614.9264044864,42.80496092422698,0.0,,6.539562940597534,0.00021600723266601562,4.3768115942028984,0.00028128094143337675,4.6479824440954225,64.0,0.0,738.75635841001,945.6081387648128,64.0,40248.0,0.9907134433962265,1.0,sustained_overload,contiguous
1779703895.3280058,4751,64,40376,53800,5.431399998201414e-05,3.298186734096328,6.3540613651275635,6.694790601730347,0.0,3.3002023488826815,0.02567770056528588,0.000575829858649267,0.00010994076728820801,5.9300806403990795e-05,1.0,0,1.0,6.5594482421875,0.1585100059441252,621912.3417357071,42.872918790349985,0.0,,6.604485273361206,0.00021600723266601562,4.3768115942028984,0.00028128094143337675,4.6479824440954225,64.0,0.0,739.3449673893883,985.7932898525178,64.0,40312.0,0.9908002336448598,1.0,sustained_overload,contiguous
1779703895.3926418,4796,64,40440,53736,5.216134371721637e-05,3.3311024492196806,6.416054725646973,6.759477615356445,0.0,3.3330380335851086,0.02567770056528588,0.000575829858649267,0.00010994076728820801,5.9232713251873875e-05,1.0,0,1.0,6.624084234237671,0.1582591493570722,625657.6052644198,42.94087665647299,0.0,,6.669121265411377,0.00021600723266601562,4.3768115942028984,0.00028128094143337675,4.6479824440954225,64.0,0.0,696.2065340479448,990.1604039792994,64.0,40376.0,0.9908854166666666,1.0,sustained_overload,contiguous
1779703895.455202,4839,64,40504,53672,4.28698282064488e-05,3.3633130587370466,6.477183103561401,6.822052955627441,0.0,3.3652622889035686,0.02567770056528588,0.000575829858649267,0.00010994076728820801,5.9078447505870304e-05,1.0,0,1.0,6.686644554138184,0.15800908552241755,647439.1445633906,43.00883452259599,0.0,,6.73168158531189,0.00021600723266601562,4.3768115942028984,0.00028128094143337675,4.6479824440954225,64.0,0.0,687.3366387573029,1023.0126716387764,64.0,40440.0,0.9909690366972477,1.0,sustained_overload,contiguous
1779703895.520426,4884,64,40568,53608,4.86262499350687e-05,3.396161133035287,6.539254903793335,6.886686086654663,0.0,3.3984364468122603,0.02567770056528588,0.000575829858649267,0.00010994076728820801,5.898087329349083e-05,1.0,0,1.0,6.751868486404419,0.1577598106882272,621980.2853101046,43.07679238871899,0.0,,6.796905517578125,0.00021600723266601562,4.3768115942028984,0.00028128094143337675,4.6479824440954225,64.0,0.0,689.9308035632693,981.2349206233163,64.0,40504.0,0.9910511363636364,1.0,sustained_overload,contiguous
1779703895.5849109,4929,64,40632,53544,5.2490124971882324e-05,3.428909833981294,6.599497556686401,6.951237678527832,0.0,3.431220694572055,0.02567770056528588,0.000575829858649267,0.00010994076728820801,5.892109627609508e-05,1.0,0,1.0,6.8163533210754395,0.15751132112620594,630101.6387386355,43.144750254841995,0.0,,6.8613903522491455,0.00021600723266601562,4.3768115942028984,0.00028128094143337675,4.6479824440954225,64.0,0.0,697.8384953543659,992.4814156150982,64.0,40568.0,0.9911317567567568,1.0,sustained_overload,contiguous
1779703895.6518753,4973,64,40696,53480,5.701167181371147e-05,3.4648587072930352,6.664211750030518,7.018364667892456,0.0,3.467020190806319,0.02567770056528588,0.000575829858649267,0.00010994076728820801,5.8903487347739965e-05,1.0,0,1.0,6.883317708969116,0.15726361313151171,607726.00601704,43.212708120965004,0.0,,6.928354740142822,0.00021600723266601562,4.3768115942028984,0.00028128094143337675,4.6479824440954225,64.0,0.0,657.0656640640299,955.7318750022253,64.0,40632.0,0.9912109375,1.0,sustained_overload,contiguous
1779703895.7189229,5022,64,40760,53416,5.6726156216768686e-05,3.496887361406695,6.728050231933594,7.085008382797241,0.0,3.4993215180472843,0.02567770056528588,0.000575829858649267,0.00010994076728820801,5.888395301064611e-05,1.0,0,1.0,6.950365304946899,0.15701668302257116,607926.3455397591,43.28066598708801,0.0,,6.9954023361206055,0.00021600723266601562,4.3768115942028984,0.00028128094143337675,4.6479824440954225,64.0,0.0,730.824115099318,954.5457829868643,64.0,40696.0,0.9912887168141593,1.0,sustained_overload,contiguous
1779703895.785666,5068,64,40824,53352,6.060771872284931e-05,3.5315514179872323,6.792665481567383,7.1522297859191895,0.0,3.533647678538858,0.02567770056528588,0.000575829858649267,0.00010994076728820801,5.889856933458825e-05,1.0,0,1.0,7.01710844039917,0.1567705271408975,611658.4083646197,43.34862385321101,0.0,,7.062145471572876,0.00021600723266601562,4.3768115942028984,0.00028128094143337675,4.6479824440954225,64.0,0.0,689.2094548494147,958.9001110948378,64.0,40760.0,0.9913651315789473,1.0,sustained_overload,contiguous
1779703895.852362,5110,64,40888,53288,5.7169171881810144e-05,3.5681969287794297,6.8564183712005615,7.218710899353027,0.0,3.570495586102703,0.02567770056528588,0.000575829858649267,0.00010994076728820801,5.888307991224871e-05,1.0,0,1.0,7.083804368972778,0.1565251418509098,613050.9144178764,43.41658171933401,0.0,,7.128841400146484,0.00021600723266601562,4.3768115942028984,0.00028128094143337675,4.6479824440954225,64.0,0.0,629.7235963008904,959.5788134108807,64.0,40824.0,0.9914402173913044,1.0,sustained_overload,contiguous
1779703895.9167624,5158,64,40952,53224,4.891545320617752e-05,3.598776199922031,6.917822599411011,7.283238887786865,0.0,3.6009209386205336,0.02567770056528588,0.000575829858649267,0.00010994076728820801,5.8794877549819913e-05,1.0,0,1.0,7.148204803466797,0.15628052353975386,635896.3308516743,43.484539585457014,0.0,,7.193241834640503,0.00021600723266601562,4.3768115942028984,0.00028128094143337675,4.6479824440954225,64.0,0.0,745.3365862688114,993.7821150250819,64.0,40888.0,0.9915140086206896,1.0,sustained_overload,contiguous
1779703895.9812672,5206,64,41016,53160,4.5607281251136556e-05,3.62935914946316,6.979691505432129,7.347748279571533,0.0,3.631534024607302,0.02567770056528588,0.000575829858649267,0.00010994076728820801,5.867908791109886e-05,1.0,0,1.0,7.212709665298462,0.15603666861712503,635859.0474472654,43.55249745158002,0.0,,7.257746696472168,0.00021600723266601562,4.3768115942028984,0.00028128094143337675,4.6479824440954225,64.0,0.0,744.129956052973,992.1732747372973,64.0,40952.0,0.9915865384615384,1.0,sustained_overload,contiguous
1779703896.0463765,5249,64,41080,53096,4.898685938314884e-05,3.6639292467272133,7.039829254150391,7.412802219390869,0.0,3.6661203583574347,0.02567770056528588,0.000575829858649267,0.00010994076728820801,5.859479463002777e-05,1.0,0,1.0,7.277818918228149,0.15579357351509251,630939.5078509492,43.62045531770302,0.0,,7.3228559494018555,0.00021600723266601562,4.3768115942028984,0.00028128094143337675,4.6479824440954225,64.0,0.0,660.4284040309351,982.9632059995313,64.0,41016.0,0.9916578389830508,1.0,sustained_overload,contiguous
1779703896.1152194,5297,64,41144,53032,7.777415622456374e-05,3.6986884055412905,7.106189489364624,7.481558084487915,0.0,3.7009442281900617,0.02567770056528588,0.000575829858649267,0.00010994076728820801,5.875981681103565e-05,1.0,0,1.0,7.346661806106567,0.15555123468792534,597650.6981035366,43.68841318382603,0.0,,7.391698837280273,0.00021600723266601562,4.3768115942028984,0.00028128094143337675,4.6479824440954225,64.0,0.0,697.2397800157923,929.6530400210564,64.0,41080.0,0.9917279411764706,1.0,sustained_overload,contiguous
1779703896.1846836,5342,64,41208,52968,5.433518747111066e-05,3.733259814553864,7.169825553894043,7.5480546951293945,0.0,3.7372825161131686,0.02567770056528588,0.000575829858649267,0.00010994076728820801,5.872227589696004e-05,1.0,0,1.0,7.416126012802124,0.15530964861192,593226.3817623921,43.75637104994903,0.0,,7.46116304397583,0.00021600723266601562,4.3768115942028984,0.00028128094143337675,4.6479824440954225,64.0,0.0,647.8156469449535,921.3378089883784,64.0,41144.0,0.991796875,1.0,sustained_overload,contiguous
1779703896.25369,5388,64,41272,52904,5.620126567862371e-05,3.772162509475342,7.235704183578491,7.619687795639038,0.0,3.7747451162801036,0.02567770056528588,0.000575829858649267,0.00010994076728820801,5.870084640948888e-05,1.0,0,1.0,7.485132455825806,0.1550688117852297,598089.0796796506,43.824328916072034,0.0,,7.530169486999512,0.00021600723266601562,4.3768115942028984,0.00028128094143337675,4.6479824440954225,64.0,0.0,666.6044210424484,927.4496292764499,64.0,41208.0,0.9918646694214877,1.0,sustained_overload,contiguous
1779703896.322479,5436,64,41336,52840,6.46696874753161e-05,3.806991624797531,7.301846504211426,7.688614368438721,0.0,3.809362803121772,0.02567770056528588,0.000575829858649267,0.00010994076728820801,5.875055463240497e-05,1.0,0,1.0,7.553921461105347,0.154828720727695,600909.9831000755,43.892286782195036,0.0,,7.598958492279053,0.00021600723266601562,4.3768115942028984,0.00028128094143337675,4.6479824440954225,64.0,0.0,697.7859296691413,930.3812395588551,64.0,41272.0,0.9919313524590164,1.0,sustained_overload,contiguous
1779703896.3924463,5484,64,41400,52776,6.059799989088788e-05,3.842769661416505,7.369349002838135,7.758502721786499,0.0,3.845213583053306,0.02567770056528588,0.000575829858649267,0.00010994076728820801,5.876592248789171e-05,1.0,0,1.0,7.623888731002808,0.15458937198067632,591705.2367581713,43.96024464831804,0.0,,7.668925762176514,0.00021600723266601562,4.3768115942028984,0.00028128094143337675,4.6479824440954225,64.0,0.0,686.0350571109233,914.7134094812311,64.0,41336.0,0.9919969512195121,1.0,sustained_overload,contiguous
1779703896.4608054,5532,64,41464,52712,5.331771870942248e-05,3.877133111672993,7.432882308959961,7.826977014541626,0.0,3.8795086003966253,0.02567770056528588,0.000575829858649267,0.00010994076728820801,5.8720850160769664e-05,1.0,0,1.0,7.6922478675842285,0.1543507621068879,606561.2012318681,44.02820251444105,0.0,,7.737284898757935,0.00021600723266601562,4.3768115942028984,0.00028128094143337675,4.6479824440954225,64.0,0.0,702.1738775595618,936.2318367460824,64.0,41400.0,0.9920614919354839,1.0,sustained_overload,contiguous
1779703896.5270526,5581,64,41528,52648,4.8693734456151105e-05,3.908565520692049,7.49658989906311,7.893160104751587,0.0,3.910925748620642,0.02567770056528588,0.000575829858649267,0.00010994076728820801,5.863859706628961e-05,1.0,0,1.0,7.758495092391968,0.1541128876902331,626863.9949903009,44.09616038056405,0.0,,7.803532123565674,0.00021600723266601562,4.3768115942028984,0.00028128094143337675,4.6479824440954225,64.0,0.0,739.653625373838,966.0782045699109,64.0,41464.0,0.992125,1.0,sustained_overload,contiguous
1779703896.592527,5628,64,41592,52584,4.843117186226209e-05,3.940744097578674,7.55832314491272,7.958677291870117,0.0,3.943065980049084,0.02567770056528588,0.000575829858649267,0.00010994076728820801,5.85554823166574e-05,1.0,0,1.0,7.82396936416626,0.15387574533564147,635241.8877353716,44.16411824668705,0.0,,7.869006395339966,0.00021600723266601562,4.3768115942028984,0.00028128094143337675,4.6479824440954225,64.0,0.0,717.8392172427982,977.4831894370018,64.0,41528.0,0.9921875,1.0,sustained_overload,contiguous
1779703896.6605422,5673,64,41656,52520,4.9908859367064906e-05,3.9766919598361983,7.623689413070679,8.026618719100952,0.0,3.9791169434194567,0.02567770056528588,0.000575829858649267,0.00010994076728820801,5.848589279176504e-05,1.0,0,1.0,7.891984701156616,0.15363933166890723,612450.1008633714,44.23207611281006,0.0,,7.937021732330322,0.00021600723266601562,4.3768115942028984,0.00028128094143337675,4.6479824440954225,64.0,0.0,661.6154824959601,940.9642417720321,64.0,41592.0,0.9922490157480315,1.0,sustained_overload,contiguous
1779703896.725997,5717,64,41720,52456,4.960428127276373e-05,4.010871108414184,7.68638801574707,8.092116117477417,0.0,4.013253013210593,0.02567770056528588,0.000575829858649267,0.00010994076728820801,5.8415226419142335e-05,1.0,0,1.0,7.957439422607422,0.15340364333652923,637387.1750620136,44.300033978933065,0.0,,8.002476453781128,0.00021600723266601562,4.3768115942028984,0.00028128094143337675,4.6479824440954225,64.0,0.0,672.2204147346259,977.7751487049104,64.0,41656.0,0.9923095703125,1.0,sustained_overload,contiguous
1779703896.7924805,5758,64,41784,52392,5.817465626023477e-05,4.048115946951748,7.750377655029297,8.158642768859863,0.0,4.050487706518525,0.02567770056528588,0.000575829858649267,0.00010994076728820801,5.841356548880301e-05,1.0,0,1.0,8.02392292022705,0.15316867700555237,628486.7898957153,44.36799184505607,0.0,,8.068959951400757,0.00021600723266601562,4.3768115942028984,0.00028128094143337675,4.6479824440954225,64.0,0.0,616.6943898555506,962.6449012379327,64.0,41720.0,0.9923691860465116,1.0,sustained_overload,contiguous
1779703896.8595676,5802,64,41848,52328,4.6085093757142204e-05,4.083710752446601,7.814909219741821,8.225655555725098,0.0,4.0861439557988595,0.02567770056528588,0.000575829858649267,0.00010994076728820801,5.831638110060949e-05,1.0,0,1.0,8.091010093688965,0.15293442936341045,623785.4099451284,44.43594971117907,0.0,,8.136047124862671,0.00021600723266601562,4.3768115942028984,0.00028128094143337675,4.6479824440954225,64.0,0.0,655.8630767918573,953.9826571517925,64.0,41784.0,0.9924278846153847,1.0,sustained_overload,contiguous
1779703896.9265196,5847,64,41912,52264,5.060973438730798e-05,4.118525053480187,7.878211975097656,8.292612791061401,0.0,4.12094812848278,0.02567770056528588,0.000575829858649267,0.00010994076728820801,5.8256427018524496e-05,1.0,0,1.0,8.157962083816528,0.15270089711777055,626000.8092387569,44.50390757730207,0.0,,8.202999114990234,0.00021600723266601562,4.3768115942028984,0.00028128094143337675,4.6479824440954225,64.0,0.0,672.123411331935,955.9088516720853,64.0,41848.0,0.9924856870229007,1.0,sustained_overload,contiguous
1779703896.9922113,5893,64,41976,52200,4.419367186869749e-05,4.151314604014628,7.941061735153198,8.358227729797363,0.0,4.153734615254314,0.02567770056528588,0.000575829858649267,0.00010994076728820801,5.814719522520633e-05,1.0,0,1.0,8.223653793334961,0.15246807699637888,638984.74111443,44.571865443425075,0.0,,8.268690824508667,0.00021600723266601562,4.3768115942028984,0.00028128094143337675,4.6479824440954225,64.0,0.0,700.2405682119254,974.2477470774613,64.0,41912.0,0.9925426136363636,1.0,sustained_overload,contiguous
1779703897.059313,5937,64,42040,52136,5.2119343763479264e-05,4.18691538717108,8.005451679229736,8.425288915634155,0.0,4.189412633789558,0.02567770056528588,0.000575829858649267,0.00010994076728820801,5.810062250397982e-05,1.0,0,1.0,8.2907555103302,0.1522359657469077,626511.5392350192,44.639823309548085,0.0,,8.335792541503906,0.00021600723266601562,4.3768115942028984,0.00028128094143337675,4.6479824440954225,64.0,0.0,655.7209259357957,953.7758922702482,64.0,41976.0,0.9925986842105263,1.0,sustained_overload,contiguous
1779703897.1276915,5984,64,42104,52072,5.8420750036702884e-05,4.221584792811819,8.071269512176514,8.493545532226562,0.0,4.2241538834095556,0.02567770056528588,0.000575829858649267,0.00010994076728820801,5.810249197860719e-05,1.0,0,1.0,8.359133958816528,0.1520045601368041,615749.5663040447,44.70778117567109,0.0,,8.404170989990234,0.00021600723266601562,4.3768115942028984,0.00028128094143337675,4.6479824440954225,64.0,0.0,687.3510739191074,935.967419804742,64.0,42040.0,0.9926539179104478,1.0,sustained_overload,contiguous
1779703897.1934328,6029,64,42168,52008,3.8641281278728457e-05,4.255251487135223,8.132148504257202,8.559391975402832,0.0,4.257742600845767,0.02567770056528588,0.000575829858649267,0.00010994076728820801,5.7954927337307754e-05,1.0,0,1.0,8.424875259399414,0.15177385695313983,641423.27009237,44.77573904179409,0.0,,8.46991229057312,0.00021600723266601562,4.3768115942028984,0.00028128094143337675,4.6479824440954225,64.0,0.0,684.5012131036959,973.5128364141452,64.0,42104.0,0.9927083333333333,1.0,sustained_overload,contiguous
1779703897.2596133,6077,64,42232,51944,4.119568754390457e-05,4.287091944430902,8.195730447769165,8.625494956970215,0.0,4.2896749375118475,0.02567770056528588,0.000575829858649267,0.00010994076728820801,5.782881877549509e-05,1.0,0,1.0,8.491055727005005,0.1515438530024626,638133.9015566627,44.84369690791709,0.0,,8.536092758178711,0.00021600723266601562,4.3768115942028984,0.00028128094143337675,4.6479824440954225,64.0,0.0,725.2895263004312,967.0527017339083,64.0,42168.0,0.9927619485294118,1.0,sustained_overload,contiguous
1779703897.327662,6125,64,42296,51880,4.9402109368656966e-05,4.320825204921561,8.261144399642944,8.693514823913574,0.0,4.323387233354692,0.02567770056528588,0.000575829858649267,0.00010994076728820801,5.776570397155639e-05,1.0,0,1.0,8.559104442596436,0.15131454511064876,621554.7146245668,44.911654774040095,0.0,,8.604141473770142,0.00021600723266601562,4.3768115942028984,0.00028128094143337675,4.6479824440954225,64.0,0.0,705.3770167859658,940.5026890479544,64.0,42232.0,0.9928147810218978,1.0,sustained_overload,contiguous
1779703897.3946006,6168,64,42360,51816,4.405928132200643e-05,4.357002838245093,8.323218584060669,8.760478973388672,0.0,4.3595596575771385,0.02567770056528588,0.000575829858649267,0.00010994076728820801,5.766410237860565e-05,1.0,0,1.0,8.62604308128357,0.1510859301227573,632818.3666534883,44.9796126401631,0.0,,8.671080112457275,0.00021600723266601562,4.3768115942028984,0.00028128094143337675,4.6479824440954225,64.0,0.0,642.3793618059489,956.0995152460633,64.0,42296.0,0.9928668478260869,1.0,sustained_overload,contiguous
1779703897.4636633,6213,64,42424,51752,5.291146872821173e-05,4.393722747489597,8.389781951904297,8.82944917678833,0.0,4.396316073519615,0.02567770056528588,0.000575829858649267,0.00010994076728820801,5.762869572158207e-05,1.0,0,1.0,8.695105791091919,0.15085800490288515,614282.296737667,45.04757050628611,0.0,,8.740142822265625,0.00021600723266601562,4.3768115942028984,0.00028128094143337675,4.6479824440954225,64.0,0.0,651.5817309352021,926.6940173300652,64.0,42360.0,0.9929181654676259,1.0,sustained_overload,contiguous
1779703897.5357747,6265,64,42488,51688,5.8623765625043234e-05,4.4284316235515515,8.458025693893433,8.90134310722351,0.0,4.431176029985054,0.02567770056528588,0.000575829858649267,0.00010994076728820801,5.763594974571107e-05,1.0,0,1.0,8.76721715927124,0.15063076633402372,589199.7485659119,45.11552837240911,0.0,,8.812254190444946,0.00021600723266601562,4.3768115942028984,0.00028128094143337675,4.6479824440954225,64.0,0.0,721.1068284086664,887.5160965029739,64.0,42424.0,0.99296875,1.0,sustained_overload,contiguous
1779703897.604387,6313,64,42552,51624,5.733146882391793e-05,4.4628563493611555,8.523106575012207,8.970113754272461,0.0,4.465509311517428,0.02567770056528588,0.000575829858649267,0.00010994076728820801,5.7633806938001555e-05,1.0,0,1.0,8.835829496383667,0.1504042113179169,620180.0112168628,45.18348623853211,0.0,,8.880866527557373,0.00021600723266601562,4.3768115942028984,0.00028128094143337675,4.6479824440954225,64.0,0.0,699.5826409665683,932.7768546220912,64.0,42488.0,0.9930186170212766,1.0,sustained_overload,contiguous
1779703897.6739962,6360,64,42616,51560,5.6906453067995244e-05,4.498636108154126,8.58896255493164,9.039552688598633,0.0,4.501426243733863,0.02567770056528588,0.000575829858649267,0.00010994076728820801,5.762860697622477e-05,1.0,0,1.0,8.905438661575317,0.1501783367749202,612218.2313588755,45.251444104655114,0.0,,8.950475692749023,0.00021600723266601562,4.3768115942028984,0.00028128094143337675,4.6479824440954225,64.0,0.0,675.1984436330755,919.4191572875923,64.0,42552.0,0.9930677816901409,1.0,sustained_overload,contiguous
1779703897.7430959,6412,64,42680,51496,5.2162421908974466e-05,4.530585651280059,8.654451370239258,9.10865306854248,0.0,4.5333522344426,0.02567770056528588,0.000575829858649267,0.00010994076728820801,5.758952141179459e-05,1.0,0,1.0,8.974538326263428,0.1499531396438613,617658.5688605193,45.31940197077812,0.0,,9.019575357437134,0.00021600723266601562,4.3768115942028984,0.00028128094143337675,4.6479824440954225,64.0,0.0,752.5362132321228,926.1984162856896,64.0,42616.0,0.9931162587412588,1.0,sustained_overload,contiguous
1779703897.8145995,6459,64,42744,51432,6.308214054229211e-05,4.568400571080562,8.723407745361328,9.180143594741821,0.0,4.5711419194371,0.02567770056528588,0.000575829858649267,0.00010994076728820801,5.762859422842221e-05,1.0,0,1.0,9.04604196548462,0.14972861688190156,597787.7554983528,45.38735983690112,0.0,,9.091078996658325,0.00021600723266601562,4.3768115942028984,0.00028128094143337675,4.6479824440954225,64.0,0.0,657.3092014884564,895.059338197047,64.0,42680.0,0.9931640625,1.0,sustained_overload,contiguous
1779703897.8887985,6510,64,42808,51368,7.039332817271315e-05,4.606091335010659,8.793580532073975,9.25434136390686,0.0,4.608844476359676,0.02567770056528588,0.000575829858649267,0.00010994076728820801,5.771846327382142e-05,1.0,0,1.0,9.120240926742554,0.14950476546439917,576935.3003634167,45.45531770302412,0.0,,9.16527795791626,0.00021600723266601562,4.3768115942028984,0.00028128094143337675,4.6479824440954225,64.0,0.0,687.3411586276923,862.5457676896531,64.0,42744.0,0.9932112068965517,1.0,sustained_overload,contiguous
1779703897.9589474,6556,64,42872,51304,6.151459382408575e-05,4.643103008698978,8.86085295677185,9.32434344291687,0.0,4.6458009529085,0.02567770056528588,0.000575829858649267,0.00010994076728820801,5.77452651596896e-05,1.0,0,1.0,9.19038987159729,0.1492815823847733,611156.733558557,45.52327556914713,0.0,,9.235426902770996,0.00021600723266601562,4.3768115942028984,0.00028128094143337675,4.6479824440954225,64.0,0.0,655.7475681958766,912.3444427073066,64.0,42808.0,0.993257705479452,1.0,sustained_overload,contiguous
1779703898.0290902,6603,64,42936,51240,5.802551565636804e-05,4.679389041472938,8.928168058395386,9.394346475601196,0.0,4.682185294779566,0.02567770056528588,0.000575829858649267,0.00010994076728820801,5.7747174352405344e-05,1.0,0,1.0,9.26053261756897,0.1490590646543693,612123.1697620666,45.591233435270134,0.0,,9.305569648742676,0.00021600723266601562,4.3768115942028984,0.00028128094143337675,4.6479824440954225,64.0,0.0,670.0621617946974,912.4250713800136,64.0,42872.0,0.9933035714285714,1.0,sustained_overload,contiguous
1779703898.0996397,6654,64,43000,51176,5.669523434903567e-05,4.713476286399448,8.995023012161255,9.46496319770813,0.0,4.716414980358863,0.02567770056528588,0.000575829858649267,0.00010994076728820801,5.773990350987264e-05,1.0,0,1.0,9.331082105636597,0.14883720930232558,609501.2334998277,45.659191301393136,0.0,,9.376119136810303,0.00021600723266601562,4.3768115942028984,0.00028128094143337675,4.6479824440954225,64.0,0.0,722.896811825377,907.1646266043946,64.0,42936.0,0.9933488175675675,1.0,sustained_overload,contiguous
1779703898.1690652,6703,64,43064,51112,5.20768281120354e-05,4.747764935846734,9.061774492263794,9.5343496799469,0.0,4.750540654732458,0.02567770056528588,0.000575829858649267,0.00010994076728820801,5.770110270927213e-05,1.0,0,1.0,9.400507688522339,0.1486160133754412,620290.0747822742,45.72714916751614,0.0,,9.445544719696045,0.00021600723266601562,4.3768115942028984,0.00028128094143337675,4.6479824440954225,64.0,0.0,705.7916975741092,921.8503805049589,64.0,43000.0,0.993393456375839,1.0,sustained_overload,contiguous
1779703898.2384937,6751,64,43128,51048,4.376417189178028e-05,4.782821651709736,9.127215385437012,9.603804349899292,0.0,4.785612914654462,0.02567770056528588,0.000575829858649267,0.00010994076728820801,5.760625982933244e-05,1.0,0,1.0,9.46993613243103,0.1483954739380449,621186.326121894,45.79510703363914,0.0,,9.514973163604736,0.00021600723266601562,4.3768115942028984,0.00028128094143337675,4.6479824440954225,64.0,0.0,691.3592945151852,921.8123926869137,64.0,43064.0,0.9934375,1.0,sustained_overload,contiguous
1779703898.3083193,6797,64,43192,50984,5.1111687483285095e-05,4.819653818666327,9.194555282592773,9.673641681671143,0.0,4.822409900931812,0.02567770056528588,0.000575829858649267,0.00010994076728820801,5.756236993991126e-05,1.0,0,1.0,9.539761781692505,0.14817558807186515,618569.2572404138,45.86306489976214,0.0,,9.584798812866211,0.00021600723266601562,4.3768115942028984,0.00028128094143337675,4.6479824440954225,64.0,0.0,658.7837060811964,916.5686345477516,64.0,43128.0,0.9934809602649006,1.0,sustained_overload,contiguous
1779703898.3780422,6847,64,43256,50920,6.379979691928384e-05,4.853494216320832,9.26016616821289,9.743309497833252,0.0,4.85631491410939,0.02567770056528588,0.000575829858649267,0.00010994076728820801,5.7604184967718096e-05,1.0,0,1.0,9.609484672546387,0.14795635287590161,620398.831291312,45.931022765885146,0.0,,9.654521703720093,0.00021600723266601562,4.3768115942028984,0.00028128094143337675,4.6479824440954225,64.0,0.0,717.1245969244868,917.9194840633431,64.0,43192.0,0.9935238486842105,1.0,sustained_overload,contiguous
1779703898.4491727,6895,64,43320,50856,5.9327578128431924e-05,4.88946812643523,9.326747179031372,9.813711166381836,0.0,4.892520941528743,0.02567770056528588,0.000575829858649267,0.00010994076728820801,5.761565931338e-05,1.0,0,1.0,9.680615186691284,0.1477377654662973,609021.3253872221,45.998980632008156,0.0,,9.72565221786499,0.00021600723266601562,4.3768115942028984,0.00028128094143337675,4.6479824440954225,64.0,0.0,674.8158730052322,899.7544973403096,64.0,43256.0,0.9935661764705882,1.0,sustained_overload,contiguous
1779703898.5215921,6946,64,43384,50792,5.70873593090937e-05,4.925342522823738,9.396849155426025,9.886139154434204,0.0,4.928572526971981,0.02567770056528588,0.000575829858649267,0.00010994076728820801,5.761217841814129e-05,1.0,0,1.0,9.753034591674805,0.14751982297621244,599065.9549035552,46.06693849813116,0.0,,9.79807162284851,0.00021600723266601562,4.3768115942028984,0.00028128094143337675,4.6479824440954225,64.0,0.0,704.2311382095085,883.7410361844812,64.0,43320.0,0.9936079545454546,1.0,sustained_overload,contiguous
1779703898.5943031,6997,64,43448,50728,5.298095315708906e-05,4.9621530800931355,9.466423988342285,9.959515571594238,0.0,4.965074225665825,0.02567770056528588,0.000575829858649267,0.00010994076728820801,5.7581667541380696e-05,1.0,0,1.0,9.825745582580566,0.14730252255569876,597543.7751400128,46.13489636425416,0.0,,9.870782613754272,0.00021600723266601562,4.3768115942028984,0.00028128094143337675,4.6479824440954225,64.0,0.0,701.4070275303962,880.1970541557913,64.0,43384.0,0.9936491935483871,1.0,sustained_overload,contiguous
1779703898.6643353,7043,64,43512,50664,4.775203130691352e-05,4.999089155055084,9.533820867538452,10.029496908187866,0.0,5.0021499575290065,0.02567770056528588,0.000575829858649267,0.00010994076728820801,5.751736287722444e-05,1.0,0,1.0,9.895777702331543,0.14708586137157567,621314.9074270774,46.20285423037716,0.0,,9.940814733505249,0.00021600723266601562,4.3768115942028984,0.00028128094143337675,4.6479824440954225,64.0,0.0,656.8414630824958,913.8663834191246,64.0,43448.0,0.9936899038461539,1.0,sustained_overload,contiguous
1779703898.7334998,7086,64,43576,50600,4.1999671935855076e-05,5.037371104415326,9.599264860153198,10.098731517791748,0.0,5.040286965169692,0.02567770056528588,0.000575829858649267,0.00010994076728820801,5.7416558459606115e-05,1.0,0,1.0,9.964942216873169,0.14686983660730676,630034.0613794696,46.270812096500165,0.0,,10.009979248046875,0.00021600723266601562,4.3768115942028984,0.00028128094143337675,4.6479824440954225,64.0,0.0,621.706091410804,925.3299965184059,64.0,43512.0,0.9937300955414012,1.0,sustained_overload,contiguous
1779703898.8051305,7137,64,43640,50536,5.416973438343575e-05,5.072313196946777,9.666948556900024,10.17029857635498,0.0,5.075279775175076,0.02567770056528588,0.000575829858649267,0.00010994076728820801,5.739554770101168e-05,1.0,0,1.0,10.036572933197021,0.1466544454628781,609235.8451742606,46.338769962623175,0.0,,10.081609964370728,0.00021600723266601562,4.3768115942028984,0.00028128094143337675,4.6479824440954225,64.0,0.0,711.9850619589204,893.4714503013903,64.0,43576.0,0.9937697784810127,1.0,sustained_overload,contiguous
1779703898.8754084,7182,64,43704,50472,5.3773281251778826e-05,5.110121858276062,9.734503746032715,10.240504264831543,0.0,5.113104674045502,0.02567770056528588,0.000575829858649267,0.00010994076728820801,5.737224035733423e-05,1.0,0,1.0,10.106850862503052,0.14643968515467692,621873.7579715505,46.40672782874618,0.0,,10.151887893676758,0.00021600723266601562,4.3768115942028984,0.00028128094143337675,4.6479824440954225,64.0,0.0,640.3148249295206,910.669973233096,64.0,43640.0,0.9938089622641509,1.0,sustained_overload,contiguous
1779703898.9477053,7235,64,43768,50408,5.358839068492216e-05,5.144185057642947,9.80266523361206,10.312629699707031,0.0,5.147295081197857,0.02567770056528588,0.000575829858649267,0.00010994076728820801,5.7348122548764993e-05,1.0,0,1.0,10.179147720336914,0.14622555291537195,605392.8387949939,46.47468569486918,0.0,,10.22418475151062,0.00021600723266601562,4.3768115942028984,0.00028128094143337675,4.6479824440954225,64.0,0.0,733.0885682721322,885.2390258380464,64.0,43704.0,0.99384765625,1.0,sustained_overload,contiguous
1779703899.0181751,7283,64,43832,50344,5.1468312392444204e-05,5.180060432487496,9.87059760093689,10.383013725280762,0.0,5.183230854202185,0.02567770056528588,0.000575829858649267,0.00010994076728820801,5.731107838779868e-05,1.0,0,1.0,10.249617576599121,0.14601204599379447,621996.4439392095,46.54264356099219,0.0,,10.294654607772827,0.00021600723266601562,4.3768115942028984,0.00028128094143337675,4.6479824440954225,64.0,0.0,681.1423003532134,908.1897338042846,64.0,43768.0,0.9938858695652174,1.0,sustained_overload,contiguous
1779703899.0909832,7336,64,43896,50280,6.025556247379882e-05,5.215042018266097,9.938657283782959,10.456050395965576,0.0,5.218087550486481,0.02567770056528588,0.000575829858649267,0.00010994076728820801,5.732955401895053e-05,1.0,0,1.0,10.322425603866577,0.14579916165482049,602900.5543406717,46.61060142711519,0.0,,10.367462635040283,0.00021600723266601562,4.3768115942028984,0.00028128094143337675,4.6479824440954225,64.0,0.0,727.941711774549,879.0239538409649,64.0,43832.0,0.9939236111111112,1.0,sustained_overload,contiguous
1779703899.1636088,7386,64,43960,50216,6.07813906441379e-05,5.251149600657146,10.007903099060059,10.528074502944946,0.0,5.254577085821283,0.02567770056528588,0.000575829858649267,0.00010994076728820801,5.735111767201787e-05,1.0,0,1.0,10.39505124092102,0.14558689717925388,605295.8952641704,46.678559293238195,0.0,,10.440088272094727,0.00021600723266601562,4.3768115942028984,0.00028128094143337675,4.6479824440954225,64.0,0.0,688.4621192722593,881.231512668492,64.0,43896.0,0.9939608895705522,1.0,sustained_overload,contiguous
1779703899.234776,7438,64,44024,50152,4.835314058482254e-05,5.285111832596494,10.075409412384033,10.599342823028564,0.0,5.288410168737788,0.02567770056528588,0.000575829858649267,0.00010994076728820801,5.729518037839123e-05,1.0,0,1.0,10.4662184715271,0.1453752498637107,618599.3135475399,46.7465171593612,0.0,,10.511255502700806,0.00021600723266601562,4.3768115942028984,0.00028128094143337675,4.6479824440954225,64.0,0.0,730.6733669015099,899.2902977249353,64.0,43960.0,0.9939977134146342,1.0,sustained_overload,contiguous
1779703899.305222,7489,64,44088,50088,5.36052343989013e-05,5.318837990902051,10.142158269882202,10.669641017913818,0.0,5.32211057249436,0.02567770056528588,0.000575829858649267,0.00010994076728820801,5.727233494160537e-05,1.0,0,1.0,10.536664485931396,0.14516421702050444,625840.9417880544,46.8144750254842,0.0,,10.581701517105103,0.00021600723266601562,4.3768115942028984,0.00028128094143337675,4.6479824440954225,64.0,0.0,723.9586289056155,908.4971029403802,64.0,44024.0,0.9940340909090909,1.0,sustained_overload,contiguous
1779703899.3780413,7542,64,44152,50024,4.637056251510785e-05,5.353547700674066,10.21228313446045,10.74233341217041,0.0,5.356853562910464,0.02567770056528588,0.000575829858649267,0.00010994076728820801,5.7205406822094626e-05,1.0,0,1.0,10.60948371887207,0.14495379597753216,606323.3326828757,46.8824328916072,0.0,,10.654520750045776,0.00021600723266601562,4.3768115942028984,0.00028128094143337675,4.6479824440954225,64.0,0.0,727.8296936082718,878.8886866213093,64.0,44088.0,0.9940700301204819,1.0,sustained_overload,contiguous
1779703899.4514108,7594,64,44216,49960,5.6064156254365116e-05,5.390288731879885,10.281784534454346,10.816359758377075,0.0,5.393410615291623,0.02567770056528588,0.000575829858649267,0.00010994076728820801,5.719871482129764e-05,1.0,0,1.0,10.68285322189331,0.14474398407816175,602648.2145749251,46.95039075773021,0.0,,10.727890253067017,0.00021600723266601562,4.3768115942028984,0.00028128094143337675,4.6479824440954225,64.0,0.0,708.7413415482202,872.2970357516557,64.0,44152.0,0.9941055389221557,1.0,sustained_overload,contiguous
1779703899.5251791,7645,64,44280,49896,5.695942184047453e-05,5.427281595475009,10.352905511856079,10.889928817749023,0.0,5.4305368734165995,0.02567770056528588,0.000575829858649267,0.00010994076728820801,5.719726894004868e-05,1.0,0,1.0,10.756621599197388,0.14453477868112016,600257.205299169,47.018348623853214,0.0,,10.801658630371094,0.00021600723266601562,4.3768115942028984,0.00028128094143337675,4.6479824440954225,64.0,0.0,691.3531497348154,867.5804231966309,64.0,44216.0,0.994140625,1.0,sustained_overload,contiguous
1779703899.5936344,7692,64,44344,49832,4.2079156301610965e-05,5.462078879283308,10.416796684265137,10.958440065383911,0.0,5.465287582289382,0.02567770056528588,0.000575829858649267,0.00010994076728820801,5.7106183260757316e-05,1.0,0,1.0,10.825076818466187,0.14432617716038246,647781.1403375568,47.08630648997622,0.0,,10.870113849639893,0.00021600723266601562,4.3768115942028984,0.00028128094143337675,4.6479824440954225,64.0,0.0,686.5802272204846,934.9177562151281,64.0,44280.0,0.9941752958579881,1.0,sustained_overload,contiguous
1779703899.6652143,7740,64,44408,49768,5.141718756362934e-05,5.498992559959561,10.485561847686768,11.029818296432495,0.0,5.502155629007517,0.02567770056528588,0.000575829858649267,0.00010994076728820801,5.7072066609463386e-05,1.0,0,1.0,10.89665675163269,0.14411817690506215,620397.338129688,47.15426435609922,0.0,,10.941693782806396,0.00021600723266601562,4.3768115942028984,0.00028128094143337675,4.6479824440954225,64.0,0.0,670.5789999600304,894.1053332800406,64.0,44344.0,0.9942095588235295,1.0,sustained_overload,contiguous
1779703899.7347434,7781,64,44472,49704,4.4449281261904616e-05,5.539138120793798,10.551884174346924,11.099510669708252,0.0,5.542375040776802,0.02567770056528588,0.000575829858649267,0.00010994076728820801,5.69968694299384e-05,1.0,0,1.0,10.966185808181763,0.14391077531930202,639617.4809104812,47.22222222222222,0.0,,11.011222839355469,0.00021600723266601562,4.3768115942028984,0.00028128094143337675,4.6479824440954225,64.0,0.0,589.6815235952898,920.4784758560622,64.0,44408.0,0.9942434210526315,1.0,sustained_overload,contiguous
1779703899.804571,7830,64,44536,49640,4.184818743624419e-05,5.573714861639931,10.619018077850342,11.169306993484497,0.0,5.576967560187573,0.02567770056528588,0.000575829858649267,0.00010994076728820801,5.690717739550556e-05,1.0,0,1.0,11.03601336479187,0.14370396982216635,637799.7765076243,47.290180088345224,0.0,,11.081050395965576,0.00021600723266601562,4.3768115942028984,0.00028128094143337675,4.6479824440954225,64.0,0.0,701.72869249312,916.5435983583608,64.0,44472.0,0.9942768895348837,1.0,sustained_overload,contiguous
1779703899.8742998,7876,64,44600,49576,4.6050546856690744e-05,5.610284108638104,10.685897588729858,11.23897671699524,0.0,5.613575724239304,0.02567770056528588,0.000575829858649267,0.00010994076728820801,5.684323922761388e-05,1.0,0,1.0,11.10574221611023,0.14349775784753363,639620.4606378905,47.35813795446823,0.0,,11.150779247283936,0.00021600723266601562,4.3768115942028984,0.00028128094143337675,4.6479824440954225,64.0,0.0,659.6982329449095,917.8410197494393,64.0,44536.0,0.9943099710982659,1.0,sustained_overload,contiguous
1779703899.9429193,7920,64,44664,49512,4.8448968797742964e-05,5.647165561846883,10.751996994018555,11.307570934295654,0.0,5.6504923090773085,0.02567770056528588,0.000575829858649267,0.00010994076728820801,5.679412858922691e-05,1.0,0,1.0,11.17436170578003,0.14329213684399067,650893.7943858991,47.426095820591236,0.0,,11.219398736953735,0.00021600723266601562,4.3768115942028984,0.00028128094143337675,4.6479824440954225,64.0,0.0,641.217243260334,932.6796265604859,64.0,44600.0,0.9943426724137931,1.0,sustained_overload,contiguous
1779703900.013485,7969,64,44728,49448,4.132625001318502e-05,5.682388860501629,10.814553260803223,11.37808084487915,0.0,5.685772495612491,0.02567770056528588,0.000575829858649267,0.00010994076728820801,5.6704152899264984e-05,1.0,0,1.0,11.244927406311035,0.14308710427472723,633849.0181975444,47.49405368671424,0.0,,11.289964437484741,0.00021600723266601562,4.3768115942028984,0.00028128094143337675,4.6479824440954225,64.0,0.0,694.3883449221892,906.9562056126551,64.0,44664.0,0.994375,1.0,sustained_overload,contiguous
1779703900.0837471,8018,64,44792,49384,5.3263593727592706e-05,5.717409096222669,10.88228726387024,11.44837760925293,0.0,5.720747555691591,0.02567770056528588,0.000575829858649267,0.00010994076728820801,5.6684613689106946e-05,1.0,0,1.0,11.315189599990845,0.14288265761743169,637497.886902318,47.56201155283724,0.0,,11.36022663116455,0.00021600723266601562,4.3768115942028984,0.00028128094143337675,4.6479824440954225,64.0,0.0,697.3878473435788,910.8739230610008,64.0,44728.0,0.9944069602272727,1.0,sustained_overload,contiguous
1779703900.1540189,8067,64,44856,49320,5.2572437596154487e-05,5.7524418576929435,10.948408365249634,11.518685579299927,0.0,5.755679608387209,0.02567770056528588,0.000575829858649267,0.00010994076728820801,5.66609634182351e-05,1.0,0,1.0,11.385461330413818,0.14267879436418762,638322.1208586522,47.62996941896024,0.0,,11.430498361587524,0.00021600723266601562,4.3768115942028984,0.00028128094143337675,4.6479824440954225,64.0,0.0,697.2932031851693,910.7503062010376,64.0,44792.0,0.9944385593220338,1.0,sustained_overload,contiguous
1779703900.2251184,8111,64,44920,49256,4.2821421914140956e-05,5.791290816498642,11.016602039337158,11.589301347732544,0.0,5.794691293557718,0.02567770056528588,0.000575829858649267,0.00010994076728820801,5.658183196909467e-05,1.0,0,1.0,11.456560850143433,0.14247551202137132,631790.4842511896,47.697927285083246,0.0,,11.501597881317139,0.00021600723266601562,4.3768115942028984,0.00028128094143337675,4.6479824440954225,64.0,0.0,618.8508750456888,900.1467273391837,64.0,44856.0,0.9944698033707865,1.0,sustained_overload,contiguous
1779703900.2961853,8159,64,44984,49192,5.413893747174825e-05,5.8278841429595465,11.085455894470215,11.660521984100342,0.0,5.831401296502995,0.02567770056528588,0.000575829858649267,0.00010994076728820801,5.656798438395812e-05,1.0,0,1.0,11.52762770652771,0.14227280810955006,632981.424656799,47.76588515120625,0.0,,11.572664737701416,0.00021600723266601562,4.3768115942028984,0.00028128094143337675,4.6479824440954225,64.0,0.0,675.4203357532978,900.5604476710638,64.0,44920.0,0.9945006983240223,1.0,sustained_overload,contiguous
1779703900.369324,8207,64,45048,49128,4.7965468780830633e-05,5.86640256450372,11.1546630859375,11.733698606491089,0.0,5.869803160083467,0.02567770056528588,0.000575829858649267,0.00010994076728820801,5.651938680267784e-05,1.0,0,1.0,11.60076642036438,0.14207068016338129,615925.5151874719,47.83384301732926,0.0,,11.645803451538086,0.00021600723266601562,4.3768115942028984,0.00028128094143337675,4.6479824440954225,64.0,0.0,656.2871765449887,875.0495687266516,64.0,44984.0,0.99453125,1.0,sustained_overload,contiguous
1779703900.440873,8257,64,45112,49064,5.021851561082258e-05,5.901337909326404,11.222872018814087,11.804694890975952,0.0,5.904953509705121,0.02567770056528588,0.000575829858649267,0.00010994076728820801,5.648397744434297e-05,1.0,0,1.0,11.6723153591156,0.14186912573151267,630505.5083606022,47.90180088345226,0.0,,11.717352390289307,0.00021600723266601562,4.3768115942028984,0.00028128094143337675,4.6479824440954225,64.0,0.0,698.8223846876687,894.4926524002159,64.0,45048.0,0.9945614640883977,1.0,sustained_overload,contiguous
1779703900.5135484,8311,64,45176,49000,5.1142812438342844e-05,5.935192241696001,11.290884494781494,11.877437114715576,0.0,5.938965452166687,0.02567770056528588,0.000575829858649267,0.00010994076728820801,5.645409823170458e-05,1.0,0,1.0,11.744990825653076,0.1416681423764831,621612.7966196777,47.96975874957526,0.0,,11.790027856826782,0.00021600723266601562,4.3768115942028984,0.00028128094143337675,4.6479824440954225,64.0,0.0,743.0292858478526,880.6273017456032,64.0,45112.0,0.9945913461538461,1.0,sustained_overload,contiguous
1779703900.585973,8361,64,45240,48936,5.604826564820087e-05,5.971795665191649,11.36121153831482,11.950092554092407,0.0,5.975246683975122,0.02567770056528588,0.000575829858649267,0.00010994076728820801,5.645182015721692e-05,1.0,0,1.0,11.817415475845337,0.14146772767462423,624649.2027217872,48.037716615698265,0.0,,11.862452507019043,0.00021600723266601562,4.3768115942028984,0.00028128094143337675,4.6479824440954225,64.0,0.0,690.3726820532572,883.6770330281693,64.0,45176.0,0.9946209016393442,1.0,sustained_overload,contiguous
1779703900.6562724,8410,64,45304,48872,5.1254687548407674e-05,6.006654430697665,11.427817344665527,12.020264148712158,0.0,6.010128787479268,0.02567770056528588,0.000575829858649267,0.00010994076728820801,5.6423053295360704e-05,1.0,0,1.0,11.887714862823486,0.14126787921596326,644443.7419359215,48.10567448182127,0.0,,11.932751893997192,0.00021600723266601562,4.3768115942028984,0.00028128094143337675,4.6479824440954225,64.0,0.0,697.0188803386048,910.3920069728716,64.0,45240.0,0.9946501358695652,1.0,sustained_overload,contiguous
1779703900.7311301,8460,64,45368,48808,5.934215629110895e-05,6.045399944122575,11.50013542175293,12.095088005065918,0.0,6.049122911844641,0.02567770056528588,0.000575829858649267,0.00010994076728820801,5.643908202138001e-05,1.0,0,1.0,11.962572574615479,0.14106859460412624,606056.4625066884,48.17363234794427,0.0,,12.007609605789185,0.00021600723266601562,4.3768115942028984,0.00028128094143337675,4.6479824440954225,64.0,0.0,667.9338548169287,854.9553341656687,64.0,45304.0,0.9946790540540541,1.0,sustained_overload,contiguous
1779703900.800167,8505,64,45432,48744,3.822720306345673e-05,6.082375209518846,11.566842317581177,12.164560794830322,0.0,6.085864083670769,0.02567770056528588,0.000575829858649267,0.00010994076728820801,5.6339517713053136e-05,1.0,0,1.0,12.031609535217285,0.1408698714562423,658082.2736685062,48.24159021406727,0.0,,12.076646566390991,0.00021600723266601562,4.3768115942028984,0.00028128094143337675,4.6479824440954225,64.0,0.0,651.8247560108025,927.0396529931413,64.0,45368.0,0.9947076612903226,1.0,sustained_overload,contiguous
1779703900.8718984,8552,64,45496,48680,4.9667750005255584e-05,6.119969248868417,11.634643793106079,12.23611569404602,0.0,6.123432754931242,0.02567770056528588,0.000575829858649267,0.00010994076728820801,5.630322448535977e-05,1.0,0,1.0,12.103340864181519,0.1406717074028486,634255.6405540063,48.30954808019028,0.0,,12.148377895355225,0.00021600723266601562,4.3768115942028984,0.00028128094143337675,4.6479824440954225,64.0,0.0,655.2227691673619,892.218238866195,64.0,45432.0,0.9947359625668449,1.0,sustained_overload,contiguous
1779703900.9441798,8603,64,45560,48616,5.23067031821256e-05,6.155223364789347,11.703030109405518,12.308175563812256,0.0,6.158818253590359,0.02567770056528588,0.000575829858649267,0.00010994076728820801,5.628159567665916e-05,1.0,0,1.0,12.17562222480774,0.14047410008779632,630314.6427416961,48.377505946313285,0.0,,12.220659255981445,0.00021600723266601562,4.3768115942028984,0.00028128094143337675,4.6479824440954225,64.0,0.0,705.5760926213015,885.4288221130059,64.0,45496.0,0.9947639627659575,1.0,sustained_overload,contiguous
1779703901.0150657,8656,64,45624,48552,4.0935703083277986e-05,6.1880682553468205,11.767042398452759,12.37920880317688,0.0,6.191729764701274,0.02567770056528588,0.000575829858649267,0.00010994076728820801,5.6199112229380915e-05,1.0,0,1.0,12.246508121490479,0.14027704716815712,643625.913405557,48.44546381243629,0.0,,12.291545152664185,0.00021600723266601562,4.3768115942028984,0.00028128094143337675,4.6479824440954225,64.0,0.0,747.6804622675461,902.8594261343952,64.0,45560.0,0.9947916666666666,1.0,sustained_overload,contiguous
1779703901.145509,8704,64,45688,48488,0.0009574996874590624,6.283231910220091,11.894818782806396,12.509557962417603,0.0,6.28687940231146,0.02567770056528588,0.000575829858649267,0.00010994076728820801,6.101889455509258e-05,1.0,0,1.0,12.376951456069946,0.14008054631413064,350251.7023755344,48.51342167855929,0.0,,12.421988487243652,0.00021600723266601562,4.3768115942028984,0.00028128094143337675,4.6479824440954225,64.0,0.0,367.97587362164353,490.6344981621914,64.0,45624.0,0.9948190789473684,1.0,sustained_overload,contiguous
1779703901.2176127,8749,64,45752,48424,4.868715625150344e-05,6.322200677287306,11.963074684143066,12.581377267837524,0.0,6.32596134647602,0.02567770056528588,0.000575829858649267,0.00010994076728820801,6.0953301677362586e-05,1.0,0,1.0,12.449055194854736,0.1398845952089526,634530.2028866662,48.5813795446823,0.0,,12.494092226028442,0.00021600723266601562,4.3768115942028984,0.00028128094143337675,4.6479824440954225,64.0,0.0,624.1007853186741,887.6100057865586,64.0,45688.0,0.9948462041884817,1.0,sustained_overload,contiguous
1779703901.2922318,8797,64,45816,48360,4.9278281196052376e-05,6.361401356086387,12.034913778305054,12.655620098114014,0.0,6.365275457692926,0.02567770056528588,0.000575829858649267,0.00010994076728820801,6.089153769710534e-05,1.0,0,1.0,12.523674249649048,0.1396891915488039,613998.6646345555,48.6493374108053,0.0,,12.568711280822754,0.00021600723266601562,4.3768115942028984,0.00028128094143337675,4.6479824440954225,64.0,0.0,643.2673280613468,857.6897707484624,64.0,45752.0,0.994873046875,1.0,sustained_overload,contiguous
1779703901.3646085,8843,64,45880,48296,4.7610640663720005e-05,6.400380135785843,12.104925870895386,12.7282075881958,0.0,6.404172585838415,0.02567770056528588,0.000575829858649267,0.00010994076728820801,6.082163351882651e-05,1.0,0,1.0,12.59605097770691,0.13949433304272016,633905.417267846,48.717295276928304,0.0,,12.641088008880615,0.00021600723266601562,4.3768115942028984,0.00028128094143337675,4.6479824440954225,64.0,0.0,635.5634087689824,884.2621339394539,64.0,45816.0,0.9948996113989638,1.0,sustained_overload,contiguous
1779703901.4353082,8892,64,45944,48232,4.6749703130899434e-05,6.435232501899605,12.171218156814575,12.798834323883057,0.0,6.439013535685201,0.02567770056528588,0.000575829858649267,0.00010994076728820801,6.0747833584779165e-05,1.0,0,1.0,12.66675066947937,0.1393000174125022,649847.2461218874,48.78525314305131,0.0,,12.711787700653076,0.00021600723266601562,4.3768115942028984,0.00028128094143337675,4.6479824440954225,64.0,0.0,693.0723284862546,905.237327002455,64.0,45880.0,0.9949259020618557,1.0,sustained_overload,contiguous
1779703901.5057144,8938,64,46008,48168,3.9745406226643354e-05,6.472315989116389,12.239389657974243,12.8695387840271,0.0,6.476076370496859,0.02567770056528588,0.000575829858649267,0.00010994076728820801,6.0638399519094685e-05,1.0,0,1.0,12.737156867980957,0.13910624239262737,653465.1916899477,48.853211009174316,0.0,,12.782193899154663,0.00021600723266601562,4.3768115942028984,0.00028128094143337675,4.6479824440954225,64.0,0.0,653.3515653307597,909.0108735036657,64.0,45944.0,0.994951923076923,1.0,sustained_overload,contiguous
1779703901.5768764,8988,64,46072,48104,3.994421874153886e-05,6.506894394862258,12.306259870529175,12.94061541557312,0.0,6.51067670351253,0.02567770056528588,0.000575829858649267,0.00010994076728820801,6.0531152881222866e-05,1.0,0,1.0,12.808318853378296,0.13891300573016147,647424.3199195913,48.92116887529732,0.0,,12.853355884552002,0.00021600723266601562,4.3768115942028984,0.00028128094143337675,4.6479824440954225,64.0,0.0,702.6223301784069,899.3565826283608,64.0,46008.0,0.9949776785714286,1.0,sustained_overload,contiguous
1779703901.6490686,9038,64,46136,48040,4.539907813239097e-05,6.54260573433202,12.374589443206787,13.012824535369873,0.0,6.5463364162503686,0.02567770056528588,0.000575829858649267,0.00010994076728820801,6.0453126391947397e-05,1.0,0,1.0,12.880511045455933,0.1387203051846714,639071.8812137545,48.98912674142032,0.0,,12.925548076629639,0.00021600723266601562,4.3768115942028984,0.00028128094143337675,4.6479824440954225,64.0,0.0,692.5956749758914,886.522463969141,64.0,46072.0,0.9950031725888325,1.0,sustained_overload,contiguous
1779703901.7221045,9086,64,46200,47976,4.5226687589661196e-05,6.5803902253845346,12.444636821746826,13.085681915283203,0.0,6.58422205853975,0.02567770056528588,0.000575829858649267,0.00010994076728820801,6.0375050769301514e-05,1.0,0,1.0,12.95354700088501,0.13852813852813853,632565.1486118139,49.057084607543324,0.0,,12.998584032058716,0.00021600723266601562,4.3768115942028984,0.00028128094143337675,4.6479824440954225,64.0,0.0,657.2105440122741,876.2807253496989,64.0,46136.0,0.9950284090909091,1.0,sustained_overload,contiguous
1779703901.796071,9139,64,46264,47912,5.965859372736304e-05,6.615737812652621,12.514983654022217,13.159703493118286,0.0,6.619654973460134,0.02567770056528588,0.000575829858649267,0.00010994076728820801,6.037139065048515e-05,1.0,0,1.0,13.02751350402832,0.13833650354487292,625472.3156286464,49.125042473666326,0.0,,13.072550535202026,0.00021600723266601562,4.3768115942028984,0.00028128094143337675,4.6479824440954225,64.0,0.0,716.540565630258,865.2565320818211,64.0,46200.0,0.995053391959799,1.0,sustained_overload,contiguous
1779703901.8697267,9193,64,46328,47848,4.3925312567694164e-05,6.6499627191254165,12.583877563476562,13.233290195465088,0.0,6.653781898073674,0.02567770056528588,0.000575829858649267,0.00010994076728820801,6.028787638164569e-05,1.0,0,1.0,13.101169109344482,0.13814539803142808,628981.3219393139,49.19300033978933,0.0,,13.146206140518188,0.00021600723266601562,4.3768115942028984,0.00028128094143337675,4.6479824440954225,64.0,0.0,733.1417584338402,868.9087507364032,64.0,46264.0,0.995078125,1.0,sustained_overload,contiguous
1779703901.9454775,9248,64,46392,47784,5.583646876061721e-05,6.68559120256698,12.655633687973022,13.308982372283936,0.0,6.689500213423942,0.02567770056528588,0.000575829858649267,0.00010994076728820801,6.02653677102637e-05,1.0,0,1.0,13.176919937133789,0.13795481979651664,612428.950994895,49.26095820591234,0.0,,13.221956968307495,0.00021600723266601562,4.3768115942028984,0.00028128094143337675,4.6479824440954225,64.0,0.0,726.0646728901366,844.8752557267045,64.0,46328.0,0.9951026119402985,1.0,sustained_overload,contiguous
1779703902.0187776,9299,64,46456,47720,4.464171880158574e-05,6.721728742987592,12.726367473602295,13.382285118103027,0.0,6.725633663648832,0.02567770056528588,0.000575829858649267,0.00010994076728820801,6.018684339438043e-05,1.0,0,1.0,13.25022006034851,0.13776476666092646,633777.9250918056,49.32891607203534,0.0,,13.295257091522217,0.00021600723266601562,4.3768115942028984,0.00028128094143337675,4.6479824440954225,64.0,0.0,695.76963534704,873.1226796511874,64.0,46392.0,0.9951268564356436,1.0,sustained_overload,contiguous
1779703902.0935698,9350,64,46520,47656,5.731668748865104e-05,6.759368804234121,12.797439336776733,13.457101583480835,0.0,6.7632395879333975,0.02567770056528588,0.000575829858649267,0.00010994076728820801,6.017265457974615e-05,1.0,0,1.0,13.32501220703125,0.13757523645743766,621990.4370084889,49.39687393815834,0.0,,13.370049238204956,0.00021600723266601562,4.3768115942028984,0.00028128094143337675,4.6479824440954225,64.0,0.0,681.8897740204844,855.7048144570786,64.0,46456.0,0.9951508620689655,1.0,sustained_overload,contiguous
1779703902.1663544,9398,64,46584,47592,4.7194953111784343e-05,6.79702137770465,12.86729097366333,13.529776334762573,0.0,6.800971805753558,0.02567770056528588,0.000575829858649267,0.00010994076728820801,6.010802707369692e-05,1.0,0,1.0,13.397796869277954,0.13738622703074016,640024.9525388085,49.464831804281346,0.0,,13.44283390045166,0.00021600723266601562,4.3768115942028984,0.00028128094143337675,4.6479824440954225,64.0,0.0,659.4796007612658,879.3061343483545,64.0,46520.0,0.9951746323529411,1.0,sustained_overload,contiguous
1779703902.237895,9448,64,46648,47528,4.967645307374369e-05,6.832172018554378,12.934428215026855,13.601373672485352,0.0,6.836206597398402,0.02567770056528588,0.000575829858649267,0.00010994076728820801,6.005620523521559e-05,1.0,0,1.0,13.469337463378906,0.1371977362373521,652049.3796036165,49.53278967040435,0.0,,13.514374494552612,0.00021600723266601562,4.3768115942028984,0.00028128094143337675,4.6479824440954225,64.0,0.0,698.9038968483285,894.5969879658605,64.0,46584.0,0.9951981707317074,1.0,sustained_overload,contiguous
1779703902.310397,9495,64,46712,47464,3.9522671912095575e-05,6.870181637115303,13.004387140274048,13.67369294166565,0.0,6.874214239692608,0.02567770056528588,0.000575829858649267,0.00010994076728820801,5.995501661438344e-05,1.0,0,1.0,13.541839361190796,0.1370097619455386,644286.5829691379,49.60074753652735,0.0,,13.586876392364502,0.00021600723266601562,4.3768115942028984,0.00028128094143337675,4.6479824440954225,64.0,0.0,648.2588927802167,882.7355135730611,64.0,46648.0,0.9952214805825242,1.0,sustained_overload,contiguous
1779703902.3839483,9546,64,46776,47400,4.1773593764560246e-05,6.9067721098447645,13.075734615325928,13.747477293014526,0.0,6.9107218269796675,0.02567770056528588,0.000575829858649267,0.00010994076728820801,5.986586087129229e-05,1.0,0,1.0,13.61539077758789,0.13682230203523174,635963.2797207104,49.66870540265036,0.0,,13.660427808761597,0.00021600723266601562,4.3768115942028984,0.00028128094143337675,4.6479824440954225,64.0,0.0,693.3924932819444,870.1395994126361,64.0,46712.0,0.9952445652173914,1.0,sustained_overload,contiguous
1779703902.4584322,9597,64,46840,47336,5.424314063873226e-05,6.943741682963879,13.144150018692017,13.821642398834229,0.0,6.947741722567498,0.02567770056528588,0.000575829858649267,0.00010994076728820801,5.983844514983166e-05,1.0,0,1.0,13.689874649047852,0.13663535439795046,628860.974622929,49.73666326877336,0.0,,13.734911680221558,0.00021600723266601562,4.3768115942028984,0.00028128094143337675,4.6479824440954225,64.0,0.0,684.7119920104478,859.2464213464444,64.0,46776.0,0.9952674278846154,1.0,sustained_overload,contiguous
1779703902.5299776,9646,64,46904,47272,3.917521878804564e-05,6.979845278865823,13.213445901870728,13.893487453460693,0.0,6.983864875349541,0.02567770056528588,0.000575829858649267,0.00010994076728820801,5.97381064077791e-05,1.0,0,1.0,13.761420011520386,0.13644891693672181,655584.0711269882,49.804621134896365,0.0,,13.806457042694092,0.00021600723266601562,4.3768115942028984,0.00028128094143337675,4.6479824440954225,64.0,0.0,684.8801698196833,894.5373646624433,64.0,46840.0,0.9952900717703349,1.0,sustained_overload,contiguous
1779703902.6019669,9698,64,46968,47208,4.568910939894977e-05,7.013730699898167,13.28125262260437,13.965263843536377,0.0,7.017878715707218,0.02567770056528588,0.000575829858649267,0.00010994076728820801,5.967011503197778e-05,1.0,0,1.0,13.833409309387207,0.13626298756600239,652430.3110566494,49.87257900101937,0.0,,13.878446340560913,0.00021600723266601562,4.3768115942028984,0.00028128094143337675,4.6479824440954225,64.0,0.0,722.3295898259616,889.0210336319528,64.0,46904.0,0.9953125,1.0,sustained_overload,contiguous
1779703902.6744673,9751,64,47032,47144,4.527435940815394e-05,7.0476425426256775,13.34906816482544,14.03776478767395,0.0,7.051746710552455,0.02567770056528588,0.000575829858649267,0.00010994076728820801,5.960084732156288e-05,1.0,0,1.0,13.905909776687622,0.1360775642116006,648713.0600843832,49.94053686714237,0.0,,13.950946807861328,0.00021600723266601562,4.3768115942028984,0.00028128094143337675,4.6479824440954225,64.0,0.0,731.0297708894435,882.7529308853658,64.0,46968.0,0.9953347156398105,1.0,sustained_overload,contiguous
1779703902.7475567,9799,64,47096,47080,3.9595546908799406e-05,7.0854159789929705,13.419292688369751,14.11053991317749,0.0,7.089666549448449,0.02567770056528588,0.000575829858649267,0.00010994076728820801,5.950510589166237e-05,1.0,0,1.0,13.978999137878418,0.13589264481059962,644361.9048339798,50.00849473326537,0.0,,14.024036169052124,0.00021600723266601562,4.3768115942028984,0.00028128094143337675,4.6479824440954225,64.0,0.0,656.7303259731406,875.6404346308541,64.0,47032.0,0.9953567216981132,1.0,sustained_overload,contiguous
1779703902.8205793,9852,64,47160,47016,3.857473436141845e-05,7.119894640703946,13.48857593536377,14.183599710464478,0.0,7.12412242375333,0.02567770056528588,0.000575829858649267,0.00010994076728820801,5.940541808700921e-05,1.0,0,1.0,14.052021741867065,0.13570822731128074,645827.4208809615,50.076452599388375,0.0,,14.097058773040771,0.00021600723266601562,4.3768115942028984,0.00028128094143337675,4.6479824440954225,64.0,0.0,725.8026570545156,876.4409443677171,64.0,47096.0,0.9953785211267606,1.0,sustained_overload,contiguous
1779703902.8946233,9903,64,47224,46952,4.981721872354683e-05,7.156900528725759,13.560170412063599,14.257751941680908,0.0,7.161048712807841,0.02567770056528588,0.000575829858649267,0.00010994076728820801,5.936010512317231e-05,1.0,0,1.0,14.126065731048584,0.1355243096730476,637783.0330593148,50.14441046551138,0.0,,14.17110276222229,0.00021600723266601562,4.3768115942028984,0.00028128094143337675,4.6479824440954225,64.0,0.0,688.7797451724771,864.3510527654614,64.0,47160.0,0.9954001168224299,1.0,sustained_overload,contiguous
1779703902.9703674,9954,64,47288,46888,4.711512502808546e-05,7.195026981161256,13.630476474761963,14.333037376403809,0.0,7.199239935180156,0.02567770056528588,0.000575829858649267,0.00010994076728820801,5.930235819450663e-05,1.0,0,1.0,14.201809883117676,0.13534088986635087,624312.2235610367,50.21236833163438,0.0,,14.246846914291382,0.00021600723266601562,4.3768115942028984,0.00028128094143337675,4.6479824440954225,64.0,0.0,673.3193072579274,844.9497189119089,64.0,47224.0,0.9954215116279069,1.0,sustained_overload,contiguous
1779703903.0444045,10000,64,47352,46824,4.313065622341128e-05,7.235611281730586,13.702219724655151,14.40719985961914,0.0,7.239923076881477,0.02567770056528588,0.000575829858649267,0.00010994076728820801,5.922640633398847e-05,1.0,0,1.0,14.2758469581604,0.1351579658726136,639571.4575795243,50.28032619775738,0.0,,14.320883989334106,0.00021600723266601562,4.3768115942028984,0.00028128094143337675,4.6479824440954225,64.0,0.0,621.310336388286,864.431772366311,64.0,47288.0,0.9954427083333334,1.0,sustained_overload,contiguous
1779703903.1181204,10049,64,47416,46760,5.5699609347925616e-05,7.273727003186853,13.77135157585144,14.481064081192017,0.0,7.277879888915752,0.02567770056528588,0.000575829858649267,0.00010994076728820801,5.9209890610182406e-05,1.0,0,1.0,14.349562883377075,0.13497553568415724,643226.0038876149,50.3482840638804,0.0,,14.394599914550781,0.00021600723266601562,4.3768115942028984,0.00028128094143337675,4.6479824440954225,64.0,0.0,664.7138980616908,868.1977444071064,64.0,47352.0,0.9954637096774194,1.0,sustained_overload,contiguous
1779703903.1931958,10100,64,47480,46696,5.0262906242437566e-05,7.311380548907465,13.843554973602295,14.555918216705322,0.0,7.315621641150246,0.02567770056528588,0.000575829858649267,0.00010994076728820801,5.9168250406884627e-05,1.0,0,1.0,14.424638271331787,0.13479359730412804,632430.9643080578,50.4162419300034,0.0,,14.469675302505493,0.00021600723266601562,4.3768115942028984,0.00028128094143337675,4.6479824440954225,64.0,0.0,679.3171689071387,852.4764472560172,64.0,47416.0,0.9954845183486238,1.0,sustained_overload,contiguous
1779703903.2690625,10150,64,47544,46632,5.193231244504659e-05,7.350538782838808,13.914331912994385,14.631577730178833,0.0,7.3550517750756566,0.02567770056528588,0.000575829858649267,0.00010994076728820801,5.913474888857279e-05,1.0,0,1.0,14.500504970550537,0.13461214874642438,626678.1142397425,50.484199796126404,0.0,,14.545542001724243,0.00021600723266601562,4.3768115942028984,0.00028128094143337675,4.6479824440954225,64.0,0.0,659.0506838294449,843.5848753016894,64.0,47480.0,0.9955051369863014,1.0,sustained_overload,contiguous
1779703903.343304,10200,64,47608,46568,4.473470310983885e-05,7.388846117043975,13.986482858657837,14.706388711929321,0.0,7.392927718721856,0.02567770056528588,0.000575829858649267,0.00010994076728820801,5.906836772791345e-05,1.0,0,1.0,14.574746370315552,0.13443118803562426,641259.4610377307,50.55215766224941,0.0,,14.619783401489258,0.00021600723266601562,4.3768115942028984,0.00028128094143337675,4.6479824440954225,64.0,0.0,673.4786811436426,862.0527118638624,64.0,47544.0,0.9955255681818181,1.0,sustained_overload,contiguous
1779703903.418832,10252,64,47672,46504,4.933149995167696e-05,7.42620236419881,14.057744979858398,14.781693935394287,0.0,7.430530551951965,0.02567770056528588,0.000575829858649267,0.00010994076728820801,5.902367806184113e-05,1.0,0,1.0,14.650274515151978,0.13425071320691392,631181.926992184,50.62011552837241,0.0,,14.695311546325684,0.00021600723266601562,4.3768115942028984,0.00028128094143337675,4.6479824440954225,64.0,0.0,688.4850688788716,847.3662386201497,64.0,47608.0,0.995545814479638,1.0,sustained_overload,contiguous
1779703903.4922168,10301,64,47736,46440,3.86328125188129e-05,7.4636029936064405,14.128396272659302,14.85487151145935,0.0,7.468020814977814,0.02567770056528588,0.000575829858649267,0.00010994076728820801,5.8930536177481605e-05,1.0,0,1.0,14.72365927696228,0.13407072230601644,650489.2681044062,50.68807339449541,0.0,,14.768696308135986,0.00021600723266601562,4.3768115942028984,0.00028128094143337675,4.6479824440954225,64.0,0.0,667.7135523947524,872.115660270697,64.0,47672.0,0.9955658783783784,1.0,sustained_overload,contiguous
1779703903.5677695,10355,64,47800,46376,4.8906859390740465e-05,7.499901041862925,14.198034763336182,14.93055510520935,0.0,7.50423521601381,0.02567770056528588,0.000575829858649267,0.00010994076728820801,5.8885133671436166e-05,1.0,0,1.0,14.799211978912354,0.13389121338912136,632670.9537348804,50.756031260618414,0.0,,14.84424901008606,0.00021600723266601562,4.3768115942028984,0.00028128094143337675,4.6479824440954225,64.0,0.0,714.7328766042582,847.090816716158,64.0,47736.0,0.9955857623318386,1.0,sustained_overload,contiguous
1779703903.643098,10402,64,47864,46312,4.7793656108297e-05,7.540697014678918,14.270570516586304,15.005716323852539,0.0,7.545083885989496,0.02567770056528588,0.000575829858649267,0.00010994076728820801,5.883490265529171e-05,1.0,0,1.0,14.874540567398071,0.13371218452281466,635402.8525182703,50.823989126741424,0.0,,14.919577598571777,0.00021600723266601562,4.3768115942028984,0.00028128094143337675,4.6479824440954225,64.0,0.0,623.933103550867,849.6110346224573,64.0,47800.0,0.99560546875,1.0,sustained_overload,contiguous
1779703903.7207427,10455,64,47928,46248,6.0170843724449696e-05,7.579638659410564,14.345447301864624,15.083371639251709,0.0,7.584180293519808,0.02567770056528588,0.000575829858649267,0.00010994076728820801,5.8840886079517084e-05,1.0,0,1.0,14.952185153961182,0.13353363378400934,617274.1992906821,50.891946992864426,0.0,,14.997222185134888,0.00021600723266601562,4.3768115942028984,0.00028128094143337675,4.6479824440954225,64.0,0.0,682.5974912870588,824.2686687239955,64.0,47864.0,0.995625,1.0,sustained_overload,contiguous
1779703903.7972298,10513,64,47992,46184,5.921695326094323e-05,7.613749544156109,14.417587757110596,15.159769296646118,0.0,7.6181985364166565,0.02567770056528588,0.000575829858649267,0.00010994076728820801,5.884262854210616e-05,1.0,0,1.0,15.028672218322754,0.13335555925987663,627452.5032511456,50.95990485898743,0.0,,15.07370924949646,0.00021600723266601562,4.3768115942028984,0.00028128094143337675,4.6479824440954225,64.0,0.0,758.2981577880988,836.7427948006608,64.0,47928.0,0.9956443584070797,1.0,sustained_overload,contiguous
1779703903.8734682,10564,64,48056,46120,5.27634843621172e-05,7.65236437662524,14.490903615951538,15.235607385635376,0.0,7.656938774867917,0.02567770056528588,0.000575829858649267,0.00010994076728820801,5.881546944895656e-05,1.0,0,1.0,15.104910612106323,0.1331779590477776,630338.5684701673,51.02786272511043,0.0,,15.14994764328003,0.00021600723266601562,4.3768115942028984,0.00028128094143337675,4.6479824440954225,64.0,0.0,668.9542823368265,839.472040579547,64.0,47992.0,0.9956635462555066,1.0,sustained_overload,contiguous
1779703903.9505095,10619,64,48120,46056,4.799362505991667e-05,7.689155373910461,14.56370496749878,15.31250262260437,0.0,7.694152606278379,0.02567770056528588,0.000575829858649267,0.00010994076728820801,5.876734173831373e-05,1.0,0,1.0,15.181951999664307,0.13300083125519535,624599.3423182261,51.095820591233434,0.0,,15.226989030838013,0.00021600723266601562,4.3768115942028984,0.00028128094143337675,4.6479824440954225,64.0,0.0,713.9019914277314,830.7223172977239,64.0,48056.0,0.9956825657894737,1.0,sustained_overload,contiguous
1779703904.0260057,10671,64,48184,45992,4.65197812502538e-05,7.7272332032403215,14.636189937591553,15.388509511947632,0.0,7.731658022748119,0.02567770056528588,0.000575829858649267,0.00010994076728820801,5.871319743221222e-05,1.0,0,1.0,15.257448196411133,0.13282417399966795,638230.8258730349,51.163778457356436,0.0,,15.302485227584839,0.00021600723266601562,4.3768115942028984,0.00028128094143337675,4.6479824440954225,64.0,0.0,688.7764184251581,847.7248226771176,64.0,48120.0,0.9957014192139738,1.0,sustained_overload,contiguous
1779703904.1012964,10719,64,48248,45928,5.245468747716586e-05,7.767227218206765,14.708770275115967,15.463560104370117,0.0,7.771691955730948,0.02567770056528588,0.000575829858649267,0.00010994076728820801,5.868562059934133e-05,1.0,0,1.0,15.332738876342773,0.1326479854087216,640823.008157268,51.23173632347944,0.0,,15.37777590751648,0.00021600723266601562,4.3768115942028984,0.00028128094143337675,4.6479824440954225,64.0,0.0,637.5291077671378,850.0388103561838,64.0,48184.0,0.9957201086956522,1.0,sustained_overload,contiguous
1779703904.1773417,10769,64,48312,45864,4.807593749944772e-05,7.806624614319399,14.781179189682007,15.53947925567627,0.0,7.811510072469579,0.02567770056528588,0.000575829858649267,0.00010994076728820801,5.8639068078634756e-05,1.0,0,1.0,15.40878415107727,0.1324722636198046,635305.7460660841,51.29969418960245,0.0,,15.453821182250977,0.00021600723266601562,4.3768115942028984,0.00028128094143337675,4.6479824440954225,64.0,0.0,657.5030490003355,841.6039027204293,64.0,48248.0,0.9957386363636364,1.0,sustained_overload,contiguous
1779703904.2535985,10817,64,48376,45800,4.737110940311595e-05,7.848204001009847,14.8553946018219,15.616173505783081,0.0,7.8527774758903774,0.02567770056528588,0.000575829858649267,0.00010994076728820801,5.858983693774828e-05,1.0,0,1.0,15.48504090309143,0.1322970067802216,634383.168994885,51.36765205572546,0.0,,15.530077934265137,0.00021600723266601562,4.3768115942028984,0.00028128094143337675,4.6479824440954225,64.0,0.0,629.4524580733107,839.2699440977476,64.0,48312.0,0.9957570043103449,1.0,sustained_overload,contiguous
1779703904.3305395,10865,64,48440,45736,5.423968748630159e-05,7.88974237167371,14.92969274520874,15.69286298751831,0.0,7.894342506666423,0.02567770056528588,0.000575829858649267,0.00010994076728820801,5.857092384804323e-05,1.0,0,1.0,15.561981916427612,0.13212221304706853,629573.200294998,51.43560992184846,0.0,,15.607018947601318,0.00021600723266601562,4.3768115942028984,0.00028128094143337675,4.6479824440954225,64.0,0.0,623.8545337357536,831.8060449810049,64.0,48376.0,0.9957752145922747,1.0,sustained_overload,contiguous
1779703904.4069886,10914,64,48504,45672,4.72062499028425e-05,7.93034189776206,15.000483274459839,15.7693452835083,0.0,7.935033588703677,0.02567770056528588,0.000575829858649267,0.00010994076728820801,5.8521720039773524e-05,1.0,0,1.0,15.638431072235107,0.13194788058716805,634460.8974118278,51.50356778797146,0.0,,15.683468103408813,0.00021600723266601562,4.3768115942028984,0.00028128094143337675,4.6479824440954225,64.0,0.0,640.9488696433194,837.1577072892335,64.0,48440.0,0.9957932692307693,1.0,sustained_overload,contiguous
1779703904.4842205,10966,64,48568,45608,5.9950249948315104e-05,7.969389364505356,15.074960231781006,15.846460580825806,0.0,7.974053492763356,0.02567770056528588,0.000575829858649267,0.00010994076728820801,5.8527857833107585e-05,1.0,0,1.0,15.715662956237793,0.13177400757700541,628859.4487519063,51.571525654094465,0.0,,15.760699987411499,0.00021600723266601562,4.3768115942028984,0.00028128094143337675,4.6479824440954225,64.0,0.0,673.2970543382294,828.6732976470515,64.0,48504.0,0.995811170212766,1.0,sustained_overload,contiguous
1779703904.562046,11023,64,48632,45544,5.134265624917589e-05,8.00533092251852,15.14856505393982,15.92406439781189,0.0,8.010112924741685,0.02567770056528588,0.000575829858649267,0.00010994076728820801,5.849702593715742e-05,1.0,0,1.0,15.793488502502441,0.1316005922026649,624884.7882753719,51.63948352021747,0.0,,15.838525533676147,0.00021600723266601562,4.3768115942028984,0.00028128094143337675,4.6479824440954225,64.0,0.0,732.4073229909566,822.3520819547582,64.0,48568.0,0.9958289194915254,1.0,sustained_overload,contiguous
1779703904.638896,11073,64,48696,45480,5.682284376007374e-05,8.045712192589475,15.22171688079834,16.00104022026062,0.0,8.050398646619405,0.02567770056528588,0.000575829858649267,0.00010994076728820801,5.848986391657821e-05,1.0,0,1.0,15.870338439941406,0.13142763265976673,633650.4833029299,51.70744138634047,0.0,,15.915375471115112,0.00021600723266601562,4.3768115942028984,0.00028128094143337675,4.6479824440954225,64.0,0.0,650.6186168298525,832.7918295422112,64.0,48632.0,0.9958465189873418,1.0,sustained_overload,contiguous
1779703904.7145085,11123,64,48760,45416,4.153203119017235e-05,8.084778724077898,15.293720006942749,16.076717376708984,0.0,8.08945110424283,0.02567770056528588,0.000575829858649267,0.00010994076728820801,5.841769150663045e-05,1.0,0,1.0,15.945950984954834,0.13125512715340443,644866.5362518998,51.77539925246347,0.0,,15.99098801612854,0.00021600723266601562,4.3768115942028984,0.00028128094143337675,4.6479824440954225,64.0,0.0,661.265931349364,846.4203921271859,64.0,48696.0,0.9958639705882353,1.0,sustained_overload,contiguous
1779703904.7910242,11173,64,48824,45352,4.9438468764151366e-05,8.12485086697394,15.364519834518433,16.15342092514038,0.0,8.129498512024517,0.02567770056528588,0.000575829858649267,0.00010994076728820801,5.837964267567756e-05,1.0,0,1.0,16.0224666595459,0.1310830738980829,638091.4794378836,51.843357118586475,0.0,,16.067503690719604,0.00021600723266601562,4.3768115942028984,0.00028128094143337675,4.6479824440954225,64.0,0.0,653.4608793194777,836.4299255289316,64.0,48760.0,0.9958812761506276,1.0,sustained_overload,contiguous
1779703904.8671715,11220,64,48888,45288,4.174490622688154e-05,8.166189758241162,15.43799877166748,16.229236602783203,0.0,8.17098889432806,0.02567770056528588,0.000575829858649267,0.00010994076728820801,5.830943970584575e-05,1.0,0,1.0,16.09861397743225,0.13091147111765666,642018.6732376285,51.91131498470948,0.0,,16.143651008605957,0.00021600723266601562,4.3768115942028984,0.00028128094143337675,4.6479824440954225,64.0,0.0,617.2246285830581,840.4760899854408,64.0,48824.0,0.9958984375,1.0,sustained_overload,contiguous
1779703904.9435353,11271,64,48952,45224,4.804251564394235e-05,8.205068233087975,15.510273933410645,16.30550241470337,0.0,8.20971069212777,0.02567770056528588,0.000575829858649267,0.00010994076728820801,5.8266327776052076e-05,1.0,0,1.0,16.174977779388428,0.13074031704526884,641036.7051668316,51.97927285083248,0.0,,16.220014810562134,0.00021600723266601562,4.3768115942028984,0.00028128094143337675,4.6479824440954225,64.0,0.0,667.8556946296047,838.0934207116609,64.0,48888.0,0.9959154564315352,1.0,sustained_overload,contiguous
1779703905.0180583,11323,64,49016,45160,4.345990626575258e-05,8.241711959854767,15.582573413848877,16.380247831344604,0.0,8.246351002726316,0.02567770056528588,0.000575829858649267,0.00010994076728820801,5.820430821208745e-05,1.0,0,1.0,16.24950075149536,0.13056960992329036,657730.0745556224,52.04723071695548,0.0,,16.294537782669067,0.00021600723266601562,4.3768115942028984,0.00028128094143337675,4.6479824440954225,64.0,0.0,697.7714190650474,858.795592695443,64.0,48952.0,0.9959323347107438,1.0,sustained_overload,contiguous
1779703905.0975854,11378,64,49080,45096,5.288784367962762e-05,8.280733972852921,15.65781855583191,16.459568977355957,0.0,8.285535198061261,0.02567770056528588,0.000575829858649267,0.00010994076728820801,5.8182166083385644e-05,1.0,0,1.0,16.329027891159058,0.13039934800325997,617147.8090064486,52.115188583078485,0.0,,16.374064922332764,0.00021600723266601562,4.3768115942028984,0.00028128094143337675,4.6479824440954225,64.0,0.0,691.5878055288238,804.7567191608132,64.0,49016.0,0.9959490740740741,1.0,sustained_overload,contiguous
1779703905.175187,11423,64,49144,45032,4.33515156004205e-05,8.325050283096363,15.732043743133545,16.53695845603943,0.0,8.329900905044028,0.02567770056528588,0.000575829858649267,0.00010994076728820801,5.812062643851593e-05,1.0,0,1.0,16.40662956237793,0.1302295295458245,633285.3304330461,52.18314644920149,0.0,,16.451666593551636,0.00021600723266601562,4.3768115942028984,0.00028128094143337675,4.6479824440954225,64.0,0.0,579.8844186368035,824.7245065056761,64.0,49080.0,0.9959656762295082,1.0,sustained_overload,contiguous
1779703905.2507796,11473,64,49208,44968,4.9944265541057575e-05,8.364035454837945,15.803837776184082,16.612653970718384,0.0,8.368923879900446,0.02567770056528588,0.000575829858649267,0.00010994076728820801,5.808683890063333e-05,1.0,0,1.0,16.482222080230713,0.13006015282067956,650963.896927376,52.251104315324504,0.0,,16.52725911140442,0.00021600723266601562,4.3768115942028984,0.00028128094143337675,4.6479824440954225,64.0,0.0,661.4411243368721,846.6446391511963,64.0,49144.0,0.9959821428571428,1.0,sustained_overload,contiguous
1779703905.3274593,11523,64,49272,44904,4.811553134231872e-05,8.404100428658873,15.878301620483398,16.689445734024048,0.0,8.408956056280193,0.02567770056528588,0.000575829858649267,0.00010994076728820801,5.804580091665234e-05,1.0,0,1.0,16.5589017868042,0.1298912161065108,642568.9690502398,52.31906218144751,0.0,,16.603938817977905,0.00021600723266601562,4.3768115942028984,0.00028128094143337675,4.6479824440954225,64.0,0.0,652.0630064237698,834.6406482224254,64.0,49208.0,0.9959984756097561,1.0,sustained_overload,contiguous
1779703905.403161,11575,64,49336,44840,4.5172140616500656e-05,8.441895403479645,15.950469255447388,16.765419483184814,0.0,8.446598589133758,0.02567770056528588,0.000575829858649267,0.00010994076728820801,5.799301994391289e-05,1.0,0,1.0,16.63460350036621,0.12972271769093563,651715.7628088034,52.38702004757051,0.0,,16.679640531539917,0.00021600723266601562,4.3768115942028984,0.00028128094143337675,4.6479824440954225,64.0,0.0,686.9065117978307,845.4233991357916,64.0,49272.0,0.9960146761133604,1.0,sustained_overload,contiguous
1779703905.4808884,11625,64,49400,44776,5.9066562556608915e-05,8.482723960388949,16.023401975631714,16.842988967895508,0.0,8.487463997090693,0.02567770056528588,0.000575829858649267,0.00010994076728820801,5.7997514520467546e-05,1.0,0,1.0,16.71233081817627,0.12955465587044535,635555.1869256346,52.45497791369351,0.0,,16.757367849349976,0.00021600723266601562,4.3768115942028984,0.00028128094143337675,4.6479824440954225,64.0,0.0,643.2744806939622,823.3913352882716,64.0,49336.0,0.9960307459677419,1.0,sustained_overload,contiguous
1779703905.558799,11675,64,49464,44712,4.650587501942027e-05,8.524023767653313,16.09649896621704,16.92105984687805,0.0,8.528716306683155,0.02567770056528588,0.000575829858649267,0.00010994076728820801,5.795079544761053e-05,1.0,0,1.0,16.790241479873657,0.12938702895034773,634881.0152854664,52.522935779816514,0.0,,16.835278511047363,0.00021600723266601562,4.3768115942028984,0.00028128094143337675,4.6479824440954225,64.0,0.0,641.7606898809906,821.453683047668,64.0,49400.0,0.9960466867469879,1.0,sustained_overload,contiguous
1779703905.6350536,11727,64,49528,44648,4.627921876476648e-05,8.561466684442456,16.169122457504272,16.99671459197998,0.0,8.566405300245446,0.02567770056528588,0.000575829858649267,0.00010994076728820801,5.7903524508694755e-05,1.0,0,1.0,16.866496086120605,0.12921983524471006,649508.3043194147,52.590893645939516,0.0,,16.91153311729431,0.00021600723266601562,4.3768115942028984,0.00028128094143337675,4.6479824440954225,64.0,0.0,681.9260181030844,839.2935607422577,64.0,49464.0,0.9960625,1.0,sustained_overload,contiguous
1779703905.7114823,11779,64,49592,44584,5.5274421882245406e-05,8.60007817983386,16.243488550186157,17.073543787002563,0.0,8.604887081870267,0.02567770056528588,0.000575829858649267,0.00010994076728820801,5.789291430425778e-05,1.0,0,1.0,16.942924737930298,0.12905307307630262,648866.6072964921,52.65885151206252,0.0,,16.987961769104004,0.00021600723266601562,4.3768115942028984,0.00028128094143337675,4.6479824440954225,64.0,0.0,680.3731162166799,837.3822968820676,64.0,49528.0,0.9960781872509961,1.0,sustained_overload,contiguous
1779703905.7876887,11827,64,49656,44520,4.3990953159323e-05,8.64088218658912,16.315604209899902,17.149677515029907,0.0,8.645750684798264,0.02567770056528588,0.000575829858649267,0.00010994076728820801,5.7837065899122966e-05,1.0,0,1.0,17.019131183624268,0.1288867407765426,651598.4251438369,52.72680937818552,0.0,,17.064168214797974,0.00021600723266601562,4.3768115942028984,0.00028128094143337675,4.6479824440954225,64.0,0.0,629.8679798393783,839.823973119171,64.0,49592.0,0.99609375,1.0,sustained_overload,contiguous
1779703905.866338,11881,64,49720,44456,4.819745312545365e-05,8.679855596008,16.39173173904419,17.228354454040527,0.0,8.684692476971284,0.02567770056528588,0.000575829858649267,0.00010994076728820801,5.779848696177525e-05,1.0,0,1.0,17.097780466079712,0.12872083668543846,632173.5996532062,52.794767244308524,0.0,,17.142817497253418,0.00021600723266601562,4.3768115942028984,0.00028128094143337675,4.6479824440954225,64.0,0.0,686.592405093989,813.739146778061,64.0,49656.0,0.9961091897233202,1.0,sustained_overload,contiguous
1779703905.943859,11930,64,49784,44392,4.749068743592488e-05,8.720878694848619,16.463257551193237,17.305453538894653,0.0,8.72597731042681,0.02567770056528588,0.000575829858649267,0.00010994076728820801,5.775742019578164e-05,1.0,0,1.0,17.175301551818848,0.12855535915153463,642199.4677361316,52.862725110431526,0.0,,17.220338582992554,0.00021600723266601562,4.3768115942028984,0.00028128094143337675,4.6479824440954225,64.0,0.0,632.0860902914682,825.5818322174279,64.0,49720.0,0.9961245078740157,1.0,sustained_overload,contiguous
1779703906.0219502,11981,64,49848,44328,5.535701561143469e-05,8.761461936559213,16.538853645324707,17.38359308242798,0.0,8.76644267073828,0.02567770056528588,0.000575829858649267,0.00010994076728820801,5.7747923817228934e-05,1.0,0,1.0,17.253392696380615,0.12839030653185685,638331.020498385,52.930682976554536,0.0,,17.29842972755432,0.00021600723266601562,4.3768115942028984,0.00028128094143337675,4.6479824440954225,64.0,0.0,653.0830132686895,819.5551539058064,64.0,49784.0,0.9961397058823529,1.0,sustained_overload,contiguous
1779703906.0999599,12032,64,49912,44264,4.934907816789291e-05,8.802080214373191,16.61335277557373,17.46177840232849,0.0,8.806909408711146,0.02567770056528588,0.000575829858649267,0.00010994076728820801,5.771471098509773e-05,1.0,0,1.0,17.33140230178833,0.12822567719185768,639818.6446289074,52.99864084267754,0.0,,17.376439332962036,0.00021600723266601562,4.3768115942028984,0.00028128094143337675,4.6479824440954225,64.0,0.0,653.7656450567855,820.4117898751819,64.0,49848.0,0.99615478515625,1.0,sustained_overload,contiguous
1779703906.1772316,12085,64,49976,44200,5.486446875124784e-05,8.840115733063522,16.68783164024353,17.5388286113739,0.0,8.844994822405813,0.02567770056528588,0.000575829858649267,0.00010994076728820801,5.770350646277953e-05,1.0,0,1.0,17.408674001693726,0.12806146950536257,646756.83414738,53.06659870880054,0.0,,17.45371103286743,0.00021600723266601562,4.3768115942028984,0.00028128094143337675,4.6479824440954225,64.0,0.0,685.8914721028322,828.2463059354955,64.0,49912.0,0.996169747081712,1.0,sustained_overload,contiguous
1779703906.2586672,12137,64,49784,44392,5.168859371451617e-05,8.882633254643437,16.76263403892517,17.61922597885132,0.0,8.887581740205874,0.025861881874703074,0.0005689021703359243,0.00010994076728820801,5.7679478481168764e-05,1.0,0,1.0,17.49010968208313,0.12855535915153463,620772.1205037972,52.862725110431526,0.0,,17.535146713256836,17.334588766098022,1220.419445069866,1.7337120294570922,126.22512870667249,0.0,192.0,638.5407446877031,2357.688903462288,321.0,50232.0,0.9961845930232558,1.0,sustained_overload,contiguous
1779703906.335743,12188,64,49848,44328,4.896812500021497e-05,8.922016926913058,16.8349552154541,17.696194171905518,0.0,8.926937574353309,0.025861881874703074,0.0005689021703359243,0.00010893895075871394,5.7646155474775764e-05,1.0,0,1.0,17.567185401916504,0.12839030653185685,646740.6351541547,52.930682976554536,0.0,,17.61222243309021,17.334588766098022,1220.419445069866,1.7337120294570922,126.22512870667249,64.0,0.0,661.6869762650837,830.3522839404973,64.0,49784.0,0.9961993243243243,1.0,sustained_overload,contiguous
1779703906.4155781,12239,64,49652,44524,5.628096874943367e-05,8.962656301276935,16.912139892578125,17.773027658462524,0.0,8.96774521667784,0.026196310394688657,0.00055851748115138,0.00010893895075871394,5.755569103650853e-05,1.0,0,1.0,17.6470205783844,0.12889712398292114,670105.6146786798,52.722562011552846,0.0,,17.692057609558105,17.491732120513916,1316.5040615251417,4.360055863857269,311.4031804031951,0.0,196.0,638.8161491759071,2455.058141930937,1858.0,51640.0,0.9962139423076923,1.0,sustained_overload,contiguous
1779703906.495174,12289,64,48691,45485,4.375143750223742e-05,9.004285417886376,16.98758840560913,17.851035833358765,0.0,9.00911133524729,0.02635347688352907,0.0005519452033104834,0.00010781577139189749,5.7365265263569096e-05,1.0,0,1.0,17.726616382598877,0.13144112875069314,637483.3510479289,51.70213217804961,0.0,,17.771653413772583,0.0002117156982421875,4.169014084507042,4.024683237075806,287.7697829940652,0.0,961.0,628.1738151080278,12073.500726376296,577.0,50164.0,0.9962284482758621,1.0,sustained_overload,contiguous
1779703906.5736227,12340,64,48755,45421,5.005476555197674e-05,9.045365480425431,17.063868284225464,17.92976689338684,0.0,9.050531485503717,0.02635347688352907,0.0005519452033104834,0.0001068186404100105,6.055821249389469e-05,1.0,0,1.0,17.805065155029297,0.1312685878371449,621488.373744066,51.77009004417261,0.0,,17.850102186203003,0.0002117156982421875,4.169014084507042,4.024683237075806,287.7697829940652,64.0,0.0,650.1057750168674,815.8190117858727,64.0,48691.0,0.9962428435114504,1.0,sustained_overload,contiguous
1779703906.6494386,12388,64,48819,45357,5.386190629508292e-05,9.086090981659046,17.13506841659546,18.005953788757324,0.0,9.091046939946255,0.02635347688352907,0.0005519452033104834,0.0001068186404100105,5.849497406645967e-05,1.0,0,1.0,17.8808810710907,0.13109649931379175,643914.9262598469,51.838047910295614,0.0,,17.925918102264404,0.0002117156982421875,4.169014084507042,4.024683237075806,287.7697829940652,64.0,0.0,633.1124451642321,844.1499268856429,64.0,48755.0,0.9962571292775665,1.0,sustained_overload,contiguous
1779703906.7261388,12434,64,48883,45293,4.338575003259848e-05,9.128303699818897,17.208590030670166,18.082195520401,0.0,9.133423504655228,0.02635347688352907,0.0005519452033104834,0.0001068186404100105,5.808248445867623e-05,1.0,0,1.0,17.957581281661987,0.13092486140376,637325.4993161416,51.90600577641862,0.0,,18.002618312835693,0.0002117156982421875,4.169014084507042,4.024683237075806,287.7697829940652,64.0,0.0,599.7375972944072,834.4175266704797,64.0,48819.0,0.9962713068181818,1.0,sustained_overload,contiguous
1779703906.804769,12484,64,48947,45229,5.151251566815063e-05,9.170141131547062,17.282801389694214,18.16101861000061,0.0,9.175281914809775,0.02635347688352907,0.0005519452033104834,0.0001068186404100105,5.769384377958669e-05,1.0,0,1.0,18.036211490631104,0.13075367233946922,622496.120024621,51.97396364254162,0.0,,18.08124852180481,0.0002117156982421875,4.169014084507042,4.024683237075806,287.7697829940652,64.0,0.0,635.8879196116422,813.9365371029021,64.0,48883.0,0.9962853773584905,1.0,sustained_overload,contiguous
1779703906.8847501,12536,64,49011,45165,4.8936421890743986e-05,9.2115627560411,17.359862565994263,18.24090838432312,0.0,9.216658410078603,0.02635347688352907,0.0005519452033104834,0.0001068186404100105,5.7565048275044026e-05,1.0,0,1.0,18.11619257926941,0.13058293036257168,612782.3568598811,52.04192150866462,0.0,,18.161229610443115,0.0002117156982421875,4.169014084507042,4.024683237075806,287.7697829940652,64.0,0.0,650.1536911451269,800.1891583324639,64.0,48947.0,0.9962993421052632,1.0,sustained_overload,contiguous
1779703906.9626355,12587,64,49075,45101,4.606687500086082e-05,9.251462305375314,17.434579610824585,18.31854557991028,0.0,9.25671069345667,0.02635347688352907,0.0005519452033104834,0.0001068186404100105,5.7407693957728075e-05,1.0,0,1.0,18.194077968597412,0.130412633723892,630092.504170812,52.109879374787624,0.0,,18.239114999771118,0.0002117156982421875,4.169014084507042,4.024683237075806,287.7697829940652,64.0,0.0,654.8083079513277,821.72022958598,64.0,49011.0,0.996313202247191,1.0,sustained_overload,contiguous
1779703907.0406916,12637,64,49139,45037,4.8111453125443404e-05,9.292629300375976,17.509846687316895,18.396735668182373,0.0,9.297785631586812,0.02635347688352907,0.0005519452033104834,0.0001068186404100105,5.7265500601243674e-05,1.0,0,1.0,18.27213406562805,0.1302427806833676,629534.4229254927,52.17783724091064,0.0,,18.317171096801758,0.0002117156982421875,4.169014084507042,4.024683237075806,287.7697829940652,64.0,0.0,640.564951388401,819.9231377771533,64.0,49075.0,0.9963269589552238,1.0,sustained_overload,contiguous
1779703907.1173365,12688,64,49203,44973,5.2309875016476326e-05,9.331573583357857,17.58133292198181,18.47343873977661,0.0,9.336828149985296,0.02635347688352907,0.0005519452033104834,0.0001068186404100105,5.7315434339908274e-05,1.0,0,1.0,18.34877896308899,0.1300733695099892,641960.543101732,52.24579510703364,0.0,,18.393815994262695,0.0002117156982421875,4.169014084507042,4.024683237075806,287.7697829940652,64.0,0.0,665.4063308779614,835.0197093370496,64.0,49139.0,0.9963406133828996,1.0,sustained_overload,contiguous
1779703907.1953037,12743,64,49267,44909,5.434868739939702e-05,9.368715327187745,17.65539240837097,18.55126404762268,0.0,9.373917419601714,0.02635347688352907,0.0005519452033104834,0.0001068186404100105,5.727931634399311e-05,1.0,0,1.0,18.426746129989624,0.12990439848174234,631894.192882349,52.313752973156646,0.0,,18.47178316116333,0.0002117156982421875,4.169014084507042,4.024683237075806,287.7697829940652,64.0,0.0,705.425144793253,820.8583503048762,64.0,49203.0,0.9963541666666667,1.0,sustained_overload,contiguous
1779703907.273986,12797,64,49331,44845,5.259584379757598e-05,9.407183814496936,17.731159448623657,18.62967562675476,0.0,9.412091749913484,0.02635347688352907,0.0005519452033104834,0.0001068186404100105,5.718004206957842e-05,1.0,0,1.0,18.505428552627563,0.12973586588554864,626963.4099473362,52.38171083927965,0.0,,18.55046558380127,0.0002117156982421875,4.169014084507042,4.024683237075806,287.7697829940652,64.0,0.0,686.3032198243732,813.3964086807387,64.0,49267.0,0.9963676199261993,1.0,sustained_overload,contiguous
1779703907.350433,12847,64,49395,44781,4.382070311237385e-05,9.446618148100631,17.8002290725708,18.70611882209778,0.0,9.452202297408158,0.02635347688352907,0.0005519452033104834,0.0001068186404100105,5.705274220426405e-05,1.0,0,1.0,18.581875562667847,0.12956777001720823,646133.8379875375,52.44966870540265,0.0,,18.626912593841553,0.0002117156982421875,4.169014084507042,4.024683237075806,287.7697829940652,64.0,0.0,654.0478165680104,837.1812052070534,64.0,49331.0,0.9963809742647058,1.0,sustained_overload,contiguous
1779703907.4286232,12899,64,49459,44717,4.870292194425474e-05,9.486147188780192,17.87397789955139,18.78413987159729,0.0,9.49117732395273,0.02635347688352907,0.0005519452033104834,0.0001068186404100105,5.695663047205822e-05,1.0,0,1.0,18.66006565093994,0.12940010918134212,632548.2051879385,52.51762657152565,0.0,,18.705102682113647,0.0002117156982421875,4.169014084507042,4.024683237075806,287.7697829940652,64.0,0.0,665.0459303619726,818.5180681378124,64.0,49395.0,0.9963942307692307,1.0,sustained_overload,contiguous
1779703907.5090723,12950,64,49523,44653,5.4716937540888466e-05,9.528675666506588,17.950607538223267,18.864460468292236,0.0,9.53381290044527,0.02635347688352907,0.0005519452033104834,0.0001068186404100105,5.692902121090928e-05,1.0,0,1.0,18.740514755249023,0.12923288169133532,615581.7448225992,52.585584437648656,0.0,,18.78555178642273,0.0002117156982421875,4.169014084507042,4.024683237075806,287.7697829940652,64.0,0.0,633.9411785625377,795.5340280000474,64.0,49459.0,0.996407390510949,1.0,sustained_overload,contiguous
1779703907.5927172,13000,64,49058,45118,5.04571249990704e-05,9.574745279857737,18.03097677230835,18.946786880493164,0.0,9.580240046017249,0.026536217102637656,0.0005456728812975761,0.0001068186404100105,5.6912650720422174e-05,1.0,0,1.0,18.824159622192383,0.13045782543112233,598960.8427965522,52.09182806659871,0.0,,18.86919665336609,18.66277527809143,1401.3707035810348,5.070261240005493,367.3127058931345,0.0,465.0,597.7653121722078,5559.217403201533,321.0,49779.0,0.9964204545454546,1.0,sustained_overload,contiguous
1779703907.6721444,13054,64,49122,45054,4.9964468772145665e-05,9.613848923438574,18.106010675430298,19.025912284851074,0.0,9.6190619193835,0.026536217102637656,0.0005456728812975761,0.00010574214598711799,5.683890365501085e-05,1.0,0,1.0,18.903586864471436,0.13028785472904197,618452.7951684267,52.15978593272171,0.0,,18.94862389564514,18.66277527809143,1401.3707035810348,5.070261240005493,367.3127058931345,64.0,0.0,679.8674919403737,805.7688793367392,64.0,49058.0,0.9964334239130435,1.0,sustained_overload,contiguous
1779703907.748829,13105,64,49186,44990,4.184379687899309e-05,9.652973743469973,18.179137229919434,19.102851152420044,0.0,9.658384160388541,0.026536217102637656,0.0005456728812975761,0.00010574214598711799,5.640410305029232e-05,1.0,0,1.0,18.980271339416504,0.13011832635302728,641407.5343833751,52.22774379884471,0.0,,19.02530837059021,18.66277527809143,1401.3707035810348,5.070261240005493,367.3127058931345,64.0,0.0,665.0629092333618,834.5887488418657,64.0,49122.0,0.9964462996389891,1.0,sustained_overload,contiguous
1779703907.8258133,13159,64,49250,44926,4.214287494619384e-05,9.689665231836557,18.253077745437622,19.1795392036438,0.0,9.694824279030026,0.026536217102637656,0.0005456728812975761,0.00010574214598711799,5.63253279521164e-05,1.0,0,1.0,19.057255744934082,0.1299492385786802,639739.9534215351,52.29570166496772,0.0,,19.102292776107788,18.66277527809143,1401.3707035810348,5.070261240005493,367.3127058931345,64.0,0.0,701.4407611119369,831.3371983548883,64.0,49186.0,0.9964590827338129,1.0,sustained_overload,contiguous
1779703907.9078948,13210,64,49314,44862,6.233056255666725e-05,9.733181324226177,18.330482721328735,19.260888814926147,0.0,9.738774281913768,0.026536217102637656,0.0005456728812975761,0.00010574214598711799,5.6409547910623185e-05,1.0,0,1.0,19.139337301254272,0.12978058969055442,600792.7019272384,52.363659531090725,0.0,,19.18437433242798,18.66277527809143,1401.3707035810348,5.070261240005493,367.3127058931345,64.0,0.0,621.3332481301285,779.7123113789849,64.0,49250.0,0.9964717741935484,1.0,sustained_overload,contiguous
1779703907.9865396,13264,64,49378,44798,4.784637496868527e-05,9.771721470429254,18.40502667427063,19.339457750320435,0.0,9.777129900864693,0.026536217102637656,0.0005456728812975761,0.00010574214598711799,5.643521550819555e-05,1.0,0,1.0,19.217982053756714,0.1296123779820973,627861.3439398533,52.43161739721373,0.0,,19.26301908493042,18.66277527809143,1401.3707035810348,5.070261240005493,367.3127058931345,64.0,0.0,686.6319529497363,813.7860183107986,64.0,49314.0,0.996484375,1.0,sustained_overload,contiguous
1779703908.0639958,13312,64,49442,44734,4.2426609411450045e-05,9.813986739211336,18.48015546798706,19.4173583984375,0.0,9.819675926863034,0.026536217102637656,0.0005456728812975761,0.00010574214598711799,5.63527785770938e-05,1.0,0,1.0,19.295438289642334,0.12944460175559241,638321.7494974991,52.49957526333673,0.0,,19.34047532081604,18.66277527809143,1401.3707035810348,5.070261240005493,367.3127058931345,64.0,0.0,619.7047849172759,826.2730465563678,64.0,49378.0,0.9964968861209964,1.0,sustained_overload,contiguous
1779703908.142449,13367,64,49506,44670,5.033620307415276e-05,9.851522529076448,18.553372383117676,19.495673894882202,0.0,9.857091512811976,0.026536217102637656,0.0005456728812975761,0.00010574214598711799,5.6343079226501145e-05,1.0,0,1.0,19.373891353607178,0.12927725932210238,631026.979675192,52.56753312945973,0.0,,19.418928384780884,18.66277527809143,1401.3707035810348,5.070261240005493,367.3127058931345,64.0,0.0,701.0561120295633,815.7743849071283,64.0,49442.0,0.9965093085106383,1.0,sustained_overload,contiguous
1779703908.2214425,13422,64,49570,44606,5.993114056934701e-05,9.890203792342433,18.628971576690674,19.57513427734375,0.0,9.895205558825312,0.026536217102637656,0.0005456728812975761,0.00010574214598711799,5.684618780361129e-05,1.0,0,1.0,19.452884912490845,0.12911034900141216,627519.51805338,52.635490995582735,0.0,,19.49792194366455,18.66277527809143,1401.3707035810348,5.070261240005493,367.3127058931345,64.0,0.0,696.2592998373188,810.1926398106983,64.0,49506.0,0.9965216431095406,1.0,sustained_overload,contiguous
1779703908.2989888,13476,64,49634,44542,4.272662503979063e-05,9.927633571241287,18.70404028892517,19.652583599090576,0.0,9.932732126309132,0.026536217102637656,0.0005456728812975761,0.00010574214598711799,5.674981740425859e-05,1.0,0,1.0,19.530431270599365,0.12894386912197284,640055.8480198492,52.70344886170574,0.0,,19.57546830177307,18.66277527809143,1401.3707035810348,5.070261240005493,367.3127058931345,64.0,0.0,696.3576538878965,825.3127749782477,64.0,49570.0,0.9965338908450704,1.0,sustained_overload,contiguous
1779703908.3772361,13529,64,49698,44478,4.392192184354826e-05,9.966296448069437,18.777051210403442,19.730534315109253,0.0,9.972146651462216,0.026536217102637656,0.0005456728812975761,0.00010574214598711799,5.666840135881472e-05,1.0,0,1.0,19.608678579330444,0.12877781802084592,635140.0553698586,52.771406727828754,0.0,,19.65371561050415,18.66277527809143,1401.3707035810348,5.070261240005493,367.3127058931345,64.0,0.0,677.3395898145299,817.9195046816965,64.0,49634.0,0.9965460526315789,1.0,sustained_overload,contiguous
1779703908.4569747,13583,64,49762,44414,4.385076570656565e-05,10.00618995865183,18.852180004119873,19.81045436859131,0.0,10.01146749173752,0.026536217102637656,0.0005456728812975761,0.00010574214598711799,5.6590388147812006e-05,1.0,0,1.0,19.688417196273804,0.12861219404364777,624063.9969382385,52.83936459395176,0.0,,19.73345422744751,18.66277527809143,1401.3707035810348,5.070261240005493,367.3127058931345,64.0,0.0,677.2126489020715,802.6223986987513,64.0,49698.0,0.9965581293706294,1.0,sustained_overload,contiguous
1779703908.5404289,13636,64,50565,43611,4.617789065264333e-05,10.049809198782821,18.93191885948181,19.891782522201538,0.0,10.054942480882982,0.026703233960308607,0.0005394507058059112,0.00010574214598711799,5.6554823163191006e-05,1.0,0,1.0,19.771871328353882,0.12656976169287057,633869.152808886,53.69202344546381,0.0,,19.816908359527588,19.61119055747986,1298.0684964819775,6.039656527837118,429.36309193239066,803.0,0.0,635.0793984549985,9622.052018101202,1601.0,51298.0,0.9965701219512195,1.0,sustained_overload,contiguous
1779703908.6242886,13686,64,49604,44572,6.440439059929304e-05,10.095664023487059,19.011746883392334,19.97432827949524,0.0,10.100974140321714,0.026886498928070067,0.0005334347486495971,0.00010574214598711799,5.6669578558915216e-05,1.0,0,1.0,19.85573101043701,0.12902185307636482,615957.4984889106,52.67159361196059,0.0,,19.900768041610718,0.00021409988403320312,3.9559471365638768,5.66219137609005,402.7751453826515,0.0,961.0,596.2340752786915,11459.61892685645,577.0,51077.0,0.99658203125,1.0,sustained_overload,contiguous
1779703908.70296,13736,64,49668,44508,4.339437502665078e-05,10.137222878475304,19.087925672531128,20.053040266036987,0.0,10.14245149068949,0.026886498928070067,0.0005334347486495971,0.00010471758635147758,5.659753656537861e-05,1.0,0,1.0,19.934402465820312,0.1288556011919143,631334.4498078625,52.73955147808359,0.0,,19.97943949699402,0.00021409988403320312,3.9559471365638768,5.66219137609005,402.7751453826515,64.0,0.0,635.5545318996764,813.5098008315857,64.0,49604.0,0.9965938581314879,1.0,sustained_overload,contiguous
1779703908.7821658,13787,64,49732,44444,4.6031640664523366e-05,10.178047663013379,19.16293215751648,20.131758213043213,0.0,10.183411504577965,0.026886498928070067,0.0005334347486495971,0.00010471758635147758,5.6230928230488535e-05,1.0,0,1.0,20.01360821723938,0.12868977720582322,627883.6966885703,52.80750934420659,0.0,,20.058645248413086,0.00021409988403320312,3.9559471365638768,5.66219137609005,402.7751453826515,64.0,0.0,643.8926351467281,808.0221303802078,64.0,49668.0,0.9966056034482759,1.0,sustained_overload,contiguous
1779703908.8659353,13843,64,48739,45437,5.330249989299318e-05,10.219037101293425,19.242121934890747,20.213735818862915,0.0,10.225561159826906,0.02704582096617899,0.0005276350327479987,0.00010471758635147758,5.631034807541248e-05,1.0,0,1.0,20.09737777709961,0.13131168058433698,600564.2154971467,51.75310057764187,0.0,,20.142414808273315,19.935457706451416,912.2313703542596,6.501795277876012,432.7431586162755,0.0,993.0,668.5005877246659,11853.947921617737,321.0,49988.0,0.9966172680412371,1.0,sustained_overload,contiguous
1779703908.9522808,13894,64,48803,45373,6.91857031966947e-05,10.266602718066657,19.32501459121704,20.299265146255493,0.0,10.272885941561796,0.02704582096617899,0.0005276350327479987,0.00010392665863037109,5.650453649500291e-05,1.0,0,1.0,20.183723211288452,0.13113947913038132,565206.4924853449,51.82105844376487,0.0,,20.228760242462158,19.935457706451416,912.2313703542596,6.501795277876012,432.7431586162755,64.0,0.0,590.6508025480521,741.2088502563792,64.0,48739.0,0.996628852739726,1.0,sustained_overload,contiguous
1779703909.0396152,13950,64,48832,45344,6.0271718680837694e-05,10.312564648356513,19.4095242023468,20.386133670806885,0.0,10.318186634699549,0.027252479297358814,0.0005218430263240163,0.00010392665863037109,5.637170377457661e-05,1.0,0,1.0,20.271057605743408,0.1310615989515072,571275.5016093059,51.85185185185185,0.0,,20.316094636917114,20.099414348602295,1441.2618059424703,7.257218559583028,488.7719723566196,29.0,0.0,641.2135831420093,332.05703412711193,577.0,49315.0,0.9966403583617748,1.0,sustained_overload,contiguous
1779703909.1179411,14001,64,48896,45280,4.507804695208506e-05,10.352989862463415,19.4841525554657,20.464523315429688,0.0,10.358596832127233,0.027252479297358814,0.0005218430263240163,0.00010293302401690416,5.6204397135318384e-05,1.0,0,1.0,20.34938359260559,0.13089005235602094,624262.801642503,51.91980971797485,0.0,,20.394420623779297,20.099414348602295,1441.2618059424703,7.257218559583028,488.7719723566196,64.0,0.0,651.1248953650125,817.0979079090353,64.0,48832.0,0.9966517857142857,1.0,sustained_overload,contiguous
1779703909.1967263,14055,64,48960,45216,4.960256261199447e-05,10.39175713002416,19.559314250946045,20.54346227645874,0.0,10.397210913966545,0.027252479297358814,0.0005218430263240163,0.00010293302401690416,5.5814993374452355e-05,1.0,0,1.0,20.428168773651123,0.130718954248366,621436.662964633,51.98776758409785,0.0,,20.47320580482483,20.099414348602295,1441.2618059424703,7.257218559583028,488.7719723566196,64.0,0.0,685.4080841521687,812.335507143311,64.0,48896.0,0.9966631355932203,1.0,sustained_overload,contiguous
1779703909.2744343,14106,64,49024,45152,5.427353129050516e-05,10.432025584497014,19.63380217552185,20.621691465377808,0.0,10.437147266929133,0.027252479297358814,0.0005218430263240163,0.00010293302401690416,5.574243538281654e-05,1.0,0,1.0,20.505876779556274,0.13054830287206268,630874.5080891354,52.055725450220855,0.0,,20.55091381072998,20.099414348602295,1441.2618059424703,7.257218559583028,488.7719723566196,64.0,0.0,656.3030334641381,823.59596356284,64.0,48960.0,0.9966744087837838,1.0,sustained_overload,contiguous
1779703909.3516176,14155,64,49088,45088,4.926709375752125e-05,10.471721837583733,19.704609632492065,20.697874546051025,0.0,10.477491178075857,0.027252479297358814,0.0005218430263240163,0.00010293302401690416,5.5686530460151324e-05,1.0,0,1.0,20.583060026168823,0.1303780964797914,635992.9408828345,52.12368331634387,0.0,,20.62809705734253,20.099414348602295,1441.2618059424703,7.257218559583028,488.7719723566196,64.0,0.0,634.8527970839898,829.1954900688845,64.0,49024.0,0.9966856060606061,1.0,sustained_overload,contiguous
1779703909.432846,14207,64,49152,45024,4.8116937435338514e-05,10.514751041967513,19.782241821289062,20.779640436172485,0.0,10.520220791434307,0.027252479297358814,0.0005218430263240163,0.00010293302401690416,5.565318439165561e-05,1.0,0,1.0,20.66428852081299,0.13020833333333331,605107.8530424394,52.191641182466874,0.0,,20.709325551986694,20.099414348602295,1441.2618059424703,7.257218559583028,488.7719723566196,64.0,0.0,640.169440881487,787.9008503156764,64.0,49088.0,0.9966967281879194,1.0,sustained_overload,contiguous
1779703909.5105956,14261,64,49216,44960,4.324289062651587e-05,10.552429644722224,19.85417413711548,20.85751223564148,0.0,10.557757710918526,0.027252479297358814,0.0005218430263240163,0.00010293302401690416,5.556355479105902e-05,1.0,0,1.0,20.742038011550903,0.13003901170351106,633007.3616289232,52.25959904858988,0.0,,20.78707504272461,20.099414348602295,1441.2618059424703,7.257218559583028,488.7719723566196,64.0,0.0,694.5383112801092,823.156517072722,64.0,49152.0,0.9967077759197325,1.0,sustained_overload,contiguous
1779703909.5895758,14311,64,49280,44896,6.145343755292743e-05,10.594438279535625,19.928104400634766,20.93678092956543,0.0,10.59960963503427,0.027252479297358814,0.0005218430263240163,0.00010293302401690416,5.5545624609025964e-05,1.0,0,1.0,20.82101821899414,0.12987012987012986,623953.7929223255,52.32755691471288,0.0,,20.866055250167847,20.099414348602295,1441.2618059424703,7.257218559583028,488.7719723566196,64.0,0.0,633.070000935801,810.3296011978254,64.0,49216.0,0.99671875,1.0,sustained_overload,contiguous
1779703909.6679423,14362,64,49344,44832,4.214039066141595e-05,10.634478340086861,20.00014567375183,21.01481866836548,0.0,10.639830064327917,0.027252479297358814,0.0005218430263240163,0.00010293302401690416,5.547280025017009e-05,1.0,0,1.0,20.89938473701477,0.12970168612191957,629656.6600931569,52.39551478083588,0.0,,20.944421768188477,20.099414348602295,1441.2618059424703,7.257218559583028,488.7719723566196,64.0,0.0,650.7881336079564,816.6753049197883,64.0,49280.0,0.9967296511627907,1.0,sustained_overload,contiguous
1779703909.7452395,14414,64,49408,44768,4.522823435593182e-05,10.672844441439011,20.07489514350891,21.091919660568237,0.0,10.678256010149088,0.027252479297358814,0.0005218430263240163,0.00010293302401690416,5.548963786270955e-05,1.0,0,1.0,20.97668194770813,0.1295336787564767,639195.1217490006,52.463472646958884,0.0,,21.021718978881836,20.099414348602295,1441.2618059424703,7.257218559583028,488.7719723566196,64.0,0.0,672.7280264521542,827.9729556334205,64.0,49344.0,0.9967404801324503,1.0,sustained_overload,contiguous
1779703909.8219814,14466,64,49472,44704,3.8490781207656255e-05,10.711190288542783,20.148115634918213,21.169004917144775,0.0,10.717144657449799,0.027252479297358814,0.0005218430263240163,0.00010293302401690416,5.5412203391263966e-05,1.0,0,1.0,21.05342388153076,0.129366106080207,644654.0702810683,52.53143051308189,0.0,,21.098460912704468,20.099414348602295,1441.2618059424703,7.257218559583028,488.7719723566196,64.0,0.0,677.5956430832704,833.963868410179,64.0,49408.0,0.9967512376237624,1.0,sustained_overload,contiguous
1779703909.898689,14514,64,49536,44640,4.101317190929876e-05,10.751620511595076,20.21953821182251,21.245222330093384,0.0,10.757213562181848,0.027252479297358814,0.0005218430263240163,0.00010293302401690416,5.5343461459780376e-05,1.0,0,1.0,21.130131483078003,0.12919896640826875,645776.9373677095,52.59938837920489,0.0,,21.17516851425171,20.099414348602295,1441.2618059424703,7.257218559583028,488.7719723566196,64.0,0.0,625.7528462865401,834.3371283820536,64.0,49472.0,0.9967619243421053,1.0,sustained_overload,contiguous
1779703909.976955,14566,64,49600,44576,4.695382807540227e-05,10.790760394395342,20.29343032836914,21.32311749458313,0.0,10.796625722837216,0.027252479297358814,0.0005218430263240163,0.00010293302401690416,5.537858509732583e-05,1.0,0,1.0,21.208397388458252,0.12903225806451613,633736.9990038718,52.66734624532789,0.0,,21.253434419631958,20.099414348602295,1441.2618059424703,7.257218559583028,488.7719723566196,64.0,0.0,664.4016925040592,817.7251600049959,64.0,49536.0,0.9967725409836066,1.0,sustained_overload,contiguous
1779703910.0560763,14619,64,49664,44512,5.533267179202994e-05,10.831055024587965,20.368122577667236,21.40292191505432,0.0,10.836955214364133,0.027252479297358814,0.0005218430263240163,0.00010293302401690416,5.536391673876168e-05,1.0,0,1.0,21.287518739700317,0.12886597938144329,627694.0322727424,52.7353041114509,0.0,,21.332555770874023,20.099414348602295,1441.2618059424703,7.257218559583028,488.7719723566196,64.0,0.0,669.8571140152897,808.8840622071422,64.0,49600.0,0.9967830882352942,1.0,sustained_overload,contiguous
1779703910.1341126,14669,64,49728,44448,4.1934343769867155e-05,10.871699159876401,20.442448616027832,21.480855464935303,0.0,10.87701809420826,0.027252479297358814,0.0005218430263240163,0.00010293302401690416,5.535277582828829e-05,1.0,0,1.0,21.36555504798889,0.1287001287001287,637241.8312781844,52.803261977573904,0.0,,21.410592079162598,20.099414348602295,1441.2618059424703,7.257218559583028,488.7719723566196,64.0,0.0,640.7273882703753,820.1310569860804,64.0,49664.0,0.9967935667752443,1.0,sustained_overload,contiguous
1779703910.2128556,14720,64,49792,44384,4.804365629240692e-05,10.912362750487269,20.517635107040405,21.55956220626831,0.0,10.917822714505192,0.027252479297358814,0.0005218430263240163,0.00010293302401690416,5.5303485303431395e-05,1.0,0,1.0,21.444298028945923,0.12853470437017994,632335.7256079838,52.871219843696906,0.0,,21.48933506011963,20.099414348602295,1441.2618059424703,7.257218559583028,488.7719723566196,64.0,0.0,647.6767755062494,812.7708555372542,64.0,49728.0,0.9968039772727273,1.0,sustained_overload,contiguous
1779703910.2911398,14772,64,49856,44320,4.477635930300039e-05,10.952050363213342,20.593530893325806,21.638039112091064,0.0,10.957958244051124,0.027252479297358814,0.0005218430263240163,0.00010293302401690416,5.525805713582157e-05,1.0,0,1.0,21.522582292556763,0.12836970474967907,636858.5166469722,52.93917770981991,0.0,,21.56761932373047,20.099414348602295,1441.2618059424703,7.257218559583028,488.7719723566196,64.0,0.0,664.2458854629843,817.5333974929039,64.0,49792.0,0.9968143203883495,1.0,sustained_overload,contiguous
1779703910.369437,14822,64,49920,44256,4.6001703211118183e-05,10.992627128438802,20.667338371276855,21.71592903137207,0.0,10.998341582773996,0.027252479297358814,0.0005218430263240163,0.00010293302401690416,5.520209274508544e-05,1.0,0,1.0,21.600879430770874,0.1282051282051282,637571.1953033173,53.00713557594292,0.0,,21.64591646194458,20.099414348602295,1441.2618059424703,7.257218559583028,488.7719723566196,64.0,0.0,638.5929440137393,817.3989683375862,64.0,49856.0,0.9968245967741935,1.0,sustained_overload,contiguous
1779703910.4481685,14870,64,49984,44192,4.484073437538427e-05,11.035639005781432,20.74355411529541,21.794803380966187,0.0,11.041210330928568,0.027252479297358814,0.0005218430263240163,0.00010293302401690416,5.5158465486621785e-05,1.0,0,1.0,21.67961096763611,0.12804097311139565,634866.3063132904,53.07509344206592,0.0,,21.724647998809814,20.099414348602295,1441.2618059424703,7.257218559583028,488.7719723566196,64.0,0.0,609.6667474199331,812.8889965599109,64.0,49920.0,0.996834807073955,1.0,sustained_overload,contiguous
1779703910.5275705,14923,64,50048,44128,4.519834372729292e-05,11.075219573850672,20.81566023826599,21.873951196670532,0.0,11.08088992486616,0.027252479297358814,0.0005218430263240163,0.00010293302401690416,5.51274947425956e-05,1.0,0,1.0,21.759012937545776,0.1278772378516624,630311.8179175825,53.14305130818893,0.0,,21.804049968719482,20.099414348602295,1441.2618059424703,7.257218559583028,488.7719723566196,64.0,0.0,667.489736845266,806.0253426056042,64.0,49984.0,0.9968449519230769,1.0,sustained_overload,contiguous
1779703910.6056468,14971,64,50112,44064,4.117684370896768e-05,11.117234431793703,20.89084553718567,21.951839447021484,0.0,11.123147964952667,0.027252479297358814,0.0005218430263240163,0.00010293302401690416,5.5072879151435134e-05,1.0,0,1.0,21.83708930015564,0.1277139208173691,641833.1787611917,53.21100917431193,0.0,,21.882126331329346,20.099414348602295,1441.2618059424703,7.257218559583028,488.7719723566196,64.0,0.0,614.7827382770035,819.7103177026713,64.0,50048.0,0.9968550319488818,1.0,sustained_overload,contiguous
1779703910.6846986,15023,64,50176,44000,4.215971877385982e-05,11.157700465839062,20.966129541397095,22.03116488456726,0.0,11.16338109087821,0.027252479297358814,0.0005218430263240163,0.00010293302401690416,5.5054174694718745e-05,1.0,0,1.0,21.916141033172607,0.12755102040816327,634723.5928304084,53.278967040434935,0.0,,21.961178064346313,20.099414348602295,1441.2618059424703,7.257218559583028,488.7719723566196,64.0,0.0,657.7970907840647,809.5964194265413,64.0,50112.0,0.9968650477707006,1.0,sustained_overload,contiguous
1779703910.764837,15076,64,50240,43936,5.4992468690784335e-05,11.198048785173542,21.04348087310791,22.111111879348755,0.0,11.203889800797777,0.027252479297358814,0.0005218430263240163,0.00010293302401690416,5.503827727716437e-05,1.0,0,1.0,21.99627947807312,0.12738853503184713,626915.0850427669,53.34692490655794,0.0,,22.041316509246826,20.099414348602295,1441.2618059424703,7.257218559583028,488.7719723566196,64.0,0.0,661.3554838229825,798.6179427296393,64.0,50176.0,0.996875,1.0,sustained_overload,contiguous
1779703910.8438778,15125,64,50304,43872,4.237720301603076e-05,11.240665869622836,21.11905336380005,22.190381288528442,0.0,11.246754021383394,0.027252479297358814,0.0005218430263240163,0.00010293302401690416,5.500569047545594e-05,1.0,0,1.0,22.07532024383545,0.1272264631043257,636431.0810355905,53.41488277268094,0.0,,22.120357275009155,20.099414348602295,1441.2618059424703,7.257218559583028,488.7719723566196,64.0,0.0,619.9332651626895,809.7087544982068,64.0,50240.0,0.9968848892405063,1.0,sustained_overload,contiguous
1779703910.9234827,15178,64,50368,43808,4.623325000352452e-05,11.280463357381084,21.194379806518555,22.269798040390015,0.0,11.286193123886122,0.027252479297358814,0.0005218430263240163,0.00010293302401690416,5.4964695792375767e-05,1.0,0,1.0,22.154925107955933,0.12706480304955528,632725.1551333235,53.48284063880394,0.0,,22.19996213912964,20.099414348602295,1441.2618059424703,7.257218559583028,488.7719723566196,64.0,0.0,665.7884613656717,803.9709722151506,64.0,50304.0,0.996894716088328,1.0,sustained_overload,contiguous
1779703911.0125082,15231,64,51396,42780,5.6559015661150625e-05,11.328621924258218,21.280227661132812,22.357184171676636,0.0,11.334589448443745,0.02743658962019955,0.0005164146423339844,0.00010293302401690416,5.521552110682789e-05,1.0,0,1.0,22.243950605392456,0.12452330920694218,601007.5937868238,54.57441386340469,0.0,,22.288987636566162,22.076241731643677,1353.8124052074427,8.03716714758622,534.3004161908734,1028.0,0.0,595.3350615961435,11547.253647562935,1601.0,51904.0,0.9969044811320755,1.0,sustained_overload,contiguous
1779703911.094895,15280,64,50179,43997,4.964518745964597e-05,11.373750332322974,21.3573739528656,22.43833875656128,0.0,11.379687345109387,0.027572813488188245,0.000510962236495245,0.00010293302401690416,5.517899549663174e-05,1.0,0,1.0,22.326337337493896,0.12754339464716316,630841.8682756724,53.28215256540945,0.0,,22.371374368667603,0.0002512931823730469,3.5250836120401337,7.6353213548660275,507.7616495619317,0.0,1217.0,594.7559607009015,14771.796003530553,321.0,51652.0,0.996914184952978,1.0,sustained_overload,contiguous
1779703911.1744313,15331,64,50243,43933,4.3932156302162184e-05,11.415332780145725,21.43449568748474,22.518132209777832,0.0,11.421063887095539,0.027572813488188245,0.000510962236495245,0.00010210937923855252,5.512848097421127e-05,1.0,0,1.0,22.405873775482178,0.12738092868658318,631697.8893045563,53.35011043153245,0.0,,22.450910806655884,0.0002512931823730469,3.5250836120401337,7.6353213548660275,507.7616495619317,64.0,0.0,641.2155395683453,804.6626378896882,64.0,50179.0,0.996923828125,1.0,sustained_overload,contiguous
1779703911.2545152,15380,64,50307,43869,5.4583359386128905e-05,11.458297707707045,21.510239124298096,22.597838640213013,0.0,11.464301830751781,0.027572813488188245,0.000510962236495245,0.00010210937923855252,5.4817838257302087e-05,1.0,0,1.0,22.485957622528076,0.12721887610074145,628179.1129635363,53.41806829765545,0.0,,22.530994653701782,0.0002512931823730469,3.5250836120401337,7.6353213548660275,507.7616495619317,64.0,0.0,611.8587181746731,799.162407411818,64.0,50243.0,0.9969334112149533,1.0,sustained_overload,contiguous
1779703911.3319356,15430,64,50371,43805,3.700959376828905e-05,11.498457379572875,21.585503816604614,22.6754891872406,0.0,11.504271308291623,0.027572813488188245,0.000510962236495245,0.00010210937923855252,5.473032644022477e-05,1.0,0,1.0,22.56337809562683,0.12705723531397034,650616.0190438062,53.486026163778455,0.0,,22.608415126800537,0.0002512931823730469,3.5250836120401337,7.6353213548660275,507.7616495619317,64.0,0.0,645.8240049272462,826.6547263068751,64.0,50307.0,0.9969429347826086,1.0,sustained_overload,contiguous
1779703911.4128566,15481,64,50435,43741,5.934857809108962e-05,11.541102322435364,21.66257953643799,22.75639581680298,0.0,11.546876659387797,0.027572813488188245,0.000510962236495245,0.00010210937923855252,5.485280616650976e-05,1.0,0,1.0,22.644299030303955,0.12689600475860016,623262.697115852,53.55398402990146,0.0,,22.68933606147766,0.0002512931823730469,3.5250836120401337,7.6353213548660275,507.7616495619317,64.0,0.0,630.2448211144732,790.8954617907115,64.0,50371.0,0.9969523993808049,1.0,sustained_overload,contiguous
1779703911.4918745,15533,64,50499,43677,4.110456239914129e-05,11.581032039597511,21.739184617996216,22.835323810577393,0.0,11.586901274559699,0.027572813488188245,0.000510962236495245,0.00010210937923855252,5.480108686506518e-05,1.0,0,1.0,22.72331690788269,0.12673518287490843,639083.2245485404,53.62194189602446,0.0,,22.768353939056396,0.0002512931823730469,3.5250836120401337,7.6353213548660275,507.7616495619317,64.0,0.0,658.0789258504941,809.9432933544542,64.0,50435.0,0.9969618055555556,1.0,sustained_overload,contiguous
1779703911.5715823,15584,64,50563,43613,4.5937765605685854e-05,11.622357797266606,21.813992500305176,22.914918661117554,0.0,11.62823856550228,0.027572813488188245,0.000510962236495245,0.00010210937923855252,5.47824857101568e-05,1.0,0,1.0,22.803024768829346,0.12657476811106938,634353.9946936908,53.68989976214746,0.0,,22.84806180000305,0.0002512931823730469,3.5250836120401337,7.6353213548660275,507.7616495619317,64.0,0.0,639.8365154238916,802.9320977868443,64.0,50499.0,0.9969711538461539,1.0,sustained_overload,contiguous
1779703911.6583488,15636,64,50627,43549,7.674853127070946e-05,11.670031519215222,21.8968243598938,23.001668453216553,0.0,11.675949517661898,0.027572813488188245,0.000510962236495245,0.00010210937923855252,5.486851688949837e-05,1.0,0,1.0,22.889791250228882,0.12641475892310428,583485.6869080168,53.757857628270465,0.0,,22.934828281402588,0.0002512931823730469,3.5250836120401337,7.6353213548660275,507.7616495619317,64.0,0.0,599.3097698701656,737.6120244555884,64.0,50563.0,0.996980444785276,1.0,sustained_overload,contiguous
1779703911.7413917,15689,64,50691,43485,5.62554374141655e-05,11.71266949039992,21.976874589920044,23.08410930633545,0.0,11.719005952970269,0.027572813488188245,0.000510962236495245,0.00010210937923855252,5.490198442080885e-05,1.0,0,1.0,22.97283411026001,0.12625515377483182,610419.7276081159,53.82581549439348,0.0,,23.017871141433716,0.0002512931823730469,3.5250836120401337,7.6353213548660275,507.7616495619317,64.0,0.0,638.2246466479284,770.6863657635362,64.0,50627.0,0.9969896788990825,1.0,sustained_overload,contiguous
1779703911.8227413,15737,64,50755,43421,5.1586484403287614e-05,11.758225750074729,22.054595708847046,23.16577410697937,0.0,11.764304653505146,0.027572813488188245,0.000510962236495245,0.00010210937923855252,5.488387552827193e-05,1.0,0,1.0,23.05418372154236,0.12609595113781893,623912.0162951892,53.893773360516484,0.0,,23.099220752716064,0.0002512931823730469,3.5250836120401337,7.6353213548660275,507.7616495619317,64.0,0.0,590.0458434079219,786.7277912105626,64.0,50691.0,0.996998856707317,1.0,sustained_overload,contiguous
1779703911.906499,15789,64,50819,43357,5.000276564715023e-05,11.802830497401278,22.135490894317627,23.249489545822144,0.0,11.809469703885082,0.027572813488188245,0.000510962236495245,0.00010210937923855252,5.4911531641763765e-05,1.0,0,1.0,23.137941360473633,0.12593714949133197,606738.688535603,53.961731226639486,0.0,,23.18297839164734,0.0002512931823730469,3.5250836120401337,7.6353213548660275,507.7616495619317,64.0,0.0,620.8388949772989,764.1094092028294,64.0,50755.0,0.9970079787234043,1.0,sustained_overload,contiguous
1779703911.9876444,15843,64,50883,43293,4.7720328183231686e-05,11.843388050672974,22.212796211242676,23.330646991729736,0.0,11.849647514832672,0.027572813488188245,0.000510962236495245,0.00010210937923855252,5.4882675564418196e-05,1.0,0,1.0,23.21908688545227,0.1257787473222884,627058.6087574813,54.02968909276249,0.0,,23.264123916625977,0.0002512931823730469,3.5250836120401337,7.6353213548660275,507.7616495619317,64.0,0.0,665.4710782167716,788.7064630717293,64.0,50819.0,0.9970170454545455,1.0,sustained_overload,contiguous
1779703912.0691848,15892,64,50947,43229,4.578728122339726e-05,11.888109843881356,22.291717529296875,23.41226291656494,0.0,11.894140732738277,0.027572813488188245,0.000510962236495245,0.00010210937923855252,5.483377949571945e-05,1.0,0,1.0,23.3006272315979,0.12562074312520854,624807.2568763614,54.09764695888549,0.0,,23.345664262771606,0.0002512931823730469,3.5250836120401337,7.6353213548660275,507.7616495619317,64.0,0.0,600.9295068785544,784.887519188316,64.0,50883.0,0.9970260574018127,1.0,sustained_overload,contiguous
1779703912.15259,15948,64,51011,43165,6.13586561826196e-05,11.92892346691764,22.368638515472412,23.49519395828247,0.0,11.935288230858166,0.027572813488188245,0.000510962236495245,0.00010210937923855252,5.51438082134677e-05,1.0,0,1.0,23.384032487869263,0.12546313540216816,611604.1396004311,54.165604825008494,0.0,,23.42906951904297,0.0002512931823730469,3.5250836120401337,7.6353213548660275,507.7616495619317,64.0,0.0,671.4205135681351,767.3377297921544,64.0,50947.0,0.997035015060241,1.0,sustained_overload,contiguous
1779703912.2400703,16000,64,50926,43250,4.982709374701244e-05,11.975464300123388,22.449928045272827,23.579638242721558,0.0,11.981993157341785,0.027885827907296115,0.0005004405975341797,0.00010210937923855252,5.510272166191083e-05,1.0,0,1.0,23.47151279449463,0.12567254447629894,607279.5358103559,54.075348284063885,0.0,,23.516549825668335,23.246852159500122,1496.6642477083217,9.056995662775906,594.8424263050333,0.0,85.0,594.4194985814307,971.6472572965696,1090.0,52035.0,0.997043918918919,1.0,sustained_overload,contiguous
1779703912.3222935,16053,64,50990,43186,5.3249218737505544e-05,12.017612321084743,22.528669595718384,23.66170382499695,0.0,12.024204713630558,0.027885827907296115,0.0005004405975341797,0.00010030011872987489,5.506350260464197e-05,1.0,0,1.0,23.553735971450806,0.12551480682486763,620141.4477961197,54.14330615018689,0.0,,23.59877300262451,23.246852159500122,1496.6642477083217,9.056995662775906,594.8424263050333,64.0,0.0,644.5871098881024,778.369340242237,64.0,50926.0,0.9970527694610778,1.0,sustained_overload,contiguous
1779703912.4047055,16107,64,51054,43122,5.037673439289847e-05,12.059584535854826,22.607687950134277,23.74434494972229,0.0,12.066110106122277,0.027885827907296115,0.0005004405975341797,0.00010030011872987489,5.497562975879859e-05,1.0,0,1.0,23.63614797592163,0.12535746464527756,619497.1270001533,54.21126401630989,0.0,,23.681185007095337,23.246852159500122,1496.6642477083217,9.056995662775906,594.8424263050333,64.0,0.0,655.2443463393324,776.5858919577273,64.0,50990.0,0.9970615671641792,1.0,sustained_overload,contiguous
1779703912.4862547,16161,64,51118,43058,4.88186093434706e-05,12.100568488552994,22.683656215667725,23.825995206832886,0.0,12.106953304339841,0.027885827907296115,0.0005004405975341797,0.00010030011872987489,5.4730388814017576e-05,1.0,0,1.0,23.717697143554688,0.12520051645213037,626836.5635565222,54.27922188243289,0.0,,23.762734174728394,23.246852159500122,1496.6642477083217,9.056995662775906,594.8424263050333,64.0,0.0,662.1772063079973,784.8026148835523,64.0,51054.0,0.9970703125,1.0,sustained_overload,contiguous
1779703912.5688996,16212,64,51182,42994,5.7423124957267646e-05,12.143845147509591,22.763080835342407,23.90770649909973,0.0,12.150603485367796,0.027885827907296115,0.0005004405975341797,0.00010030011872987489,5.470348866958691e-05,1.0,0,1.0,23.800342082977295,0.1250439607674573,619299.8670890093,54.347179748555895,0.0,,23.845379114151,23.246852159500122,1496.6642477083217,9.056995662775906,594.8424263050333,64.0,0.0,617.0976753846953,774.397082835696,64.0,51118.0,0.9970790059347181,1.0,sustained_overload,contiguous
1779703912.6499085,16262,64,51246,42930,4.6421750042213716e-05,12.188073217475038,22.84077215194702,23.9896457195282,0.0,12.194482812794554,0.027885827907296115,0.0005004405975341797,0.00010030011872987489,5.457671378068704e-05,1.0,0,1.0,23.881350994110107,0.12488779612067284,632597.0721416463,54.4151376146789,0.0,,23.926388025283813,23.246852159500122,1496.6642477083217,9.056995662775906,594.8424263050333,64.0,0.0,617.2160482200038,790.0365417216049,64.0,51182.0,0.9970876479289941,1.0,sustained_overload,contiguous
1779703912.7313309,16313,64,51310,42866,5.3311765583430315e-05,12.231616251758995,22.920359134674072,24.07166028022766,0.0,12.237643838771959,0.027885827907296115,0.0005004405975341797,0.00010030011872987489,5.451902547168981e-05,1.0,0,1.0,23.962773323059082,0.12473202104852855,630171.1172147228,54.4830954808019,0.0,,24.007810354232788,23.246852159500122,1496.6642477083217,9.056995662775906,594.8424263050333,64.0,0.0,626.3638077947937,786.0251705660156,64.0,51246.0,0.9970962389380531,1.0,sustained_overload,contiguous
1779703912.8118608,16363,64,51374,42802,4.482626570734283e-05,12.273912451014894,22.996542930603027,24.151692152023315,0.0,12.28034228226334,0.027885827907296115,0.0005004405975341797,0.00010030011872987489,5.445564758640122e-05,1.0,0,1.0,24.04330325126648,0.12457663409506754,637949.1593198862,54.5510533469249,0.0,,24.088340282440186,23.246852159500122,1496.6642477083217,9.056995662775906,594.8424263050333,64.0,0.0,620.8871796238235,794.7355899184942,64.0,51310.0,0.9971047794117647,1.0,sustained_overload,contiguous
1779703912.893698,16416,64,51438,42738,5.1565578132795054e-05,12.315078113067802,23.07425594329834,24.23285174369812,0.0,12.321923035517221,0.027885827907296115,0.0005004405975341797,0.00010030011872987489,5.4425759138577346e-05,1.0,0,1.0,24.12514042854309,0.124421633811579,628540.7404282592,54.619011213047905,0.0,,24.170177459716797,23.246852159500122,1496.6642477083217,9.056995662775906,594.8424263050333,64.0,0.0,647.6274202476329,782.040658412236,64.0,51374.0,0.9971132697947214,1.0,sustained_overload,contiguous
1779703912.97379,16468,64,51502,42674,4.698076563158793e-05,12.356849651110839,23.152863264083862,24.313871383666992,0.0,12.363038777397753,0.027885827907296115,0.0005004405975341797,0.00010030011872987489,5.437337139694635e-05,1.0,0,1.0,24.20523238182068,0.12426701875655315,643035.8842854166,54.68696907917091,0.0,,24.250269412994385,23.246852159500122,1496.6642477083217,9.056995662775906,594.8424263050333,64.0,0.0,649.2537373857649,799.081522936326,64.0,51438.0,0.9971217105263158,1.0,sustained_overload,contiguous
1779703913.0545144,16522,64,51566,42610,4.770093748618365e-05,12.396206615388623,23.229203701019287,24.39396595954895,0.0,12.40270020439391,0.027885827907296115,0.0005004405975341797,0.00010030011872987489,5.4329408739927404e-05,1.0,0,1.0,24.285956859588623,0.12411278749563666,638790.1343658719,54.75492694529392,0.0,,24.33099389076233,23.246852159500122,1496.6642477083217,9.056995662775906,594.8424263050333,64.0,0.0,668.9420791947617,792.8202420086064,64.0,51502.0,0.9971301020408163,1.0,sustained_overload,contiguous
1779703913.1441853,16580,64,51630,42546,7.471259375790851e-05,12.440930190484636,23.313971519470215,24.482462406158447,0.0,12.448120199254301,0.027885827907296115,0.0005004405975341797,0.00010030011872987489,5.435646564024364e-05,1.0,0,1.0,24.375627756118774,0.12395893860158821,575772.0954941014,54.82288481141692,0.0,,24.42066478729248,23.246852159500122,1496.6642477083217,9.056995662775906,594.8424263050333,64.0,0.0,646.8096366193663,713.7209783386111,64.0,51566.0,0.9971384447674418,1.0,sustained_overload,contiguous
1779703913.2291832,16635,64,51694,42482,5.786385938222338e-05,12.484490890650079,23.39513635635376,24.567537784576416,0.0,12.492049504432819,0.027885827907296115,0.0005004405975341797,0.00010030011872987489,5.4355101945520667e-05,1.0,0,1.0,24.460625648498535,0.12380547065423454,608179.7860238368,54.89084267753993,0.0,,24.50566267967224,23.246852159500122,1496.6642477083217,9.056995662775906,594.8424263050333,64.0,0.0,647.0748680951566,752.9598465107277,64.0,51630.0,0.9971467391304348,1.0,sustained_overload,contiguous
1779703913.3208318,16693,64,52182,41994,6.350321879722287e-05,12.532603407716012,23.482731819152832,24.65875267982483,0.0,12.539047872740992,0.028089750772235036,0.000495318708748653,0.00010030011872987489,5.443709274580454e-05,1.0,0,1.0,24.552274227142334,0.12264765627994327,587101.3036560684,55.40902140672783,0.0,,24.59731125831604,24.375097513198853,1466.5876214372947,9.723000091055166,632.7443913107837,488.0,0.0,632.8521495725829,5324.687051576215,1089.0,52718.0,0.997154985549133,1.0,sustained_overload,contiguous
1779703913.4078171,16750,64,52246,41930,6.816656257058185e-05,12.575646334818227,23.563528537750244,24.74482774734497,0.0,12.582565982277481,0.028089750772235036,0.000495318708748653,9.97161865234375e-05,5.447474085588848e-05,1.0,0,1.0,24.639259576797485,0.12249741607012977,600629.8785614634,55.47697927285083,0.0,,24.68429660797119,24.375097513198853,1466.5876214372947,9.723000091055166,632.7443913107837,64.0,0.0,655.2827599816908,735.756081382951,64.0,52182.0,0.9971631844380403,1.0,sustained_overload,contiguous
1779703913.4947848,16806,64,52310,41866,6.140017187306057e-05,12.619347204925225,23.644808530807495,24.83081889152527,0.0,12.6268294724936,0.028089750772235036,0.000495318708748653,9.97161865234375e-05,5.4356968659297263e-05,1.0,0,1.0,24.726227283477783,0.12234754349072835,601487.6325564947,55.544937138973836,0.0,,24.77126431465149,24.375097513198853,1466.5876214372947,9.723000091055166,632.7443913107837,64.0,0.0,643.9171749792334,735.9053428334097,64.0,52246.0,0.9971713362068966,1.0,sustained_overload,contiguous
1779703913.579203,16862,64,52374,41802,5.4488703113975134e-05,12.66227978175703,23.724941968917847,24.916040182113647,0.0,12.669717275962718,0.028089750772235036,0.000495318708748653,9.97161865234375e-05,5.6799859205599e-05,1.0,0,1.0,24.81064534187317,0.12219803719402758,620412.2790256302,55.61289500509684,0.0,,24.855682373046875,24.375097513198853,1466.5876214372947,9.723000091055166,632.7443913107837,64.0,0.0,663.365174045047,758.1316274800537,64.0,52310.0,0.997179441260745,1.0,sustained_overload,contiguous
1779703913.6644585,16919,64,52438,41738,6.953878128967972e-05,12.705613951731833,23.80666208267212,25.002420663833618,0.0,12.7122166071394,0.028089750772235036,0.000495318708748653,9.97161865234375e-05,5.6197594582373114e-05,1.0,0,1.0,24.89590096473694,0.12204889583889546,615067.9361499826,55.68085287121984,0.0,,24.940937995910645,24.375097513198853,1466.5876214372947,9.723000091055166,632.7443913107837,64.0,0.0,668.5776032752777,750.6836247301363,64.0,52374.0,0.9971875,1.0,sustained_overload,contiguous
1779703913.7476308,16971,64,52502,41674,4.714571878139395e-05,12.749899887482353,23.886565685272217,25.086007595062256,0.0,12.756192807456912,0.028089750772235036,0.000495318708748653,9.97161865234375e-05,5.5771841434465234e-05,1.0,0,1.0,24.97907328605652,0.1219001180907394,631243.6537422962,55.74881073734284,0.0,,25.024110317230225,24.375097513198853,1466.5876214372947,9.723000091055166,632.7443913107837,64.0,0.0,625.2079919736276,769.486759352157,64.0,52438.0,0.9971955128205128,1.0,sustained_overload,contiguous
1779703913.8294666,17023,64,52566,41610,4.830729692173463e-05,12.79225454210608,23.96414613723755,25.167664289474487,0.0,12.798666404051739,0.028089750772235036,0.000495318708748653,9.97161865234375e-05,5.547308359697399e-05,1.0,0,1.0,25.060909032821655,0.12175170262146634,642335.4350374661,55.816768603465846,0.0,,25.10594606399536,24.375097513198853,1466.5876214372947,9.723000091055166,632.7443913107837,64.0,0.0,635.4191420680332,782.0543286991178,64.0,52502.0,0.9972034801136364,1.0,sustained_overload,contiguous
1779703913.914055,17073,64,52630,41546,4.6538921878891415e-05,12.838245722324976,24.043830633163452,25.251489639282227,0.0,12.84532782331393,0.028089750772235036,0.000495318708748653,9.97161865234375e-05,5.5277674570763126e-05,1.0,0,1.0,25.1454975605011,0.1216036481094433,622188.3917810536,55.884726469588855,0.0,,25.190534591674805,24.375097513198853,1466.5876214372947,9.723000091055166,632.7443913107837,64.0,0.0,591.0967050931537,756.6037825192367,64.0,52566.0,0.9972114022662889,1.0,sustained_overload,contiguous
1779703913.9970446,17129,64,52694,41482,5.838140627645316e-05,12.879257978393685,24.123615741729736,25.334836959838867,0.0,12.886133154267917,0.028089750772235036,0.000495318708748653,9.97161865234375e-05,5.513054774333467e-05,1.0,0,1.0,25.228487014770508,0.121455953239458,634948.1444827814,55.95268433571186,0.0,,25.273524045944214,24.375097513198853,1466.5876214372947,9.723000091055166,632.7443913107837,64.0,0.0,674.7845312755866,771.1823214578133,64.0,52630.0,0.997219279661017,1.0,sustained_overload,contiguous
1779703914.083784,17185,64,52758,41418,6.0144890653646144e-05,12.922121384813035,24.20306968688965,25.420040130615234,0.0,12.929824743909675,0.028089750772235036,0.000495318708748653,9.97161865234375e-05,5.569101309642005e-05,1.0,0,1.0,25.315226554870605,0.12130861670268016,608234.7213176036,56.02064220183486,0.0,,25.36026358604431,24.375097513198853,1466.5876214372947,9.723000091055166,632.7443913107837,64.0,0.0,645.6109858938133,737.8411267357866,64.0,52694.0,0.9972271126760563,1.0,sustained_overload,contiguous
1779703914.170208,17239,64,52822,41354,4.99127812503275e-05,12.967540602327343,24.285266399383545,25.506319999694824,0.0,12.97493662410086,0.028089750772235036,0.000495318708748653,9.97161865234375e-05,5.562398421711606e-05,1.0,0,1.0,25.401650428771973,0.12116163719662262,611196.8558628148,56.08860006795786,0.0,,25.44668745994568,24.375097513198853,1466.5876214372947,9.723000091055166,632.7443913107837,64.0,0.0,624.8273487674074,740.5361170576681,64.0,52758.0,0.9972349016853933,1.0,sustained_overload,contiguous
1779703914.254492,17296,64,52886,41290,5.678337493009167e-05,13.010306100840399,24.36724829673767,25.59219241142273,0.0,13.017099969599908,0.028089750772235036,0.000495318708748653,9.97161865234375e-05,5.547743199227272e-05,1.0,0,1.0,25.485934495925903,0.12101501342510305,627473.2791835095,56.15655793408087,0.0,,25.53097152709961,24.375097513198853,1466.5876214372947,9.723000091055166,632.7443913107837,64.0,0.0,676.2844025537958,759.3368730428584,64.0,52822.0,0.9972426470588235,1.0,sustained_overload,contiguous
1779703914.3404078,17347,64,52950,41226,8.134531258008337e-05,13.057745892848118,24.45098114013672,25.67826557159424,0.0,13.06443988842714,0.028089750772235036,0.000495318708748653,9.97161865234375e-05,5.55115877135298e-05,1.0,0,1.0,25.571850299835205,0.12086874409820586,616301.0481272738,56.224515800203875,0.0,,25.61688733100891,24.375097513198853,1466.5876214372947,9.723000091055166,632.7443913107837,64.0,0.0,593.6044089611136,744.9153367355151,64.0,52886.0,0.9972503491620112,1.0,sustained_overload,contiguous
1779703914.4246233,17396,64,53014,41162,5.724473436430344e-05,13.104018675355693,24.529266595840454,25.76167869567871,0.0,13.110796731823616,0.028089750772235036,0.000495318708748653,9.97161865234375e-05,5.5427556110251784e-05,1.0,0,1.0,25.656065702438354,0.12072282793224431,629504.7979503149,56.292473666326885,0.0,,25.70110273361206,24.375097513198853,1466.5876214372947,9.723000091055166,632.7443913107837,64.0,0.0,581.8413079481917,759.955994054781,64.0,52950.0,0.997258008356546,1.0,sustained_overload,contiguous
1779703914.5150049,17453,64,52106,42070,4.904351570189647e-05,13.149726276943532,24.61434817314148,25.848648071289062,0.0,13.156791371249462,0.02842166450586212,0.0004858247349771221,9.97161865234375e-05,5.53290651952917e-05,1.0,0,1.0,25.746447324752808,0.12282654588722988,615611.8752374119,55.32832144070676,0.0,,25.791484355926514,25.572350025177002,1376.3628555165662,10.991015253067017,686.9800926103927,0.0,908.0,630.6591820368885,10046.290127885874,1346.0,54294.0,0.997265625,1.0,sustained_overload,contiguous
1779703914.6007586,17507,64,52170,42006,7.300882805338915e-05,13.194381028935432,24.697351455688477,25.934237480163574,0.0,13.201621905384995,0.02842166450586212,0.0004858247349771221,9.809840809215198e-05,5.539071245270549e-05,1.0,0,1.0,25.83220100402832,0.12267586735671841,608370.3981071906,55.39627930682977,0.0,,25.877238035202026,25.572350025177002,1376.3628555165662,10.991015253067017,686.9800926103927,64.0,0.0,629.7105903352174,746.323662619517,64.0,52106.0,0.9972731994459834,1.0,sustained_overload,contiguous
1779703914.6851678,17564,64,52234,41942,5.16550312426034e-05,13.236272371680325,24.778626441955566,26.019317388534546,0.0,13.243040609794605,0.02842166450586212,0.0004858247349771221,9.809840809215198e-05,5.496386404986952e-05,1.0,0,1.0,25.91661024093628,0.12252555806562776,618818.5311633215,55.46423717295277,0.0,,25.961647272109985,25.572350025177002,1376.3628555165662,10.991015253067017,686.9800926103927,64.0,0.0,675.2815460487292,758.2108587213802,64.0,52170.0,0.9972807320441989,1.0,sustained_overload,contiguous
1779703914.768152,17615,64,52298,41878,4.449792180594159e-05,13.28051555120347,24.857858180999756,26.10223889350891,0.0,13.287363500630105,0.02842166450586212,0.0004858247349771221,9.809840809215198e-05,5.48891302821181e-05,1.0,0,1.0,25.99959444999695,0.12237561665838083,630216.2856280939,55.53219503907577,0.0,,26.044631481170654,25.572350025177002,1376.3628555165662,10.991015253067017,686.9800926103927,64.0,0.0,614.5747555744539,771.2310658189225,64.0,52234.0,0.9972882231404959,1.0,sustained_overload,contiguous
1779703914.8569221,17671,64,52362,41814,7.592006247136851e-05,13.32663772032336,24.942375898361206,26.190834283828735,0.0,13.333647792990778,0.02842166450586212,0.0004858247349771221,9.809840809215198e-05,5.483969419145617e-05,1.0,0,1.0,26.088364601135254,0.12222604178602804,589860.4353891317,55.600152905198776,0.0,,26.13340163230896,25.572350025177002,1376.3628555165662,10.991015253067017,686.9800926103927,64.0,0.0,630.8426794582211,720.9630622379669,64.0,52298.0,0.9972956730769231,1.0,sustained_overload,contiguous
1779703914.939857,17717,64,52426,41750,4.525731243631981e-05,13.374410734676879,25.022715091705322,26.273569583892822,0.0,13.381401977045275,0.02842166450586212,0.0004858247349771221,9.809840809215198e-05,5.475298638017917e-05,1.0,0,1.0,26.17129945755005,0.12207683210620686,632134.6930148855,55.66811077132178,0.0,,26.216336488723755,25.572350025177002,1376.3628555165662,10.991015253067017,686.9800926103927,64.0,0.0,554.6521931614988,771.6900078768679,64.0,52362.0,0.9973030821917809,1.0,sustained_overload,contiguous
1779703915.0239267,17772,64,52490,41686,4.828087493535804e-05,13.416925711805574,25.104024410247803,26.35783076286316,0.0,13.42402274376894,0.02842166450586212,0.0004858247349771221,9.809840809215198e-05,5.47341150536689e-05,1.0,0,1.0,26.255369186401367,0.12192798628310154,624362.6655776572,55.73606863744478,0.0,,26.300406217575073,25.572350025177002,1376.3628555165662,10.991015253067017,686.9800926103927,64.0,0.0,654.2188341926299,761.2728252423329,64.0,52426.0,0.9973104508196722,1.0,sustained_overload,contiguous
1779703915.107202,17824,64,52554,41622,4.9853000021471416e-05,13.460483927985754,25.184349060058594,26.440889596939087,0.0,13.467576356768355,0.02842166450586212,0.0004858247349771221,9.809840809215198e-05,5.4705381082261815e-05,1.0,0,1.0,26.33864450454712,0.12177950298740342,631087.3518131481,55.80402650356778,0.0,,26.383681535720825,25.572350025177002,1376.3628555165662,10.991015253067017,686.9800926103927,64.0,0.0,624.4347203692146,768.5350404544179,64.0,52490.0,0.9973177792915532,1.0,sustained_overload,contiguous
1779703915.1920962,17880,64,52618,41558,6.34516718633904e-05,13.503349298626521,25.265445947647095,26.52627396583557,0.0,13.510205968287366,0.02842166450586212,0.0004858247349771221,9.809840809215198e-05,5.466933304092617e-05,1.0,0,1.0,26.42353868484497,0.12163138089627125,619806.9150958234,55.8719843696908,0.0,,26.468575716018677,25.572350025177002,1376.3628555165662,10.991015253067017,686.9800926103927,64.0,0.0,659.6447460064256,753.8797097216293,64.0,52554.0,0.9973250679347826,1.0,sustained_overload,contiguous
1779703915.2769136,17931,64,52682,41494,5.446910941486749e-05,13.548900722782568,25.34587073326111,26.61059021949768,0.0,13.555818343663955,0.02842166450586212,0.0004858247349771221,9.809840809215198e-05,5.4614422501810355e-05,1.0,0,1.0,26.50835609436035,0.12148361869329183,621122.4830021082,55.9399422358138,0.0,,26.553393125534058,25.572350025177002,1376.3628555165662,10.991015253067017,686.9800926103927,64.0,0.0,601.2916486296557,754.5620688685875,64.0,52618.0,0.9973323170731707,1.0,sustained_overload,contiguous
1779703915.3593907,17986,64,52746,41430,5.410120310500588e-05,13.589614313898574,25.42579984664917,26.693076610565186,0.0,13.596705729480233,0.02842166450586212,0.0004858247349771221,9.809840809215198e-05,5.4561326990182816e-05,1.0,0,1.0,26.59083318710327,0.12133621506844122,639523.0268895223,56.007900101936805,0.0,,26.635870218276978,25.572350025177002,1376.3628555165662,10.991015253067017,686.9800926103927,64.0,0.0,666.851827227159,775.9730353188759,64.0,52682.0,0.997339527027027,1.0,sustained_overload,contiguous
1779703915.441809,18036,64,52810,41366,4.0145218747511535e-05,13.633617806020276,25.504006147384644,26.775094032287598,0.0,13.640856805127095,0.02842166450586212,0.0004858247349771221,9.809840809215198e-05,5.4481520875702964e-05,1.0,0,1.0,26.673251390457153,0.12118916871804583,640756.5058564539,56.07585796805981,0.0,,26.71828842163086,25.572350025177002,1376.3628555165662,10.991015253067017,686.9800926103927,64.0,0.0,606.6620960579946,776.5274829542332,64.0,52746.0,0.9973466981132075,1.0,sustained_overload,contiguous
1779703915.5302002,18091,64,52874,41302,6.553556256960746e-05,13.679366753085612,25.588069677352905,26.862661361694336,0.0,13.687045482733902,0.02842166450586212,0.0004858247349771221,9.809840809215198e-05,5.468548515880869e-05,1.0,0,1.0,26.761642694473267,0.12104247834474412,598181.0155257053,56.14381583418281,0.0,,26.806679725646973,25.572350025177002,1376.3628555165662,10.991015253067017,686.9800926103927,64.0,0.0,622.2331553109997,724.0531261800722,64.0,52810.0,0.9973538306451613,1.0,sustained_overload,contiguous
1779703915.6130102,18144,64,52938,41238,4.716812495075828e-05,13.723041758262431,25.669220209121704,26.94665002822876,0.0,13.729947912832932,0.02842166450586212,0.0004858247349771221,9.809840809215198e-05,5.4838657499947255e-05,1.0,0,1.0,26.844452619552612,0.12089614265744833,639271.1978579449,56.21177370030581,0.0,,26.88948965072632,25.572350025177002,1376.3628555165662,10.991015253067017,686.9800926103927,64.0,0.0,640.0199003829212,772.8542193303199,64.0,52874.0,0.9973609249329759,1.0,sustained_overload,contiguous
1779703915.6948884,18197,64,53002,41174,4.2761593761042604e-05,13.764531342359755,25.745957136154175,27.028444528579712,0.0,13.771799776783178,0.02842166450586212,0.0004858247349771221,9.809840809215198e-05,5.4754065408613365e-05,1.0,0,1.0,26.92633080482483,0.12075016037130676,647327.4880700712,56.279731566428815,0.0,,26.971367835998535,25.572350025177002,1376.3628555165662,10.991015253067017,686.9800926103927,64.0,0.0,647.3030615394471,781.6489799721626,64.0,52938.0,0.9973679812834224,1.0,sustained_overload,contiguous
1779703915.779646,18251,64,53066,41110,5.391273434440791e-05,13.807994990975413,25.82050609588623,27.112985610961914,0.0,13.815305394126963,0.02842166450586212,0.0004858247349771221,9.809840809215198e-05,5.487602767296364e-05,1.0,0,1.0,27.011088371276855,0.12060453020766593,626091.5953743892,56.34768943255182,0.0,,27.05612540245056,25.572350025177002,1376.3628555165662,10.991015253067017,686.9800926103927,64.0,0.0,637.1112605098748,755.0948272709628,64.0,53002.0,0.997375,1.0,sustained_overload,contiguous
1779703915.8659525,18307,64,53130,41046,5.6054765707358456e-05,13.85161442163328,25.90420889854431,27.19920587539673,0.0,13.858968786113241,0.02842166450586212,0.0004858247349771221,9.809840809215198e-05,5.487111733058844e-05,1.0,0,1.0,27.097394943237305,0.12045925089403349,615596.2262566438,56.41564729867482,0.0,,27.14243197441101,25.572350025177002,1376.3628555165662,10.991015253067017,686.9800926103927,64.0,0.0,648.8497773456061,741.5426026806927,64.0,53066.0,0.9973819813829787,1.0,sustained_overload,contiguous
1779703915.9525826,18358,64,53194,40982,7.364909370721762e-05,13.898732906138276,25.985463857650757,27.285171270370483,0.0,13.906103968297204,0.02842166450586212,0.0004858247349771221,9.809840809215198e-05,5.487364868639647e-05,1.0,0,1.0,27.184025049209595,0.12031432116404106,614035.956703261,56.48360516479782,0.0,,27.2290620803833,25.572350025177002,1376.3628555165662,10.991015253067017,686.9800926103927,64.0,0.0,588.7098881803646,738.7731930106536,64.0,53130.0,0.9973889257294429,1.0,sustained_overload,contiguous
1779703916.038188,18413,64,53258,40918,5.1765593752861605e-05,13.942415195430966,26.068195581436157,27.37072515487671,0.0,13.950423834459567,0.02842166450586212,0.0004858247349771221,9.809840809215198e-05,5.487966632035361e-05,1.0,0,1.0,27.269630432128906,0.12016973975740733,622133.774580496,56.551563030920825,0.0,,27.314667463302612,25.572350025177002,1376.3628555165662,10.991015253067017,686.9800926103927,64.0,0.0,642.4829622202726,747.6165378563172,64.0,53194.0,0.9973958333333334,1.0,sustained_overload,contiguous
1779703916.1218498,18471,64,53322,40854,4.5890921882119073e-05,13.98175317404856,26.14674997329712,27.45418381690979,0.0,13.98924632071421,0.02842166450586212,0.0004858247349771221,9.809840809215198e-05,5.483155744979611e-05,1.0,0,1.0,27.353292226791382,0.12002550541990173,637351.854751883,56.61952089704383,0.0,,27.398329257965088,25.572350025177002,1376.3628555165662,10.991015253067017,686.9800926103927,64.0,0.0,693.2674613782157,764.9847849690656,64.0,53258.0,0.9974027044854882,1.0,sustained_overload,contiguous
1779703916.2054312,18528,64,53386,40790,4.031040624852267e-05,14.021339223958204,26.226831674575806,27.53711771965027,0.0,14.028813886158423,0.02842166450586212,0.0004858247349771221,9.809840809215198e-05,5.4761211564221274e-05,1.0,0,1.0,27.4368736743927,0.11988161690330798,638730.2629005666,56.68747876316683,0.0,,27.481910705566406,25.572350025177002,1376.3628555165662,10.991015253067017,686.9800926103927,64.0,0.0,681.9695235704546,765.720166815949,64.0,53322.0,0.9974095394736842,1.0,sustained_overload,contiguous
1779703916.292463,18588,64,53450,40726,6.523623437715287e-05,14.063673134884603,26.310724020004272,27.625070333480835,0.0,14.071004822443353,0.02842166450586212,0.0004858247349771221,9.809840809215198e-05,5.475373341597671e-05,1.0,0,1.0,27.523905515670776,0.11973807296538821,614143.0448336885,56.75543662928983,0.0,,27.568942546844482,25.572350025177002,1376.3628555165662,10.991015253067017,686.9800926103927,64.0,0.0,689.4028566888927,735.3630471348189,64.0,53386.0,0.9974163385826772,1.0,sustained_overload,contiguous
1779703916.3783247,18643,64,53514,40662,4.585735938178459e-05,14.107970553765103,26.393229961395264,27.711215496063232,0.0,14.11552757434899,0.02842166450586212,0.0004858247349771221,9.809840809215198e-05,5.471926868272137e-05,1.0,0,1.0,27.609767198562622,0.11959487236984714,623258.2241301752,56.82339449541285,0.0,,27.654804229736328,25.572350025177002,1376.3628555165662,10.991015253067017,686.9800926103927,64.0,0.0,640.5651292588788,745.3848776830589,64.0,53450.0,0.9974231020942408,1.0,sustained_overload,contiguous
1779703916.4644172,18700,64,53578,40598,5.6835593795767636e-05,14.150651017831153,26.475157022476196,27.797247648239136,0.0,14.158143177205035,0.02842166450586212,0.0004858247349771221,9.809840809215198e-05,5.470565463496372e-05,1.0,0,1.0,27.695859670639038,0.11945201388629662,622330.8345989177,56.89135236153585,0.0,,27.740896701812744,25.572350025177002,1376.3628555165662,10.991015253067017,686.9800926103927,64.0,0.0,662.0787930146387,743.3867149638048,64.0,53514.0,0.9974298302872062,1.0,sustained_overload,contiguous
1779703916.5480738,18750,64,53642,40534,4.357753122974373e-05,14.196563464250337,26.55655312538147,27.881240367889404,0.0,14.203983126159939,0.02842166450586212,0.0004858247349771221,9.809840809215198e-05,5.464795725491209e-05,1.0,0,1.0,27.779516220092773,0.11930949629022035,641216.9800245668,56.959310227658854,0.0,,27.82455325126648,25.572350025177002,1376.3628555165662,10.991015253067017,686.9800926103927,64.0,0.0,597.6818351520886,765.0327489946734,64.0,53578.0,0.9974365234375,1.0,sustained_overload,contiguous
1779703916.6353016,18802,64,53706,40470,5.805749994181042e-05,14.243658460560322,26.63929843902588,27.967958450317383,0.0,14.251198148237759,0.02842166450586212,0.0004858247349771221,9.809840809215198e-05,5.4665085813691486e-05,1.0,0,1.0,27.86674404144287,0.11916731836293895,615698.0556059695,57.027268093781856,0.0,,27.911781072616577,25.572350025177002,1376.3628555165662,10.991015253067017,686.9800926103927,64.0,0.0,596.1400754386924,733.7108620783906,64.0,53642.0,0.9974431818181818,1.0,sustained_overload,contiguous
1779703916.7208672,18862,64,53770,40406,4.625421870230184e-05,14.282558028600215,26.720142602920532,28.052501440048218,0.0,14.290566825235176,0.02842166450586212,0.0004858247349771221,9.809840809215198e-05,5.46592043457967e-05,1.0,0,1.0,27.952309608459473,0.11902547889157523,628406.9851318517,57.09522595990486,0.0,,27.99734663963318,25.572350025177002,1376.3628555165662,10.991015253067017,686.9800926103927,64.0,0.0,701.2166469762154,747.9644234412965,64.0,53706.0,0.9974498056994818,1.0,sustained_overload,contiguous
1779703916.8064482,18917,64,53834,40342,4.801617183147755e-05,14.326987945379916,26.802574157714844,28.13881015777588,0.0,14.334521437629554,0.02842166450586212,0.0004858247349771221,9.809840809215198e-05,5.463393336144802e-05,1.0,0,1.0,28.037890672683716,0.11888397666901958,629041.0207910228,57.16318382602786,0.0,,28.082927703857422,25.572350025177002,1376.3628555165662,10.991015253067017,686.9800926103927,64.0,0.0,642.665530027608,747.8289803957621,64.0,53770.0,0.9974563953488372,1.0,sustained_overload,contiguous
1779703916.8913007,18971,64,53898,40278,4.618556248203731e-05,14.371374711272349,26.884398937225342,28.22432231903076,0.0,14.378702803352535,0.02842166450586212,0.0004858247349771221,9.809840809215198e-05,5.458719072257622e-05,1.0,0,1.0,28.122743129730225,0.11874281049389587,635196.6917169855,57.231141692150864,0.0,,28.16778016090393,25.572350025177002,1376.3628555165662,10.991015253067017,686.9800926103927,64.0,0.0,636.3987782982155,754.2504039089962,64.0,53834.0,0.9974629510309279,1.0,sustained_overload,contiguous
1779703916.9767766,19021,64,53962,40214,5.6187765594017947e-05,14.418309286238323,26.965914011001587,28.309382438659668,0.0,14.426029242686278,0.02842166450586212,0.0004858247349771221,9.809840809215198e-05,5.456201180241282e-05,1.0,0,1.0,28.208219051361084,0.1186019791705274,631312.292051591,57.299099558273866,0.0,,28.25325608253479,25.572350025177002,1376.3628555165662,10.991015253067017,686.9800926103927,64.0,0.0,584.9600571250056,748.7488731200071,64.0,53898.0,0.997469473007712,1.0,sustained_overload,contiguous
1779703917.0649798,19072,64,54026,40150,5.942046875873075e-05,14.467686696289215,27.05002498626709,28.397676467895508,0.0,14.47539816107012,0.02842166450586212,0.0004858247349771221,9.809840809215198e-05,5.455209614132957e-05,1.0,0,1.0,28.296422243118286,0.11846148150890312,612517.5169252144,57.367057424396876,0.0,,28.341459274291992,25.572350025177002,1376.3628555165662,10.991015253067017,686.9800926103927,64.0,0.0,578.2103684001395,725.5973250511554,64.0,53962.0,0.9974759615384615,1.0,sustained_overload,contiguous
1779703917.1510308,19127,64,54090,40086,5.0521453118790305e-05,14.511062130989579,27.132678985595703,28.482999801635742,0.0,14.519101034672506,0.02842166450586212,0.0004858247349771221,9.809840809215198e-05,5.453659916801522e-05,1.0,0,1.0,28.38247323036194,0.11832131632464411,628580.8185656815,57.43501529051988,0.0,,28.427510261535645,25.572350025177002,1376.3628555165662,10.991015253067017,686.9800926103927,64.0,0.0,639.155944187696,743.7450986911372,64.0,54026.0,0.9974824168797954,1.0,sustained_overload,contiguous
1779703917.2370212,19176,64,54154,40022,5.1836265569704665e-05,14.559671409687624,27.21465301513672,28.569035530090332,0.0,14.56782543447596,0.02842166450586212,0.0004858247349771221,9.809840809215198e-05,5.452278028312377e-05,1.0,0,1.0,28.4684636592865,0.11818148243897034,629767.7622646741,57.50297315664288,0.0,,28.513500690460205,25.572350025177002,1376.3628555165662,10.991015253067017,686.9800926103927,64.0,0.0,569.830859234203,744.2688773671223,64.0,54090.0,0.9974888392857143,1.0,sustained_overload,contiguous
1779703917.322568,19233,64,54218,39958,5.511662510571114e-05,14.602513138397228,27.29707956314087,28.65537166595459,0.0,14.609992368913602,0.02842166450586212,0.0004858247349771221,9.809840809215198e-05,5.4499805925738297e-05,1.0,0,1.0,28.55401039123535,0.1180419786786676,633782.2470227893,57.57093102276588,0.0,,28.599047422409058,25.572350025177002,1376.3628555165662,10.991015253067017,686.9800926103927,64.0,0.0,666.3024840514034,748.1291048998213,64.0,54154.0,0.9974952290076335,1.0,sustained_overload,contiguous
1779703917.4243345,19296,64,54282,39894,0.00011521410931436549,14.6551489591906,27.39399480819702,28.756110191345215,0.0,14.663418843664278,0.02842166450586212,0.0004858247349771221,9.809840809215198e-05,5.464297049843694e-05,1.0,0,1.0,28.655776977539062,0.11790280387605467,533397.080236154,57.638888888888886,0.0,,28.70081400871277,25.572350025177002,1376.3628555165662,10.991015253067017,686.9800926103927,64.0,0.0,619.0637053696936,628.8901133914347,64.0,54218.0,0.9975015862944162,1.0,sustained_overload,contiguous
1779703917.5223086,19358,64,53954,40222,6.335598438056422e-05,14.705558387574126,27.488213300704956,28.853156805038452,0.0,14.713478225675841,0.02860306633843316,0.00048152870602077906,9.809840809215198e-05,5.465429440530232e-05,1.0,0,1.0,28.753751039505005,0.11861956481447157,559933.9141319875,57.290604825008494,0.0,,28.79878807067871,28.512977361679077,1488.854900093777,11.664936872629019,717.8214313597538,0.0,328.0,632.8205522554772,3347.824857093492,321.0,54538.0,0.997507911392405,1.0,sustained_overload,contiguous
1779703917.6090255,19412,64,54018,40158,5.0114656275468406e-05,14.751508269245448,27.571537733078003,28.94036626815796,0.0,14.759152171233186,0.02860306633843316,0.00048152870602077906,9.730229010948769e-05,5.465891523394497e-05,1.0,0,1.0,28.840467929840088,0.11847902551001517,622923.6287333284,57.358562691131496,0.0,,28.885504961013794,28.512977361679077,1488.854900093777,11.664936872629019,717.8214313597538,64.0,0.0,622.7160567144235,738.0338449948724,64.0,53954.0,0.9975142045454546,1.0,sustained_overload,contiguous
1779703917.701821,19463,64,54455,39721,6.939301557906674e-05,14.804223131131234,27.661354303359985,29.031670331954956,0.0,14.811696099308378,0.02878251442542443,0.0004768030984061105,9.730229010948769e-05,5.4448007303289935e-05,1.0,0,1.0,28.933263540267944,0.11752823432191718,604888.5258817151,57.82258749575263,0.0,,28.97830057144165,28.75459599494934,1338.773943676756,12.297887210492734,740.8196725566797,437.0,0.0,549.5949621415523,4709.274479526634,1089.0,55042.0,0.9975204659949622,1.0,sustained_overload,contiguous
1779703917.796066,19514,64,53867,40309,6.524250002826193e-05,14.8578012368636,27.750539541244507,29.123806715011597,0.0,14.866029929572417,0.02896576860676641,0.00047228647314983863,9.65383988392504e-05,5.452588246868636e-05,1.0,0,1.0,29.02750849723816,0.11881114597063137,583925.1432561246,57.19822460074754,0.0,,29.072545528411865,28.84613275527954,1440.4698685015378,12.888895979949407,765.8071795547104,0.0,588.0,541.1430132661425,6239.060623539055,321.0,54711.0,0.9975266959798995,1.0,sustained_overload,contiguous
1779703917.904034,19581,64,53931,40245,0.00012203429689350287,14.913263084964445,27.85341453552246,29.23057246208191,0.0,14.92257159539351,0.02896576860676641,0.00047228647314983863,9.576678276062012e-05,5.4441599435504234e-05,1.0,0,1.0,29.1354763507843,0.11867015260239935,499509.7913746274,57.26618246687054,0.0,,29.180513381958008,28.84613275527954,1440.4698685015378,12.888895979949407,765.8071795547104,64.0,0.0,620.5550800485812,592.769031688197,64.0,53867.0,0.9975328947368421,1.0,sustained_overload,contiguous
1779703917.9945986,19640,64,53995,40181,5.396474999486145e-05,14.9596259490897,27.940216064453125,29.32210898399353,0.0,14.968064413076478,0.02896576860676641,0.00047228647314983863,9.576678276062012e-05,5.4304112590161655e-05,1.0,0,1.0,29.226041078567505,0.11852949347161774,596203.4151889137,57.33414033299354,0.0,,29.27107810974121,28.84613275527954,1440.4698685015378,12.888895979949407,765.8071795547104,64.0,0.0,651.4677562023504,706.6768880839055,64.0,53931.0,0.9975390625,1.0,sustained_overload,contiguous
1779703918.0862412,19695,64,53660,40516,5.4568796883813775e-05,15.008639014126292,28.027339458465576,29.412319898605347,0.0,15.016890507227751,0.029114877024004535,0.0004678644159788726,9.576678276062012e-05,5.422320688162187e-05,1.0,0,1.0,29.317683696746826,0.11926947446887812,601074.0536920783,56.97842337750595,0.0,,29.362720727920532,29.137439966201782,1370.1488321132672,13.449190600165005,786.6465468843159,0.0,335.0,600.1574495872542,3655.504465667821,577.0,54507.0,0.9975451995012469,1.0,sustained_overload,contiguous
1779703918.1738803,19749,64,53724,40452,4.884399999127709e-05,15.053838250341705,28.109960794448853,29.49890947341919,0.0,15.06217624354986,0.029114877024004535,0.0004678644159788726,9.510252210828994e-05,5.422016751295705e-05,1.0,0,1.0,29.405322790145874,0.11912739185466457,613014.1004012678,57.04638124362895,0.0,,29.45035982131958,29.137439966201782,1370.1488321132672,13.449190600165005,786.6465468843159,64.0,0.0,616.1633798985268,730.2677095093652,64.0,53660.0,0.9975513059701493,1.0,sustained_overload,contiguous
1779703918.2669075,19805,64,54667,39509,6.058032811040448e-05,15.104148556200174,28.201269388198853,29.59165096282959,0.0,15.112213466670646,0.029278392487383904,0.0004636176089023022,9.510252210828994e-05,5.4084841001794795e-05,1.0,0,1.0,29.498349905014038,0.11707245687526295,611230.3932093576,58.04769792728508,0.0,,29.543386936187744,29.314178466796875,1442.6715253412583,13.978023529052734,808.5140461662139,943.0,0.0,601.9750271666701,10136.829475324463,1601.0,55260.0,0.997557382133995,1.0,sustained_overload,contiguous
1779703918.3568914,19859,64,53706,40470,5.284428127083629e-05,15.151766428981382,28.286773204803467,29.679971933364868,0.0,15.159912590095196,0.029407624194496558,0.00045940248589766653,9.510252210828994e-05,5.443050785828377e-05,1.0,0,1.0,29.58833384513855,0.11916731836293895,619621.678300037,57.027268093781856,0.0,,29.633370876312256,0.00027680397033691406,4.03125,13.527128473404915,782.5629882253683,0.0,961.0,600.1070849451539,10679.68349319061,577.0,55179.0,0.9975634282178217,1.0,sustained_overload,contiguous
1779703918.4433365,19910,64,53770,40406,5.229920314775427e-05,15.198910405235987,28.368082284927368,29.766276121139526,0.0,15.207061193852882,0.029407624194496558,0.00045940248589766653,9.44195724115139e-05,5.435061340894067e-05,1.0,0,1.0,29.674778938293457,0.11902547889157523,622013.3270450139,57.09522595990486,0.0,,29.719815969467163,0.00027680397033691406,4.03125,13.527128473404915,782.5629882253683,64.0,0.0,589.9698657112834,740.3543412847478,64.0,53706.0,0.9975694444444444,1.0,sustained_overload,contiguous
1779703918.5293815,19964,64,53834,40342,4.43894218733476e-05,15.24367939656263,28.45189666748047,29.85250425338745,0.0,15.25179665155211,0.029407624194496558,0.00045940248589766653,9.44195724115139e-05,5.4087157691492973e-05,1.0,0,1.0,29.760823965072632,0.11888397666901958,625649.1747995977,57.16318382602786,0.0,,29.805860996246338,0.00027680397033691406,4.03125,13.527128473404915,782.5629882253683,64.0,0.0,627.5783972801255,743.7966189986672,64.0,53770.0,0.9975754310344828,1.0,sustained_overload,contiguous
1779703918.6224995,20019,64,54005,40171,5.562315625695646e-05,15.293021389017525,28.540639638900757,29.942615509033203,0.0,15.301464023860792,0.029553080598513286,0.0004553770025571187,9.44195724115139e-05,5.404447211848895e-05,1.0,0,1.0,29.853941917419434,0.11850754559762984,600818.6240139286,57.34475874957526,0.0,,29.89897894859314,29.67165446281433,373.15635729148886,14.03164491057396,769.7690310086846,171.0,0.0,590.6487268444433,1836.3805870981782,1089.0,54858.0,0.9975813882063882,1.0,sustained_overload,contiguous
1779703918.7152538,20074,64,53407,40769,5.0297640569851865e-05,15.34312025372259,28.629855155944824,30.03453493118286,0.0,15.351233116672221,0.029699035526550923,0.0004512575483813728,9.379616702895567e-05,5.400220212234973e-05,1.0,0,1.0,29.946696281433105,0.11983447862639729,588457.4874768661,56.70977743798845,0.0,,29.99173331260681,29.762415885925293,1454.7833907132363,14.50833494013006,790.5270419088225,0.0,598.0,592.964013983138,6447.1360065803,321.0,54261.0,0.9975873161764706,1.0,sustained_overload,contiguous
1779703918.802971,20126,64,53471,40705,5.6054984383990814e-05,15.390791385503785,28.712612628936768,30.122209072113037,0.0,15.39918484587128,0.029699035526550923,0.0004512575483813728,9.318476631527855e-05,5.387869170788082e-05,1.0,0,1.0,30.03441333770752,0.11969104748368274,609584.9800604492,56.77773530411145,0.0,,30.079450368881226,29.762415885925293,1454.7833907132363,14.50833494013006,790.5270419088225,64.0,0.0,592.8151514492596,729.6186479375502,64.0,53407.0,0.9975932151589242,1.0,sustained_overload,contiguous
1779703918.8899472,20183,64,53535,40641,4.355189059879194e-05,15.434331206339586,28.796201944351196,30.20956516265869,0.0,15.44240853151775,0.029699035526550923,0.0004512575483813728,9.318476631527855e-05,5.38109424368426e-05,1.0,0,1.0,30.121389627456665,0.11954795927897637,615512.5742245858,56.845693170234455,0.0,,30.16642665863037,29.762415885925293,1454.7833907132363,14.50833494013006,790.5270419088225,64.0,0.0,655.3510176669728,735.8327215909869,64.0,53471.0,0.9975990853658536,1.0,sustained_overload,contiguous
1779703918.975594,20240,64,53599,40577,5.3908124996837614e-05,15.476187348313028,28.878089904785156,30.29522395133972,0.0,15.484504517511064,0.029699035526550923,0.0004512575483813728,9.318476631527855e-05,5.377154472762765e-05,1.0,0,1.0,30.20703649520874,0.11940521278382059,625813.8961386748,56.91365103635746,0.0,,30.252073526382446,29.762415885925293,1454.7833907132363,14.50833494013006,790.5270419088225,64.0,0.0,665.5234627493883,747.2544143151026,64.0,53535.0,0.9976049270072993,1.0,sustained_overload,contiguous
1779703919.0613174,20293,64,53663,40513,5.2967499996725564e-05,15.521020337224533,28.959105730056763,30.380816221237183,0.0,15.529108153827217,0.029699035526550923,0.0004512575483813728,9.318476631527855e-05,5.373203132762242e-05,1.0,0,1.0,30.292759895324707,0.11926280677561821,626001.767631762,56.98160890248046,0.0,,30.337796926498413,29.762415885925293,1454.7833907132363,14.50833494013006,790.5270419088225,64.0,0.0,618.2675900431094,746.5872785426227,64.0,53599.0,0.9976107402912622,1.0,sustained_overload,contiguous
1779703919.1464717,20341,64,53727,40449,5.038982816074622e-05,15.568870516856457,29.040385484695435,30.465633869171143,0.0,15.577474947830511,0.029699035526550923,0.0004512575483813728,9.318476631527855e-05,5.373028044962211e-05,1.0,0,1.0,30.37791419029236,0.11912074003759748,630937.0539725559,57.04956676860347,0.0,,30.422951221466064,29.762415885925293,1454.7833907132363,14.50833494013006,790.5270419088225,64.0,0.0,563.6826658976433,751.5768878635245,64.0,53663.0,0.9976165254237288,1.0,sustained_overload,contiguous
1779703919.2346241,20394,64,53791,40385,4.667593756835231e-05,15.615784457007855,29.12336492538452,30.553361415863037,0.0,15.624541730404179,0.029699035526550923,0.0004512575483813728,9.318476631527855e-05,5.372130443670032e-05,1.0,0,1.0,30.466066598892212,0.11897901135877749,610204.5406855665,57.11752463472647,0.0,,30.511103630065918,29.762415885925293,1454.7833907132363,14.50833494013006,790.5270419088225,64.0,0.0,601.2314449691403,726.0153297740562,64.0,53727.0,0.9976222826086957,1.0,sustained_overload,contiguous
1779703919.320896,20445,64,53855,40321,4.520970317400952e-05,15.663325680067077,29.20657253265381,30.640204429626465,0.0,15.67167334013891,0.029699035526550923,0.0004512575483813728,9.318476631527855e-05,5.3682089853238245e-05,1.0,0,1.0,30.552338361740112,0.11883761953393371,624248.284979964,57.185482500849474,0.0,,30.59737539291382,29.762415885925293,1454.7833907132363,14.50833494013006,790.5270419088225,64.0,0.0,591.1551858504905,741.841801851596,64.0,53791.0,0.9976280120481927,1.0,sustained_overload,contiguous
1779703919.4074252,20497,64,53919,40257,5.022104694774043e-05,15.709897525590451,29.290735244750977,30.726861715316772,0.0,15.718182746366727,0.029699035526550923,0.0004512575483813728,9.318476631527855e-05,5.396373346543425e-05,1.0,0,1.0,30.638867616653442,0.11869656336356386,623130.2933788885,57.25344036697248,0.0,,30.68390464782715,29.762415885925293,1454.7833907132363,14.50833494013006,790.5270419088225,64.0,0.0,600.9528228584024,739.6342435180338,64.0,53855.0,0.9976337139423077,1.0,sustained_overload,contiguous
1779703919.4939373,20554,64,53983,40193,4.7192234305271086e-05,15.752166720153829,29.37229633331299,30.813031673431396,0.0,15.760476083954522,0.029699035526550923,0.0004512575483813728,9.318476631527855e-05,5.391200681652185e-05,1.0,0,1.0,30.725379705429077,0.118555841653854,623993.7188431838,57.32139823309548,0.0,,30.770416736602783,29.762415885925293,1454.7833907132363,14.50833494013006,790.5270419088225,64.0,0.0,658.8674577934067,739.7810052417199,64.0,53919.0,0.9976393884892086,1.0,sustained_overload,contiguous
1779703919.5806437,20610,64,54047,40129,4.3377812559697304e-05,15.795595668966907,29.45523500442505,30.899598360061646,0.0,15.80418112659307,0.029699035526550923,0.0004512575483813728,9.318476631527855e-05,5.3850256406485136e-05,1.0,0,1.0,30.81208610534668,0.11841545321664479,623333.4569462127,57.38935609921848,0.0,,30.857123136520386,29.762415885925293,1454.7833907132363,14.50833494013006,790.5270419088225,64.0,0.0,645.8577458321074,738.123138093837,64.0,53983.0,0.9976450358851675,1.0,sustained_overload,contiguous
1779703919.666062,20661,64,54111,40065,5.2668125022137247e-05,15.842148942230226,29.538152933120728,30.98548436164856,0.0,15.85045009639269,0.029699035526550923,0.0004512575483813728,9.318476631527855e-05,5.380662572291206e-05,1.0,0,1.0,30.897504568099976,0.11827539686939809,633481.3137094546,57.457313965341484,0.0,,30.94254159927368,29.762415885925293,1454.7833907132363,14.50833494013006,790.5270419088225,64.0,0.0,597.0606161257818,749.2525378833341,64.0,54047.0,0.9976506563245824,1.0,sustained_overload,contiguous
1779703919.753286,20716,64,54175,40001,5.436668747904605e-05,15.886973290374002,29.620357513427734,31.072712182998657,0.0,15.895309543763112,0.029699035526550923,0.0004512575483813728,9.318476631527855e-05,5.3911762703012745e-05,1.0,0,1.0,30.98472833633423,0.1181356714351638,621103.6406327304,57.525271831464494,0.0,,31.029765367507935,29.762415885925293,1454.7833907132363,14.50833494013006,790.5270419088225,64.0,0.0,630.5620717083558,733.7449561697231,64.0,54111.0,0.99765625,1.0,sustained_overload,contiguous
1779703919.8416607,20767,64,54239,39937,5.133606254048573e-05,15.935617477261673,29.703753232955933,31.16072177886963,0.0,15.944076286995122,0.029699035526550923,0.0004512575483813728,9.318476631527855e-05,5.3909210179201464e-05,1.0,0,1.0,31.073103189468384,0.11799627574254688,613737.9364881526,57.5932296975875,0.0,,31.11814022064209,29.762415885925293,1454.7833907132363,14.50833494013006,790.5270419088225,64.0,0.0,577.0872390880322,724.1879078751778,64.0,54175.0,0.9976618171021377,1.0,sustained_overload,contiguous
1779703919.9293432,20820,64,54303,39873,4.871339062617608e-05,15.982549588425059,29.78926396369934,31.248562812805176,0.0,15.991093879961491,0.029699035526550923,0.0004512575483813728,9.318476631527855e-05,5.3901183001844504e-05,1.0,0,1.0,31.160785675048828,0.11785720862567445,619314.1040713277,57.661187563710506,0.0,,31.205822706222534,29.762415885925293,1454.7833907132363,14.50833494013006,790.5270419088225,64.0,0.0,604.4536676754576,729.9063156835714,64.0,54239.0,0.9976673578199052,1.0,sustained_overload,contiguous
1779703920.018912,20882,64,54367,39809,5.2322250013503435e-05,16.023341704451372,29.873247861862183,31.33714747428894,0.0,16.032455006227593,0.029699035526550923,0.0004512575483813728,9.318476631527855e-05,5.388088673331583e-05,1.0,0,1.0,31.250354528427124,0.11771846892416354,606985.5530066892,57.72914542983351,0.0,,31.29539155960083,29.762415885925293,1454.7833907132363,14.50833494013006,790.5270419088225,64.0,0.0,692.2049089781435,714.5340995903417,64.0,54303.0,0.9976728723404256,1.0,sustained_overload,contiguous
1779703920.1059043,20941,64,54431,39745,4.679082810810087e-05,16.066088338339778,29.956201791763306,31.425382375717163,0.0,16.074484941130883,0.029699035526550923,0.0004512575483813728,9.318476631527855e-05,5.382853207280343e-05,1.0,0,1.0,31.33734679222107,0.11758005548308868,625699.3165384025,57.79710329595651,0.0,,31.382383823394775,29.762415885925293,1454.7833907132363,14.50833494013006,790.5270419088225,64.0,0.0,678.221228266351,735.6976035431603,64.0,54367.0,0.9976783608490566,1.0,sustained_overload,contiguous
1779703920.1948051,20999,64,54495,39681,5.1956406252884335e-05,16.109636493092193,30.037302494049072,31.513647079467773,0.0,16.1183607646197,0.029699035526550923,0.0004512575483813728,9.318476631527855e-05,5.3796820253421085e-05,1.0,0,1.0,31.426247596740723,0.11744196715294981,612986.5786304867,57.86506116207951,0.0,,31.47128462791443,29.762415885925293,1454.7833907132363,14.50833494013006,790.5270419088225,64.0,0.0,652.4125435465314,719.9034963272071,64.0,54431.0,0.9976838235294118,1.0,sustained_overload,contiguous
1779703920.281824,21054,64,54559,39617,4.736576570962825e-05,16.15432855838422,30.12076735496521,31.600757837295532,0.0,16.163074186029483,0.029699035526550923,0.0004512575483813728,9.318476631527855e-05,5.3764241535977216e-05,1.0,0,1.0,31.513266563415527,0.11730420278964057,626978.2564057603,57.933019028202516,0.0,,31.558303594589233,29.762415885925293,1454.7833907132363,14.50833494013006,790.5270419088225,64.0,0.0,632.0461170900642,735.4718453411656,64.0,54495.0,0.9976892605633803,1.0,sustained_overload,contiguous
1779703920.3704731,21109,64,54623,39553,5.0662609353935295e-05,16.200153058130404,30.20548439025879,31.68901228904724,0.0,16.209230416093256,0.029699035526550923,0.0004512575483813728,9.318476631527855e-05,5.395337218923106e-05,1.0,0,1.0,31.60191559791565,0.11716676125441663,616171.4034226147,58.00097689432552,0.0,,31.646952629089355,29.762415885925293,1454.7833907132363,14.50833494013006,790.5270419088225,64.0,0.0,620.4241288146716,721.9480771661633,64.0,54559.0,0.9976946721311475,1.0,sustained_overload,contiguous
1779703920.466821,21167,64,54261,39915,5.341506250999828e-05,16.25078969064556,30.297110319137573,31.783482789993286,0.0,16.259816586472382,0.029841089735225756,0.0004472124333284339,9.318476631527855e-05,5.396980427509699e-05,1.0,0,1.0,31.69826340675354,0.11794843441882753,572924.2902957596,57.61659021406727,0.0,,31.743300437927246,31.50970959663391,1499.7714716175267,15.008375371203703,811.3871721943726,0.0,362.0,601.9856673397474,3757.2208892584235,321.0,54879.0,0.997700058411215,1.0,sustained_overload,contiguous
1779703920.5540564,21225,64,54325,39851,4.590948439897602e-05,16.293955775937036,30.381491899490356,31.871394395828247,0.0,16.302466907100502,0.029841089735225756,0.0004472124333284339,9.255409240722656e-05,5.3957050363522874e-05,1.0,0,1.0,31.78549885749817,0.11780947998159226,622739.9473068556,57.68454808019028,0.0,,31.830535888671875,31.50970959663391,1499.7714716175267,15.008375371203703,811.3871721943726,64.0,0.0,664.8673160386124,733.6466935598482,64.0,54261.0,0.9977054195804196,1.0,sustained_overload,contiguous
1779703920.6410422,21276,64,54389,39787,4.3109515615924465e-05,16.34104129505568,30.465394973754883,31.957869052886963,0.0,16.34985164342289,0.029841089735225756,0.0004472124333284339,9.255409240722656e-05,5.3683395499343935e-05,1.0,0,1.0,31.87248468399048,0.11767085256209894,625262.7835272513,57.752505946313285,0.0,,31.917521715164185,31.50970959663391,1499.7714716175267,15.008375371203703,811.3871721943726,64.0,0.0,586.302413353616,735.7520481300278,64.0,54325.0,0.9977107558139535,1.0,sustained_overload,contiguous
1779703920.7288418,21334,64,54453,39723,5.324917185589584e-05,16.384334220642383,30.549875020980835,32.04592323303223,0.0,16.39298565661485,0.029841089735225756,0.0004472124333284339,9.255409240722656e-05,5.36978242005638e-05,1.0,0,1.0,31.96028423309326,0.1175325510072907,620196.8068908211,57.82046381243629,0.0,,32.00532126426697,31.50970959663391,1499.7714716175267,15.008375371203703,811.3871721943726,64.0,0.0,660.5956476166166,728.9331284045425,64.0,54389.0,0.9977160672853829,1.0,sustained_overload,contiguous
1779703920.824139,21391,64,55110,39066,6.0941156348803815e-05,16.434301555140067,30.639932870864868,32.13905477523804,0.0,16.44328310127883,0.029993495555839154,0.0004432634873823686,9.255409240722656e-05,5.36747717865415e-05,1.0,0,1.0,32.05558156967163,0.11613137361640355,604319.092933306,58.51809378185525,0.0,32.10061860084534,32.10061860084534,31.946214199066162,272.5999015920165,15.492313623428345,795.9932501771624,657.0,0.0,598.1279440388686,6894.211565500643,1601.0,55989.0,0.9977213541666666,1.0,sustained_overload,contiguous
1779703920.921464,21449,64,55173,39003,5.218612494672925e-05,16.483373429804114,30.730729579925537,32.23246097564697,0.0,16.492445333463134,0.030133991241455077,0.0004393768310546875,9.255409240722656e-05,5.365419751563295e-05,1.0,0,1.0,32.15290641784668,0.11599876751309517,598480.255476348,58.58498980632009,0.0,32.10061860084534,32.197943449020386,0.0002281665802001953,4.055084745762712,15.061977916293674,773.994967804068,63.0,0.0,595.9423629994366,647.316704637319,1601.0,56646.0,0.9977266166281755,1.0,sustained_overload,contiguous
1779703921.017889,21503,64,53956,40220,8.25134375190828e-05,16.53974612358212,30.826074600219727,32.32906937599182,0.0,16.548989558710982,0.030284326855498967,0.00043556241705866144,9.255409240722656e-05,5.398120853918755e-05,1.0,0,1.0,32.2493314743042,0.11861516791459709,578169.2233134538,57.29272850832484,0.0,32.10061860084534,32.294368505477905,0.00020885467529296875,3.8253275109170306,14.654903076790475,753.1795721204693,0.0,1217.0,560.0204136130315,12621.20080309369,321.0,55429.0,0.9977318548387096,1.0,sustained_overload,contiguous
1779703921.106346,21556,64,54020,40156,5.176729685274495e-05,16.58732001236636,30.91019296646118,32.41765999794006,0.0,16.59641800486862,0.030284326855498967,0.00043556241705866144,9.20406607694404e-05,5.4043502456857436e-05,1.0,0,1.0,32.337788343429565,0.11847463902258423,610693.1042680215,57.360686374447845,0.0,32.10061860084534,32.38282537460327,0.00020885467529296875,3.8253275109170306,14.654903076790475,753.1795721204693,64.0,0.0,599.16206083312,723.5164508173524,64.0,53956.0,0.9977370689655173,1.0,sustained_overload,contiguous
1779703921.193426,21609,64,54084,40092,5.234962496558637e-05,16.63346863284961,30.993624687194824,32.50483012199402,0.0,16.642545801487067,0.030284326855498967,0.00043556241705866144,9.20406607694404e-05,5.385806069009783e-05,1.0,0,1.0,32.42486834526062,0.11833444271873382,621084.0475741978,57.42864424057085,0.0,32.10061860084534,32.469905376434326,0.00020885467529296875,3.8253275109170306,14.654903076790475,753.1795721204693,64.0,0.0,608.6357244551527,734.9563465118825,64.0,54020.0,0.9977422591743119,1.0,sustained_overload,contiguous
1779703921.2785747,21655,64,54148,40028,4.1554718691827475e-05,16.683064435691733,31.076637268066406,32.59009385108948,0.0,16.692151257147678,0.030284326855498967,0.00043556241705866144,9.20406607694404e-05,5.3755856304252775e-05,1.0,0,1.0,32.51001715660095,0.11819457782374233,635921.971753374,57.49660210669385,0.0,32.10061860084534,32.55505418777466,0.00020885467529296875,3.8253275109170306,14.654903076790475,753.1795721204693,64.0,0.0,540.2306770454163,751.6252898023184,64.0,54084.0,0.9977474256292906,1.0,sustained_overload,contiguous
1779703921.36715,21707,64,54212,39964,6.367601562828895e-05,16.731041149332604,31.161009073257446,32.67837834358215,0.0,16.740094711759888,0.030284326855498967,0.00043556241705866144,9.20406607694404e-05,5.375367528725837e-05,1.0,0,1.0,32.59859251976013,0.11805504316387515,612043.77906501,57.56455997281685,0.0,32.10061860084534,32.64362955093384,0.00020885467529296875,3.8253275109170306,14.654903076790475,753.1795721204693,64.0,0.0,587.0706948900709,722.5485475570102,64.0,54148.0,0.9977525684931506,1.0,sustained_overload,contiguous
1779703921.455374,21756,64,54276,39900,4.818760936586841e-05,16.781299540701706,31.246660947799683,32.766664266586304,0.0,16.79046064767411,0.030284326855498967,0.00043556241705866144,9.20406607694404e-05,5.371895426583119e-05,1.0,0,1.0,32.686816453933716,0.11791583757093374,615207.205487004,57.632517838939854,0.0,32.10061860084534,32.73185348510742,0.00020885467529296875,3.8253275109170306,14.654903076790475,753.1795721204693,64.0,0.0,555.4048395029699,725.4267291467363,64.0,54212.0,0.9977576879271071,1.0,sustained_overload,contiguous
1779703921.5483491,21810,64,54158,40018,5.05338437477576e-05,16.831726967363558,31.335963487625122,32.85706686973572,0.0,16.84046516404095,0.0304027001063029,0.0004318578570496802,9.20406607694404e-05,5.3679042168603406e-05,1.0,0,1.0,32.779791593551636,0.11817275379445327,595481.7624100563,57.50722052327557,0.0,32.10061860084534,32.82482862472534,32.59491539001465,1418.2245739096954,15.127008663980584,770.6807563780806,0.0,118.0,580.8004184980229,1269.1564700512351,577.0,54788.0,0.9977627840909091,1.0,sustained_overload,contiguous
1779703921.6357222,21866,64,54222,39954,4.434115622586887e-05,16.87556686085762,31.41950559616089,32.94434571266174,0.0,16.884579010635736,0.0304027001063029,0.0004318578570496802,9.136638422121946e-05,5.3728098836187076e-05,1.0,0,1.0,32.867164611816406,0.11803327062815833,620580.5988719374,57.57517838939857,0.0,32.10061860084534,32.91220164299011,32.59491539001465,1418.2245739096954,15.127008663980584,770.6807563780806,64.0,0.0,640.9301305158144,732.4915777323594,64.0,54158.0,0.9977678571428571,1.0,sustained_overload,contiguous
1779703921.721723,21919,64,54286,39890,4.416731253797934e-05,16.920387727732145,31.499742031097412,33.030298709869385,0.0,16.929630219876827,0.0304027001063029,0.0004318578570496802,9.136638422121946e-05,5.345166704817852e-05,1.0,0,1.0,32.95316553115845,0.11789411634675606,631225.8103206418,57.643136255521576,0.0,32.10061860084534,32.99820256233215,32.59491539001465,1418.2245739096954,15.127008663980584,770.6807563780806,64.0,0.0,616.2724817999856,744.1780912301713,64.0,54222.0,0.997772907239819,1.0,sustained_overload,contiguous
1779703921.8164313,21976,64,55190,38986,5.4702140559470536e-05,16.969657281855483,31.591739416122437,33.123148918151855,0.0,16.979002926066734,0.03052760096429621,0.0004285354058719376,9.136638422121946e-05,5.346688359772355e-05,1.0,0,1.0,33.047873735427856,0.11596303678202574,606314.9485619344,58.603041114509004,0.0,32.10061860084534,33.09291076660156,32.80516839027405,1516.6317440198013,15.580294810808622,789.8077047791503,904.0,0.0,601.8485984366937,9545.107596259142,1601.0,55822.0,0.9977779345372461,1.0,sustained_overload,contiguous
1779703921.9097745,22024,64,54741,39435,5.338917186747949e-05,17.02509231924666,31.68159580230713,33.21523356437683,0.0,17.034242468448255,0.030644836334081795,0.0004249719473031851,9.136638422121946e-05,5.38051678644705e-05,1.0,0,1.0,33.14121699333191,0.11691419594088526,613895.4359071288,58.1262742099898,0.0,32.10061860084534,33.186254024505615,0.0002980232238769531,3.324468085106383,15.190794891119003,770.1456238617991,0.0,449.0,514.2310336900717,4810.2027943092135,1089.0,56214.0,0.9977829391891891,1.0,sustained_overload,contiguous
1779703922.0013084,22079,64,54805,39371,5.195489066522896e-05,17.073686122862043,31.768219232559204,33.30659818649292,0.0,17.08298324881974,0.030644836334081795,0.0004249719473031851,9.077787399291992e-05,5.379582645070198e-05,1.0,0,1.0,33.23275089263916,0.11677766627132562,598739.9249324731,58.194232076112804,0.0,32.10061860084534,33.277787923812866,0.0002980232238769531,3.324468085106383,15.190794891119003,770.1456238617991,64.0,0.0,600.8702832093061,699.1945113708289,64.0,54741.0,0.9977879213483146,1.0,sustained_overload,contiguous
1779703922.0893795,22132,64,54869,39307,4.8876156313326646e-05,17.12054063651304,31.853798151016235,33.394678592681885,0.0,17.13001411965882,0.030644836334081795,0.0004249719473031851,9.077787399291992e-05,5.3625944266535795e-05,1.0,0,1.0,33.32082200050354,0.11664145510215239,623007.9458577087,58.26218994223581,0.0,32.10061860084534,33.365859031677246,0.0002980232238769531,3.324468085106383,15.190794891119003,770.1456238617991,64.0,0.0,601.7864573886632,726.6855334504612,64.0,54805.0,0.9977928811659192,1.0,sustained_overload,contiguous
1779703922.1746862,22184,64,54933,39243,3.678653126826248e-05,17.165397613042565,31.935220956802368,33.47999286651611,0.0,17.174516499018445,0.030644836334081795,0.0004249719473031851,9.077787399291992e-05,5.3504038757377314e-05,1.0,0,1.0,33.40612864494324,0.11650556132015363,643947.4950726938,58.33014780835881,0.0,32.10061860084534,33.45116567611694,0.0002980232238769531,3.324468085106383,15.190794891119003,770.1456238617991,64.0,0.0,609.5656480399774,750.2346437415107,64.0,54869.0,0.9977978187919463,1.0,sustained_overload,contiguous
1779703922.269612,22241,64,55064,39112,5.475507815333458e-05,17.21481193713447,32.02545619010925,33.57328677177429,0.0,17.22420979049716,0.03076444353376116,0.0004215217771984282,9.077787399291992e-05,5.36136103717556e-05,1.0,0,1.0,33.501054525375366,0.11622838878396048,600953.0777097964,58.46924906557934,0.0,32.10061860084534,33.54609155654907,33.256513833999634,1636.882743521247,15.631422182408775,791.2855536095906,131.0,0.0,600.4684891045541,1380.0240714508172,1089.0,55957.0,0.997802734375,1.0,sustained_overload,contiguous
1779703922.357489,22295,64,55128,39048,4.9885453051956574e-05,17.26096977287105,32.108952045440674,33.66148066520691,0.0,17.270291375930828,0.03076444353376116,0.0004215217771984282,9.013829606302668e-05,5.360465628955269e-05,1.0,0,1.0,33.58893156051636,0.11609345523146133,627331.132776064,58.53720693170234,0.0,32.10061860084534,33.63396859169006,33.256513833999634,1636.882743521247,15.631422182408775,791.2855536095906,64.0,0.0,614.4950146913992,728.2903877823991,64.0,55064.0,0.9978076280623608,1.0,sustained_overload,contiguous
1779703922.4558249,22351,64,55192,38984,8.047379684228417e-05,17.311298271154737,32.199289083480835,33.75542879104614,0.0,17.321168546298257,0.03076444353376116,0.0004215217771984282,9.013829606302668e-05,5.368625365403054e-05,1.0,0,1.0,33.6872673034668,0.11595883461371213,561260.8228100375,58.605164797825346,0.0,32.10061860084534,33.7323043346405,33.256513833999634,1636.882743521247,15.631422182408775,791.2855536095906,64.0,0.0,569.4775706146199,650.8315092738513,64.0,55128.0,0.9978125,1.0,sustained_overload,contiguous
1779703922.5821562,22422,64,54807,39369,0.0001614713906263887,17.38290782785043,32.31702136993408,33.8819797039032,0.0,17.39359243369366,0.0311452735145137,0.00041850557867086156,9.013829606302668e-05,5.389771622375462e-05,1.0,0,1.0,33.8135986328125,0.11677340485704382,445503.1090980463,58.19635575942915,0.0,32.10061860084534,33.858635663986206,33.58492922782898,1537.2804019848197,16.05888663587116,809.0473357137628,0.0,385.0,562.014192106773,3047.541745931093,577.0,55704.0,0.9978173503325942,1.0,sustained_overload,contiguous
1779703922.6824374,22480,64,53909,40267,6.788549994496407e-05,17.43893998468382,32.4154896736145,33.981730699539185,0.0,17.449162727660873,0.031297910993344315,0.0004151223975921346,8.954207102457682e-05,5.3908769082942e-05,1.0,0,1.0,33.91387987136841,0.1187185813129533,557392.3976700506,57.242821950390756,0.0,32.10061860084534,33.958916902542114,33.69567131996155,1457.247203495494,16.4690444192221,824.1217512435704,0.0,898.0,578.3733910273174,8954.81560590571,577.0,55319.0,0.9978221792035398,1.0,sustained_overload,contiguous
1779703922.7707691,22535,64,53973,40203,4.4369515663333914e-05,17.485081661675213,32.499711751937866,34.07078242301941,0.0,17.49479341389028,0.031297910993344315,0.0004151223975921346,8.94200670850146e-05,5.360564727319483e-05,1.0,0,1.0,34.002211570739746,0.11857780742222962,611026.3969121973,57.31077981651376,0.0,32.10061860084534,34.04724860191345,33.69567131996155,1457.247203495494,16.4690444192221,824.1217512435704,64.0,0.0,622.6530270722557,724.5417042295338,64.0,53909.0,0.9978269867549668,1.0,sustained_overload,contiguous
1779703922.8594015,22587,64,54037,40139,6.115757805957855e-05,17.534083681389383,32.586721658706665,34.16039037704468,0.0,17.543054855928254,0.031297910993344315,0.0004151223975921346,8.94200670850146e-05,5.356235459210777e-05,1.0,0,1.0,34.09084391593933,0.11843736698928511,609675.8455202541,57.37873768263676,0.0,32.10061860084534,34.13588094711304,33.69567131996155,1457.247203495494,16.4690444192221,824.1217512435704,64.0,0.0,586.6932651156285,722.0840186038504,64.0,53973.0,0.9978317731277533,1.0,sustained_overload,contiguous
1779703922.947606,22644,64,54101,40075,4.524771870251243e-05,17.57676186334599,32.67004036903381,34.247533082962036,0.0,17.586190235524658,0.031297910993344315,0.0004151223975921346,8.94200670850146e-05,5.349097130662426e-05,1.0,0,1.0,34.17904853820801,0.11829725883070552,613357.878629138,57.44669554875978,0.0,32.10061860084534,34.224085569381714,33.69567131996155,1457.247203495494,16.4690444192221,824.1217512435704,64.0,0.0,646.2246369172634,725.5855572404361,64.0,54037.0,0.9978365384615384,1.0,sustained_overload,contiguous
1779703923.0376556,22698,64,54165,40011,5.936914057258491e-05,17.624892230066283,32.755682706832886,34.33782744407654,0.0,17.634375756919923,0.031297910993344315,0.0004151223975921346,8.94200670850146e-05,5.3442649965523935e-05,1.0,0,1.0,34.26909804344177,0.1181574817686698,601502.4719945989,57.51465341488278,0.0,32.10061860084534,34.31413507461548,33.69567131996155,1457.247203495494,16.4690444192221,824.1217512435704,64.0,0.0,599.6701465468169,710.7201736851163,64.0,54101.0,0.9978412828947368,1.0,sustained_overload,contiguous
1779703923.1337383,22750,64,53262,40914,6.696757810686904e-05,17.678568093323396,32.846049547195435,34.431631088256836,0.0,17.688770154042007,0.03140922166683056,0.00041174005579065396,8.94200670850146e-05,5.3527940527653315e-05,1.0,0,1.0,34.3651807308197,0.12016071495625398,575067.1791960298,56.55581039755352,0.0,32.10061860084534,34.41021776199341,34.173630475997925,1378.160824731709,16.871421375057913,836.7135483683007,0.0,903.0,541.2005161290323,9398.15511662531,577.0,54677.0,0.9978460065645515,1.0,sustained_overload,contiguous
1779703923.2233167,22805,64,53326,40850,5.097718751301272e-05,17.725753225493772,32.9326651096344,34.52179789543152,0.0,17.735479952548825,0.03140922166683056,0.00041174005579065396,8.896900259930155e-05,5.358401692869021e-05,1.0,0,1.0,34.45475912094116,0.120016502269062,595299.8254120765,56.623768263676524,0.0,32.10061860084534,34.49979615211487,34.173630475997925,1378.160824731709,16.871421375057913,836.7135483683007,64.0,0.0,613.9873682193341,714.458028473407,64.0,53262.0,0.9978507096069869,1.0,sustained_overload,contiguous
1779703923.3110645,22859,64,53390,40786,5.001446871233384e-05,17.771153626155648,33.01634693145752,34.60940599441528,0.0,17.78088836404597,0.03140922166683056,0.00041174005579065396,8.896900259930155e-05,5.3538307638678124e-05,1.0,0,1.0,34.54250693321228,0.11987263532496721,608448.2178887678,56.69172612979953,0.0,32.10061860084534,34.587543964385986,34.173630475997925,1378.160824731709,16.871421375057913,836.7135483683007,64.0,0.0,615.3999581568357,729.3629133710647,64.0,53326.0,0.9978553921568627,1.0,sustained_overload,contiguous
1779703923.3996096,22913,64,53454,40722,5.299581245310492e-05,17.817700820495084,33.1001513004303,34.6981725692749,0.0,17.82726102691989,0.03140922166683056,0.00041174005579065396,8.896900259930155e-05,5.3555808595257975e-05,1.0,0,1.0,34.631052017211914,0.11972911288210425,603692.4647360556,56.75968399592253,0.0,32.10061860084534,34.67608904838562,34.173630475997925,1378.160824731709,16.871421375057913,836.7135483683007,64.0,0.0,609.8588149763722,722.7956325645893,64.0,53390.0,0.9978600543478261,1.0,sustained_overload,contiguous
1779703923.4991124,22968,64,53828,40348,7.435668754851577e-05,17.87237354222072,33.19424891471863,34.79551410675049,0.0,17.882717879850166,0.031541043465290595,0.0004086188220102853,8.896900259930155e-05,5.504280532540747e-05,1.0,0,1.0,34.730554819107056,0.11889722820836739,558446.5858414501,57.15681277607884,0.0,32.10061860084534,34.77559185028076,34.47881078720093,1386.0535638202527,17.262696695327758,848.9211042672331,374.0,0.0,552.748253842744,3758.6881261306594,1089.0,54478.0,0.9978646963123644,1.0,sustained_overload,contiguous
1779703923.597585,23019,64,52664,41512,5.0359765566554415e-05,17.92704799944358,33.28571796417236,34.88972091674805,0.0,17.936708704197606,0.031642941995100544,0.0004054026170210405,8.841740187778268e-05,5.4729229083534244e-05,1.0,0,1.0,34.8290274143219,0.12152514051344372,552488.7394437128,55.92082908596671,0.0,32.10061860084534,34.874064445495605,34.638765811920166,1282.7448369012252,17.64043732829716,858.3520549766678,0.0,1164.0,517.910591152088,11820.547609824127,321.0,54084.0,0.9978693181818182,1.0,sustained_overload,contiguous
1779703923.694876,23078,64,52267,41909,6.808751561493409e-05,17.981370132363953,33.38350963592529,34.98880076408386,0.0,17.990845357842257,0.031770106908437366,0.0004022830241435283,8.828335619987325e-05,5.469822124945615e-05,1.0,0,1.0,34.926318407058716,0.12244819867220234,552497.1889783075,55.49927794767244,0.0,32.10061860084534,34.97135543823242,34.7271466255188,1393.1973933699417,18.003984334621023,869.7317430275884,0.0,397.0,606.4281835380377,4080.5421841457796,577.0,53176.0,0.9978739200863931,1.0,sustained_overload,contiguous
1779703923.7846384,23134,64,52331,41845,5.712979694294518e-05,18.02718543215551,33.469385623931885,35.078487396240234,0.0,18.036770060859734,0.031770106908437366,0.0004022830241435283,8.776564347116571e-05,5.51330197994358e-05,1.0,0,1.0,35.01608085632324,0.12229844642754772,582994.3414955471,55.56723581379545,0.0,32.10061860084534,35.06111788749695,34.7271466255188,1393.1973933699417,18.003984334621023,869.7317430275884,64.0,0.0,623.8688946083704,712.9930224095663,64.0,52267.0,0.9978785021551724,1.0,sustained_overload,contiguous
1779703923.8809028,23190,64,51421,42755,6.004632813016997e-05,18.078820403210955,33.56074404716492,35.17367649078369,0.0,18.08817803042746,0.03188272033418928,0.00039915740489959717,8.776564347116571e-05,5.488886555679545e-05,1.0,0,1.0,35.11234521865845,0.12446276812975243,554930.1808491141,54.60095990485899,0.0,32.10061860084534,35.15738224983215,34.861241817474365,1367.0651319340668,18.355177198847134,880.0928552964734,0.0,910.0,581.7313764049118,9453.134866579816,577.0,52843.0,0.9978830645161291,1.0,sustained_overload,contiguous
1779703923.9670813,23240,64,51485,42691,5.063442188202316e-05,18.126043889060256,33.64373278617859,35.26013159751892,0.0,18.13567290536618,0.03188272033418928,0.00039915740489959717,8.726119995117188e-05,5.4573968254370115e-05,1.0,0,1.0,35.19852375984192,0.12430805088860834,597422.5055677131,54.66891777098199,0.0,32.10061860084534,35.243560791015625,34.861241817474365,1367.0651319340668,18.355177198847134,880.0928552964734,64.0,0.0,580.1908376883686,742.6442722411117,64.0,51421.0,0.9978876072961373,1.0,sustained_overload,contiguous
1779703924.0701873,23296,64,50828,43348,8.160532816248178e-05,18.18278400870175,33.73822498321533,35.360507011413574,0.0,18.193333543574184,0.032040695173550494,0.00039623057947749585,8.726119995117188e-05,5.440231289334413e-05,1.0,0,1.0,35.30162978172302,0.12591485008263162,504936.55996189226,53.97128780156303,0.0,32.10061860084534,35.34666681289673,35.108428955078125,1532.7142006795661,18.697080295913075,893.4116582634754,0.0,657.0,543.1302554236481,6372.081746666729,321.0,51741.0,0.997892130620985,1.0,sustained_overload,contiguous
1779703924.160403,23352,64,50892,43284,5.773318743251821e-05,18.22985170175596,33.82200241088867,35.451529026031494,0.0,18.239577347417626,0.032040695173550494,0.00039623057947749585,8.674995186402626e-05,5.513557107651658e-05,1.0,0,1.0,35.39184546470642,0.12575650396918966,564114.7782405547,54.03924566768603,0.0,32.10061860084534,35.43688249588013,35.108428955078125,1532.7142006795661,18.697080295913075,893.4116582634754,64.0,0.0,620.7346455527601,709.4110234888686,64.0,50828.0,0.9978966346153846,1.0,sustained_overload,contiguous
1779703924.2496123,23404,64,50956,43220,5.201623434913927e-05,18.278290440234603,33.908838510513306,35.54081845283508,0.0,18.288955148397704,0.032040695173550494,0.00039623057947749585,8.674995186402626e-05,5.4808230744481086e-05,1.0,0,1.0,35.48105478286743,0.1255985556166104,571195.936146842,54.107203533809034,0.0,32.10061860084534,35.52609181404114,35.108428955078125,1532.7142006795661,18.697080295913075,893.4116582634754,64.0,0.0,582.8987495022329,717.4138455412098,64.0,50892.0,0.9979011194029851,1.0,sustained_overload,contiguous
1779703924.3378394,23457,64,51020,43156,4.7649750001710345e-05,18.32516869018783,33.99212694168091,35.62933874130249,0.0,18.33479317379293,0.032040695173550494,0.00039623057947749585,8.674995186402626e-05,5.463123537125484e-05,1.0,0,1.0,35.569281816482544,0.12544100352802823,578280.8047539393,54.17516139993204,0.0,32.10061860084534,35.61431884765625,35.108428955078125,1532.7142006795661,18.697080295913075,893.4116582634754,64.0,0.0,600.7229057616382,725.4012446932991,64.0,50956.0,0.9979055851063829,1.0,sustained_overload,contiguous
1779703924.4252439,23511,64,51084,43092,5.745854690530905e-05,18.370530568227256,34.076205015182495,35.71712827682495,0.0,18.37993337356729,0.032040695173550494,0.00039623057947749585,8.674995186402626e-05,5.4390233152196686e-05,1.0,0,1.0,35.656686305999756,0.12528384621407876,584455.1038758759,54.243119266055054,0.0,32.10061860084534,35.70172333717346,35.108428955078125,1532.7142006795661,18.697080295913075,893.4116582634754,64.0,0.0,617.8172345410951,732.2278335301868,64.0,51020.0,0.9979100318471338,1.0,sustained_overload,contiguous
1779703924.5130587,23562,64,51148,43028,4.7161343758261864e-05,18.417640448170452,34.161073446273804,35.80433416366577,0.0,18.427149095825698,0.032040695173550494,0.00039623057947749585,8.674995186402626e-05,5.428801674254552e-05,1.0,0,1.0,35.7445011138916,0.12512708219285212,582453.0193472017,54.311077132178056,0.0,32.10061860084534,35.78953814506531,35.108428955078125,1532.7142006795661,18.697080295913075,893.4116582634754,64.0,0.0,580.7676543893658,728.8064682533218,64.0,51084.0,0.9979144597457628,1.0,sustained_overload,contiguous
1779703924.5991838,23613,64,51212,42964,4.088498438648003e-05,18.46378838008063,34.243417739868164,35.890588998794556,0.0,18.473495020458227,0.032040695173550494,0.00039623057947749585,8.674995186402626e-05,5.4118788830528945e-05,1.0,0,1.0,35.830626249313354,0.12497070998984613,594623.1579110551,54.37903499830106,0.0,32.10061860084534,35.87566328048706,35.108428955078125,1532.7142006795661,18.697080295913075,893.4116582634754,64.0,0.0,592.1616233199994,743.1047822054895,64.0,51148.0,0.997918868921776,1.0,sustained_overload,contiguous
1779703924.6863127,23663,64,51276,42900,5.914742195045619e-05,18.511208493869205,34.327248096466064,35.97735238075256,0.0,18.52130807310928,0.032040695173550494,0.00039623057947749585,8.674995186402626e-05,5.447915164529955e-05,1.0,0,1.0,35.917755126953125,0.12481472813792027,588507.523441284,54.44699286442406,0.0,32.10061860084534,35.96279215812683,35.108428955078125,1532.7142006795661,18.697080295913075,893.4116582634754,64.0,0.0,573.8625511362859,734.5440654544459,64.0,51212.0,0.9979232594936709,1.0,sustained_overload,contiguous
1779703924.7780073,23721,64,51340,42836,6.195485933346845e-05,18.556818002790994,34.41165590286255,36.068572759628296,0.0,18.566932171336855,0.032040695173550494,0.00039623057947749585,8.674995186402626e-05,5.441286659759111e-05,1.0,0,1.0,36.00944972038269,0.1246591351772497,559902.1499499474,54.51495073054706,0.0,32.10061860084534,36.0544867515564,35.108428955078125,1532.7142006795661,18.697080295913075,893.4116582634754,64.0,0.0,632.5345675320792,697.9691779664322,64.0,51276.0,0.9979276315789474,1.0,sustained_overload,contiguous
1779703924.871156,23780,64,51404,42772,5.951742191712128e-05,18.60321772947221,34.50055289268494,36.161367893218994,0.0,18.613352647803165,0.032040695173550494,0.00039623057947749585,8.674995186402626e-05,5.4451622728788604e-05,1.0,0,1.0,36.102598428726196,0.12450392965527973,551848.768642467,54.582908596670066,0.0,32.10061860084534,36.1476354598999,35.108428955078125,1532.7142006795661,18.697080295913075,893.4116582634754,64.0,0.0,633.395793127102,687.0734027141445,64.0,51340.0,0.9979319852941176,1.0,sustained_overload,contiguous
1779703924.9611058,23837,64,51468,42708,6.61518125184557e-05,18.649165950587996,34.58787441253662,36.25214743614197,0.0,18.65916115476823,0.032040695173550494,0.00039623057947749585,8.674995186402626e-05,5.439897520976984e-05,1.0,0,1.0,36.1925482749939,0.12434911012668065,572185.5248848989,54.65086646279307,0.0,32.10061860084534,36.2375853061676,35.108428955078125,1532.7142006795661,18.697080295913075,893.4116582634754,64.0,0.0,633.6864637918559,711.5076084680487,64.0,51404.0,0.9979363207547169,1.0,sustained_overload,contiguous
1779703925.0530345,23891,64,51532,42644,5.476542182236699e-05,18.697660448530915,34.674967527389526,36.34314298629761,0.0,18.707989147220445,0.032040695173550494,0.00039623057947749585,8.674995186402626e-05,5.432284418713984e-05,1.0,0,1.0,36.28447699546814,0.12419467515330279,560564.7477105741,54.71882432891607,0.0,32.10061860084534,36.329514026641846,35.108428955078125,1532.7142006795661,18.697080295913075,893.4116582634754,64.0,0.0,587.4116350300977,696.1915674430788,64.0,51468.0,0.9979406380753139,1.0,sustained_overload,contiguous
1779703925.1463943,23950,64,51596,42580,8.553656255116948e-05,18.744468602595948,34.76292419433594,36.436360597610474,0.0,18.755163738959805,0.032040695173550494,0.00039623057947749585,8.674995186402626e-05,5.432558702985932e-05,1.0,0,1.0,36.37783670425415,0.1240406233041321,552658.1077739103,54.78678219503907,0.0,32.10061860084534,36.422873735427856,35.108428955078125,1532.7142006795661,18.697080295913075,893.4116582634754,64.0,0.0,631.9642677467382,685.5205616235804,64.0,51532.0,0.9979449373695198,1.0,sustained_overload,contiguous
1779703925.2376323,24010,64,51660,42516,4.87861093176889e-05,18.788544925494715,34.84807991981506,36.52761960029602,0.0,18.798746055778707,0.032040695173550494,0.00039623057947749585,8.674995186402626e-05,5.427627030309714e-05,1.0,0,1.0,36.469074726104736,0.12388695315524584,566211.3113828787,54.854740061162076,0.0,32.10061860084534,36.51411175727844,35.108428955078125,1532.7142006795661,18.697080295913075,893.4116582634754,64.0,0.0,657.6205707118219,701.46194209261,64.0,51596.0,0.99794921875,1.0,sustained_overload,contiguous
1779703925.327629,24065,64,51724,42452,5.963190619695524e-05,18.83600581723749,34.93639135360718,36.61836576461792,0.0,18.846025102620406,0.032040695173550494,0.00039623057947749585,8.674995186402626e-05,5.4344188813298594e-05,1.0,0,1.0,36.55907154083252,0.12373366328976877,574731.451956956,54.92269792728508,0.0,32.10061860084534,36.604108572006226,35.108428955078125,1532.7142006795661,18.697080295913075,893.4116582634754,64.0,0.0,611.1327402682039,711.1362795848191,64.0,51660.0,0.9979534823284824,1.0,sustained_overload,contiguous
1779703925.4250565,24121,64,51308,42868,6.272765621417875e-05,18.888851630547524,35.026915311813354,36.71479940414429,0.0,18.898819685464332,0.03213846056084884,0.00039338647273548863,8.674995186402626e-05,5.452573135517506e-05,1.0,0,1.0,36.65649890899658,0.12473688313713262,536820.4128425998,54.48097179748556,0.0,32.10061860084534,36.70153594017029,36.460646629333496,1416.5096644068967,19.052351622581483,903.8736183863439,0.0,416.0,574.7871574001566,4269.8474549725925,321.0,51980.0,0.9979577282157677,1.0,sustained_overload,contiguous
1779703925.5139067,24175,64,51372,42804,5.1985906239337965e-05,18.935417116152127,35.11207938194275,36.80389595031738,0.0,18.945142554854012,0.03213846056084884,0.00039338647273548863,8.625886878188775e-05,5.446491428441066e-05,1.0,0,1.0,36.745349168777466,0.12458148407692907,578186.2667221231,54.54892966360856,0.0,32.10061860084534,36.79038619995117,36.460646629333496,1416.5096644068967,19.052351622581483,903.8736183863439,64.0,0.0,607.7641205908792,720.3130318114124,64.0,51308.0,0.9979619565217391,1.0,sustained_overload,contiguous
1779703925.602061,24224,64,51436,42740,4.455115623613892e-05,18.98506115391766,35.196608781814575,36.892181158065796,0.0,18.99494446547922,0.03213846056084884,0.00039338647273548863,8.625886878188775e-05,5.430754669951642e-05,1.0,0,1.0,36.83350348472595,0.12442647173186096,583476.8206931244,54.616887529731564,0.0,32.10061860084534,36.87854051589966,36.460646629333496,1416.5096644068967,19.052351622581483,903.8736183863439,64.0,0.0,555.8434601050451,725.9996213616915,64.0,51372.0,0.9979661673553719,1.0,sustained_overload,contiguous
1779703925.6892524,24280,64,51500,42676,5.285626555462386e-05,19.028126049395553,35.28007435798645,36.97935104370117,0.0,19.037960445062378,0.03213846056084884,0.00039338647273548863,8.625886878188775e-05,5.445738452640472e-05,1.0,0,1.0,36.92069482803345,0.12427184466019417,590654.9669544197,54.68484539585457,0.0,32.10061860084534,36.96573185920715,36.460646629333496,1416.5096644068967,19.052351622581483,903.8736183863439,64.0,0.0,642.265595134903,734.0178230113178,64.0,51436.0,0.9979703608247422,1.0,sustained_overload,contiguous
1779703925.783203,24335,64,51564,42612,6.964432809297705e-05,19.077674682888595,35.36593461036682,37.07226228713989,0.0,19.088110945531927,0.03213846056084884,0.00039338647273548863,8.625886878188775e-05,5.4637580661580286e-05,1.0,0,1.0,37.01464533805847,0.12411760142735241,548842.1508969514,54.752803261977576,0.0,32.10061860084534,37.05968236923218,36.460646629333496,1416.5096644068967,19.052351622581483,903.8736183863439,64.0,0.0,585.414597380582,681.2097133155863,64.0,51500.0,0.9979745370370371,1.0,sustained_overload,contiguous
1779703925.87048,24386,64,51628,42548,4.4470015708952815e-05,19.125287448221325,35.448564529418945,37.160101890563965,0.0,19.135376099406308,0.03213846056084884,0.00039338647273548863,8.625886878188775e-05,5.454955459120858e-05,1.0,0,1.0,37.10192251205444,0.12396374060587279,591540.6931299461,54.82076112810058,0.0,32.10061860084534,37.14695954322815,36.460646629333496,1416.5096644068967,19.052351622581483,903.8736183863439,64.0,0.0,584.3452264203002,733.2959704097884,64.0,51564.0,0.9979786960985626,1.0,sustained_overload,contiguous
1779703925.9593174,24440,64,51692,42484,4.253293745648534e-05,19.171162989256658,35.53576588630676,37.24856424331665,0.0,19.18156245953438,0.03213846056084884,0.00039338647273548863,8.625886878188775e-05,5.451283863394667e-05,1.0,0,1.0,37.190759897232056,0.12381026077536177,581872.1464691058,54.88871899422358,0.0,32.10061860084534,37.23579692840576,36.460646629333496,1416.5096644068967,19.052351622581483,903.8736183863439,64.0,0.0,607.8521997471894,720.4174219225948,64.0,51628.0,0.9979828381147541,1.0,sustained_overload,contiguous
1779703926.0537515,24491,64,51756,42420,6.999270320307005e-05,19.224268844655267,35.62535238265991,37.341951847076416,0.0,19.234685949741106,0.03213846056084884,0.00039338647273548863,8.625886878188775e-05,5.465250453743886e-05,1.0,0,1.0,37.2851939201355,0.12365716052245149,548065.1825340521,54.95667686034659,0.0,32.10061860084534,37.330230951309204,36.460646629333496,1416.5096644068967,19.052351622581483,903.8736183863439,64.0,0.0,540.0595932691215,677.7218425337995,64.0,51692.0,0.9979869631901841,1.0,sustained_overload,contiguous
1779703926.1495655,24546,64,51820,42356,5.712060941220898e-05,19.275405929732496,35.71615934371948,37.436524391174316,0.0,19.28676186580108,0.03213846056084884,0.00039338647273548863,8.625886878188775e-05,5.473504631313573e-05,1.0,0,1.0,37.38100790977478,0.12350443844075647,540839.6017647366,55.02463472646959,0.0,32.10061860084534,37.426044940948486,36.460646629333496,1416.5096644068967,19.052351622581483,903.8736183863439,64.0,0.0,574.0289096306544,667.9609130247616,64.0,51756.0,0.9979910714285715,1.0,sustained_overload,contiguous
1779703926.2404077,24601,64,51884,42292,4.6302593702307604e-05,19.323988692817867,35.805630922317505,37.528544664382935,0.0,19.334675296559883,0.03213846056084884,0.00039338647273548863,8.625886878188775e-05,5.4692843285710126e-05,1.0,0,1.0,37.47185015678406,0.12335209313083031,571143.9523804524,55.092592592592595,0.0,32.10061860084534,37.516887187957764,36.460646629333496,1416.5096644068967,19.052351622581483,903.8736183863439,64.0,0.0,605.445173481707,704.5180200514409,64.0,51820.0,0.9979951629327902,1.0,sustained_overload,contiguous
1779703926.3370295,24662,64,51948,42228,7.722751554695151e-05,19.372819846595224,35.898935079574585,37.62553668022156,0.0,19.383313354070026,0.03213846056084884,0.00039338647273548863,8.625886878188775e-05,5.486173669924021e-05,1.0,0,1.0,37.568471908569336,0.12320012320012319,537642.9120788825,55.1605504587156,0.0,32.10061860084534,37.61350893974304,36.460646629333496,1416.5096644068967,19.052351622581483,903.8736183863439,64.0,0.0,631.3278208364486,662.3767300579133,64.0,51884.0,0.9979992378048781,1.0,sustained_overload,contiguous
1779703926.4265265,24717,64,52012,42164,4.42926562698176e-05,19.41873974810864,35.98418140411377,37.71489429473877,0.0,19.429443053344322,0.03213846056084884,0.00039338647273548863,8.625886878188775e-05,5.4778688637110724e-05,1.0,0,1.0,37.65796899795532,0.12304852726293931,581158.5645615886,55.2285083248386,0.0,32.10061860084534,37.70300602912903,36.460646629333496,1416.5096644068967,19.052351622581483,903.8736183863439,64.0,0.0,614.5451251804848,715.1070547554732,64.0,51948.0,0.9980032961460447,1.0,sustained_overload,contiguous
1779703926.5172176,24771,64,52076,42100,5.7127687554725526e-05,19.467366070332528,36.07158708572388,37.80619406700134,0.0,19.4777338886763,0.03213846056084884,0.00039338647273548863,8.625886878188775e-05,5.478415429380614e-05,1.0,0,1.0,37.74866008758545,0.12289730394039482,574212.9707823106,55.2964661909616,0.0,32.10061860084534,37.793697118759155,36.460646629333496,1416.5096644068967,19.052351622581483,903.8736183863439,64.0,0.0,595.4278443475838,705.6922599675067,64.0,52012.0,0.9980073380566802,1.0,sustained_overload,contiguous
1779703926.609357,24829,64,52140,42036,5.3227312420744965e-05,19.512900237096932,36.15809392929077,37.89753770828247,0.0,19.523618945599825,0.03213846056084884,0.00039338647273548863,8.625886878188775e-05,5.4786272206454934e-05,1.0,0,1.0,37.84079957008362,0.1227464518603759,565881.1899777727,55.364424057084605,0.0,32.10061860084534,37.885836601257324,36.460646629333496,1416.5096644068967,19.052351622581483,903.8736183863439,64.0,0.0,629.4804184639588,694.5990824429891,64.0,52076.0,0.9980113636363637,1.0,sustained_overload,contiguous
1779703926.6997557,24881,64,52204,41972,5.561628125860807e-05,19.562580427958455,36.24612903594971,37.98833513259888,0.0,19.573062258971216,0.03213846056084884,0.00039338647273548863,8.625886878188775e-05,5.4745824022645215e-05,1.0,0,1.0,37.93119812011719,0.1225959696574975,577487.1386832437,55.43238192320761,0.0,32.10061860084534,37.976235151290894,36.460646629333496,1416.5096644068967,19.052351622581483,903.8736183863439,64.0,0.0,575.2304653192988,707.97595731606,64.0,52140.0,0.998015372983871,1.0,sustained_overload,contiguous
1779703926.7928095,24937,64,52268,41908,5.765309376215555e-05,19.611281540230987,36.33561396598816,38.08131241798401,0.0,19.62173956679247,0.03213846056084884,0.00039338647273548863,8.625886878188775e-05,5.4716002736245315e-05,1.0,0,1.0,38.02425193786621,0.12244585597306192,561696.4597946174,55.50033978933061,0.0,32.10061860084534,38.06928896903992,36.460646629333496,1416.5096644068967,19.052351622581483,903.8736183863439,64.0,0.0,601.8022833951668,687.7740381659048,64.0,52204.0,0.9980193661971831,1.0,sustained_overload,contiguous
1779703926.8816388,24987,64,52332,41844,4.544206257151018e-05,19.661125709115687,36.41927719116211,38.170732498168945,0.0,19.67155822342909,0.03213846056084884,0.00039338647273548863,8.625886878188775e-05,5.46671280601582e-05,1.0,0,1.0,38.113081216812134,0.12229610945501795,589130.0776161706,55.56829765545361,0.0,32.10061860084534,38.15811824798584,36.460646629333496,1416.5096644068967,19.052351622581483,903.8736183863439,64.0,0.0,562.8774723077378,720.4831645539043,64.0,52268.0,0.998023343373494,1.0,sustained_overload,contiguous
1779703926.9717388,25042,64,52396,41780,5.050701564357496e-05,19.707315248570357,36.50637769699097,38.26042866706848,0.0,19.717802602327293,0.03213846056084884,0.00039338647273548863,8.625886878188775e-05,5.465635357473165e-05,1.0,0,1.0,38.20318126678467,0.12214672875792046,581531.3089834271,55.63625552157663,0.0,32.10061860084534,38.248218297958374,36.460646629333496,1416.5096644068967,19.052351622581483,903.8736183863439,64.0,0.0,610.4325138195376,710.321470626371,64.0,52332.0,0.9980273046092184,1.0,sustained_overload,contiguous
1779703927.0618486,25096,64,52460,41716,4.0766093746924525e-05,19.75369260990161,36.59188961982727,38.34953188896179,0.0,19.764394216519317,0.03213846056084884,0.00039338647273548863,8.625886878188775e-05,5.4587858178995156e-05,1.0,0,1.0,38.293291091918945,0.12199771254288982,582178.4685723962,55.70421338769963,0.0,32.10061860084534,38.33832812309265,36.460646629333496,1416.5096644068967,19.052351622581483,903.8736183863439,64.0,0.0,599.2687247981204,710.2444145755501,64.0,52396.0,0.99803125,1.0,sustained_overload,contiguous
1779703927.1627088,25151,64,52025,42151,5.976859374356991e-05,19.809721050018616,36.68733310699463,38.448532581329346,0.0,19.821347236180376,0.032233625909556515,0.0003917320914890455,8.625886878188775e-05,5.4589709788857554e-05,1.0,0,1.0,38.39415121078491,0.12301777991350311,541076.1023643266,55.24231226639483,0.0,32.10061860084534,38.43918824195862,38.194973945617676,1653.3683144801073,19.42769715832729,918.5695928195549,0.0,435.0,545.3096884913411,4312.903899886062,1089.0,53484.0,0.9980351796407185,1.0,sustained_overload,contiguous
1779703927.2562313,25205,64,52089,42087,5.39139999773397e-05,19.85906039931198,36.775871992111206,38.5406539440155,0.0,19.870747747906332,0.032233625909556515,0.0003917320914890455,8.584754635589291e-05,5.459133972221978e-05,1.0,0,1.0,38.48767375946045,0.12286663211042638,556967.2847637548,55.310270132517836,0.0,32.10061860084534,38.532710790634155,38.194973945617676,1653.3683144801073,19.42769715832729,918.5695928195549,64.0,0.0,577.4008596295333,684.3269447461136,64.0,52025.0,0.998039093625498,1.0,sustained_overload,contiguous
1779703927.3457992,25261,64,52153,42023,4.55792968523383e-05,19.90691169366372,36.86569786071777,38.632866621017456,0.0,19.917428594750376,0.032233625909556515,0.0003917320914890455,8.584754635589291e-05,5.4367817553928734e-05,1.0,0,1.0,38.57724165916443,0.1227158552719882,582273.3386890264,55.37822799864084,0.0,32.10061860084534,38.622278690338135,38.194973945617676,1653.3683144801073,19.42769715832729,918.5695928195549,64.0,0.0,625.2239941438744,714.5417075929993,64.0,52089.0,0.9980429920477137,1.0,sustained_overload,contiguous
1779703927.4355462,25314,64,52217,41959,4.3073203144672334e-05,19.954555745899075,36.951743841171265,38.72251510620117,0.0,19.965316238733337,0.032233625909556515,0.0003917320914890455,8.584754635589291e-05,5.4302397305297314e-05,1.0,0,1.0,38.66698861122131,0.12256544803416512,581824.7729115417,55.44618586476384,0.0,32.10061860084534,38.71202564239502,38.194973945617676,1653.3683144801073,19.42769715832729,918.5695928195549,64.0,0.0,590.5493031830957,713.1161396927948,64.0,52153.0,0.998046875,1.0,sustained_overload,contiguous
1779703927.527966,25367,64,52281,41895,6.684353130026466e-05,20.004599756960985,37.03923010826111,38.814592599868774,0.0,20.015763981349895,0.032233625909556515,0.0003917320914890455,8.584754635589291e-05,5.4292827222241174e-05,1.0,0,1.0,38.759408473968506,0.12241540903961286,565690.0848577407,55.51414373088684,0.0,32.10061860084534,38.80444550514221,38.194973945617676,1653.3683144801073,19.42769715832729,918.5695928195549,64.0,0.0,573.4697977747222,692.4918312751363,64.0,52217.0,0.9980507425742574,1.0,sustained_overload,contiguous
1779703927.617248,25419,64,52345,41831,4.1200515553896366e-05,20.05189531238075,37.1251277923584,38.90313100814819,0.0,20.062334508179948,0.032233625909556515,0.0003917320914890455,8.584754635589291e-05,5.4226350070789426e-05,1.0,0,1.0,38.84869050979614,0.12226573693762538,586288.1543276472,55.58210159700986,0.0,32.10061860084534,38.89372754096985,38.194973945617676,1653.3683144801073,19.42769715832729,918.5695928195549,64.0,0.0,582.4239951291938,716.8295324667001,64.0,52281.0,0.99805459486166,1.0,sustained_overload,contiguous
1779703927.717862,25474,64,52928,41248,6.118582814451656e-05,20.10845630144691,37.222139835357666,39.00304651260376,0.0,20.11899905660891,0.032346273290699924,0.0003888730345101192,8.584754635589291e-05,5.425608040504306e-05,1.0,0,1.0,38.9493043422699,0.12091898428053204,551435.112209571,56.20115528372409,0.0,32.10061860084534,38.9943413734436,38.759586334228516,1434.9035518625483,19.799464257863853,928.4990920319202,583.0,0.0,546.6445184298764,5794.43189535669,1601.0,53881.0,0.9980584319526628,1.0,sustained_overload,contiguous
1779703927.8153377,25528,64,51711,42465,5.834293749273911e-05,20.162276002969815,37.31611514091492,39.09918808937073,0.0,20.172941242950852,0.032437968457865916,0.0003860302460499299,8.584754635589291e-05,5.4852672139690635e-05,1.0,0,1.0,39.04678010940552,0.12376476958480788,548905.6569881348,54.908893985728845,0.0,32.10061860084534,39.091817140579224,0.000244140625,4.063492063492063,19.425894066972553,911.0569109004404,0.0,1217.0,553.9838422083783,12485.154369770304,321.0,53184.0,0.9980622539370079,1.0,sustained_overload,contiguous
1779703927.906834,25586,64,51775,42401,4.869881246349905e-05,20.208236540597092,37.40327191352844,39.19118666648865,0.0,20.21885539186435,0.032437968457865916,0.0003860302460499299,8.536338806152344e-05,5.476965805710441e-05,1.0,0,1.0,39.13827633857727,0.12361178174794786,565870.3147515524,54.97685185185185,0.0,32.10061860084534,39.18331336975098,0.000244140625,4.063492063492063,19.425894066972553,911.0569109004404,64.0,0.0,633.9059054676975,699.4823784471145,64.0,51711.0,0.9980660609037328,1.0,sustained_overload,contiguous
1779703928.0033314,25637,64,51843,42333,5.1901906203966064e-05,20.263496206469082,37.4974148273468,39.28651213645935,0.0,20.274149036524108,0.03252269453921561,0.0003832841323593915,8.536338806152344e-05,5.455954479259602e-05,1.0,0,1.0,39.23477387428284,0.12344964604671796,569050.8011266493,55.04905708460755,0.0,32.10061860084534,39.27981090545654,39.038755893707275,1491.3029631637246,19.789095211912084,921.8022081645753,68.0,0.0,528.510905766665,704.6812076888867,1601.0,53311.0,0.9980698529411764,1.0,sustained_overload,contiguous
1779703928.1003494,25690,64,51394,42782,6.146996877021138e-05,20.317529448877583,37.588812828063965,39.38232159614563,0.0,20.32832651759986,0.03260930846719181,0.0003805000241063222,8.536338806152344e-05,5.454662171199371e-05,1.0,0,1.0,39.33179187774658,0.12452815503755303,556144.2008045748,54.572290180088345,0.0,32.10061860084534,39.37682890892029,0.00023746490478515625,3.830769230769231,19.429297798330133,905.1118183657788,0.0,449.0,546.2903596012022,4628.007008696977,1089.0,52867.0,0.9980736301369864,1.0,sustained_overload,contiguous
1779703928.189936,25742,64,51458,42718,4.3946093711610956e-05,20.36471686946429,37.67314958572388,39.47087335586548,0.0,20.37556479975792,0.03260930846719181,0.0003805000241063222,8.486049010021852e-05,5.447521787661644e-05,1.0,0,1.0,39.42137837409973,0.12437327529247152,574394.6029226646,54.64024804621135,0.0,32.10061860084534,39.46641540527344,0.00023746490478515625,3.830769230769231,19.429297798330133,905.1118183657788,64.0,0.0,580.4446218659598,714.3933807581044,64.0,51394.0,0.998077392578125,1.0,sustained_overload,contiguous
1779703928.2858572,25794,64,50755,43421,5.3572015588088107e-05,20.418900101091186,37.76694107055664,39.566073417663574,0.0,20.429422905533784,0.03268138567606608,0.00037802656491597495,8.486049010021852e-05,5.429722339082145e-05,1.0,0,1.0,39.51729965209961,0.12609595113781893,542476.0916974669,53.893773360516484,0.0,32.10061860084534,39.562336683273315,39.32491183280945,1508.6847490328723,19.784576620374406,915.8899064134056,0.0,703.0,542.1112091528448,7328.926539124037,321.0,51714.0,0.9980811403508771,1.0,sustained_overload,contiguous
1779703928.3844032,25846,64,47747,46429,7.273348437308869e-05,20.47278984794398,37.862704277038574,39.65903639793396,0.0,20.48330377476729,0.033108572006225585,0.0003647022247314453,8.441887649835324e-05,5.434396084815821e-05,1.0,0,1.0,39.615845680236816,0.1340398349634532,609258.4463820851,50.6997536527353,0.0,32.10061860084534,39.66088271141052,39.41337275505066,1569.0617126331385,21.393901309029,956.0411412985412,0.0,3008.0,527.672205394211,30523.807573572816,4677.0,55363.0,0.9980848735408561,1.0,sustained_overload,contiguous
1779703928.4789982,25897,64,45761,48415,5.465287499362148e-05,20.5238358894022,37.953065395355225,39.74815773963928,0.0,20.53469988637999,0.033273059874773026,0.0003573782742023468,8.341471354166667e-05,5.455690457220533e-05,1.0,0,1.0,39.71044063568115,0.13985708354275475,559585.8653493295,48.59093611960584,0.0,32.10061860084534,39.75547766685486,0.00019788742065429688,4.797687861271676,21.00748421624303,937.4827328437818,0.0,1986.0,539.1408004839197,20994.77705413852,2627.0,50307.0,0.9980885922330097,1.0,sustained_overload,contiguous
1779703928.569858,25943,64,45824,48352,5.1952453119952224e-05,20.577280469122165,38.041115283966064,39.837828397750854,0.0,20.587425515230535,0.03331155924834022,0.00035505701405133387,8.249951300219954e-05,5.3704219231798886e-05,1.0,0,1.0,39.80130052566528,0.13966480446927373,538169.2626805985,48.65783214407068,0.0,32.10061860084534,39.84633755683899,0.00019693374633789062,4.56353591160221,20.684295181127695,923.130129814056,63.0,0.0,506.274000640262,693.3752617464457,1601.0,47297.0,0.9980922965116279,1.0,sustained_overload,contiguous
1779703928.6660802,25995,64,45375,48801,6.569431251080005e-05,20.630812076915394,38.13338804244995,39.93230152130127,0.0,20.641735208305548,0.03338166750394381,0.0003527347858135517,8.249951300219954e-05,5.370875688930472e-05,1.0,0,1.0,39.89752268791199,0.14104683195592288,498190.8417012525,48.18106523955148,0.0,32.10061860084534,39.94255971908569,0.00021529197692871094,3.7160493827160495,20.370900031292077,909.1996134438841,0.0,449.0,540.4160412304719,4666.284663701575,1089.0,46848.0,0.9980959864603481,1.0,sustained_overload,contiguous
1779703928.75315,26046,64,45439,48737,5.170001560372839e-05,20.677753239578607,38.21755576133728,40.01997423171997,0.0,20.688417497145537,0.03338166750394381,0.0003527347858135517,8.233167507030346e-05,5.394366427918924e-05,1.0,0,1.0,39.98459243774414,0.14084817007416536,521868.9623846855,48.24902310567448,0.0,32.10061860084534,40.02962946891785,0.00021529197692871094,3.7160493827160495,20.370900031292077,909.1996134438841,64.0,0.0,585.7372979515166,735.0428837038639,64.0,45375.0,0.9980996621621622,1.0,sustained_overload,contiguous
1779703928.840682,26098,64,45503,48673,5.2592374913729145e-05,20.72348960467332,38.30119609832764,40.107239961624146,0.0,20.734207637447557,0.03338166750394381,0.0003527347858135517,8.233167507030346e-05,5.3627575627924734e-05,1.0,0,1.0,40.07212448120117,0.14065006702854757,519843.9131874837,48.316980971797484,0.0,32.10061860084534,40.11716151237488,0.00021529197692871094,3.7160493827160495,20.370900031292077,909.1996134438841,64.0,0.0,594.0681600278916,731.1608123420204,64.0,45439.0,0.998103323699422,1.0,sustained_overload,contiguous
1779703928.9255044,26149,64,45567,48609,4.165790628007926e-05,20.767233562168272,38.38307023048401,40.19171595573425,0.0,20.777687875671404,0.03338166750394381,0.0003527347858135517,8.233167507030346e-05,5.357804756521975e-05,1.0,0,1.0,40.156946897506714,0.14045252046437115,537204.6916921278,48.38493883792049,0.0,32.10061860084534,40.20198392868042,0.00021529197692871094,3.7160493827160495,20.370900031292077,909.1996134438841,64.0,0.0,601.2561563477631,754.5175295344477,64.0,45503.0,0.9981069711538462,1.0,sustained_overload,contiguous
1779703929.011745,26201,64,45631,48545,6.0989828142510305e-05,20.81220209483094,38.46477770805359,40.278223752975464,0.0,20.822952816338955,0.03338166750394381,0.0003527347858135517,8.233167507030346e-05,5.352115400979553e-05,1.0,0,1.0,40.24318742752075,0.14025552804014815,529113.1674697762,48.45289670404349,0.0,32.10061860084534,40.28822445869446,0.00021529197692871094,3.7160493827160495,20.370900031292077,909.1996134438841,64.0,0.0,602.9647544088091,742.110466964688,64.0,45567.0,0.9981106046065259,1.0,sustained_overload,contiguous
1779703929.0980937,26254,64,45695,48481,4.5019187467687516e-05,20.85588492998902,38.54731249809265,40.36423993110657,0.0,20.866920380549875,0.03338166750394381,0.0003527347858135517,8.233167507030346e-05,5.343580862174642e-05,1.0,0,1.0,40.3295361995697,0.14005908742750847,529191.0807266141,48.5208545701665,0.0,32.10061860084534,40.37457323074341,0.00021529197692871094,3.7160493827160495,20.370900031292077,909.1996134438841,64.0,0.0,613.789851811151,741.1801984134654,64.0,45631.0,0.998114224137931,1.0,sustained_overload,contiguous
1779703929.1869445,26303,64,45759,48417,4.907045308755187e-05,20.904124379902147,38.63239121437073,40.45166802406311,0.0,20.915482241771688,0.03338166750394381,0.0003527347858135517,8.233167507030346e-05,5.3474233956444905e-05,1.0,0,1.0,40.418386936187744,0.1398631963111082,515009.7989250457,48.5888124362895,0.0,32.10061860084534,40.46342396736145,0.00021529197692871094,3.7160493827160495,20.370900031292077,909.1996134438841,64.0,0.0,551.4867052891724,720.3091660919803,64.0,45695.0,0.9981178298279159,1.0,sustained_overload,contiguous
1779703929.2753408,26356,64,45823,48353,5.784006249598406e-05,20.9507741379538,38.716655254364014,40.540690898895264,0.0,20.962162305685222,0.03338166750394381,0.0003527347858135517,8.233167507030346e-05,5.361120061717184e-05,1.0,0,1.0,40.50678324699402,0.13966785238853852,518381.36209579755,48.656770302412504,0.0,32.10061860084534,40.551820278167725,0.00021529197692871094,3.7160493827160495,20.370900031292077,909.1996134438841,64.0,0.0,599.5725332491821,724.0121156216538,64.0,45759.0,0.9981214217557252,1.0,sustained_overload,contiguous
1779703929.3620393,26406,64,45887,48289,5.821587488696878e-05,20.99819802196586,38.80151343345642,40.62811732292175,0.0,21.009131210977042,0.03338166750394381,0.0003527347858135517,8.233167507030346e-05,5.3613026505050545e-05,1.0,0,1.0,40.59348177909851,0.13947305337023558,529270.7833241668,48.724728168535506,0.0,32.10061860084534,40.63851881027222,0.00021529197692871094,3.7160493827160495,20.370900031292077,909.1996134438841,64.0,0.0,576.7110328896711,738.190122098779,64.0,45823.0,0.998125,1.0,sustained_overload,contiguous
1779703929.4563897,26457,64,46707,47469,4.8354437510056414e-05,21.049706092154477,38.8909273147583,40.718122720718384,0.0,21.060811097633575,0.03342035526537713,0.0003514908652269203,8.233167507030346e-05,5.358010561579033e-05,1.0,0,1.0,40.68783211708069,0.1370244288864624,519595.3829996917,49.59543832823649,0.0,32.10061860084534,40.732869148254395,40.50023293495178,1477.9783025691409,20.67133783582431,917.6888476099327,820.0,0.0,540.5386042139417,8691.012852067297,1601.0,47423.0,0.9981285646387833,1.0,sustained_overload,contiguous
1779703929.551914,26505,64,45746,48430,5.275660929271453e-05,21.107003112846602,38.98183870315552,40.813547134399414,0.0,21.118091594287694,0.0334751262809291,0.00034964987725922555,8.233167507030346e-05,5.357862632844153e-05,1.0,0,1.0,40.78335642814636,0.13990294233375597,500354.3021329912,48.57500849473326,0.0,32.10061860084534,40.82839345932007,0.00034999847412109375,1.8442211055276383,20.367352720569162,904.2205442789857,0.0,961.0,502.48988414058874,10060.266222064703,577.0,47219.0,0.9981321157495257,1.0,sustained_overload,contiguous
1779703929.6465292,26556,64,45287,48889,6.369801569405809e-05,21.160061061152263,39.071616411209106,40.90710711479187,0.0,21.171231286451583,0.033528066219243785,0.00034770391937485315,8.190662489024872e-05,5.359610596256034e-05,1.0,0,1.0,40.87797164916992,0.14132090887009516,489593.5294434855,48.08762317363235,0.0,32.10061860084534,40.92300868034363,22.941420555114746,1663.9787955141192,20.404658051504605,915.231533427321,0.0,459.0,539.0253222290819,4851.227900061737,321.0,46002.0,0.9981356534090909,1.0,sustained_overload,contiguous
1779703929.7330332,26610,64,45351,48825,4.796746863178214e-05,21.203356225279368,39.154337644577026,40.993664026260376,0.0,21.21395139890333,0.033528066219243785,0.00034770391937485315,8.151964707808061e-05,5.360254806753419e-05,1.0,0,1.0,40.96447563171387,0.14112147471941083,524264.8796771989,48.155581039755354,0.0,32.10061860084534,41.00951266288757,22.941420555114746,1663.9787955141192,20.404658051504605,915.231533427321,64.0,0.0,624.2487156307191,739.8503296364078,64.0,45287.0,0.9981391776937618,1.0,sustained_overload,contiguous
1779703929.8173857,26662,64,45415,48761,4.2194453115484976e-05,21.246396014467507,39.236817598342896,41.07837176322937,0.0,21.257167389453713,0.033528066219243785,0.00034770391937485315,8.151964707808061e-05,5.3332934883002274e-05,1.0,0,1.0,41.048828125,0.14092260266431797,538395.466817411,48.22353890587836,0.0,32.10061860084534,41.093865156173706,22.941420555114746,1663.9787955141192,20.404658051504605,915.231533427321,64.0,0.0,616.4607348784624,758.7209044657999,64.0,45351.0,0.9981426886792453,1.0,sustained_overload,contiguous
1779703929.9100106,26711,64,45206,48970,4.1215296832319837e-05,21.297614478958366,39.32335114479065,41.16839790344238,0.0,21.308971293804003,0.03355590976885895,0.0003454774173338022,8.151964707808061e-05,5.322135216397321e-05,1.0,0,1.0,41.14145302772522,0.14157412732823077,502068.0036551119,48.00161399932042,0.0,32.10061860084534,41.186490058898926,40.95335531234741,1415.3040372453238,20.698210869516647,922.3754263390068,0.0,209.0,529.0154003763221,2256.4126260949247,577.0,45927.0,0.998146186440678,1.0,sustained_overload,contiguous
1779703929.9970741,26760,64,45270,48906,4.409578123443225e-05,21.34570458179656,39.407044410705566,41.255818367004395,0.0,21.356999732216266,0.03355590976885895,0.0003454774173338022,8.108809187605575e-05,5.319269940476503e-05,1.0,0,1.0,41.228516578674316,0.14137397835210957,519965.00839332805,48.06957186544342,0.0,32.10061860084534,41.27355360984802,40.95335531234741,1415.3040372453238,20.698210869516647,922.3754263390068,64.0,0.0,562.8072765909669,735.0952184045283,64.0,45206.0,0.9981496710526315,1.0,sustained_overload,contiguous
1779703930.0850158,26815,64,45334,48842,4.7355656263903256e-05,21.3884922283037,39.490259647369385,41.342708110809326,0.0,21.400494531859714,0.03355590976885895,0.0003454774173338022,8.108809187605575e-05,5.3025046275467475e-05,1.0,0,1.0,41.316458225250244,0.14117439449419864,515500.9232270763,48.13752973156643,0.0,32.10061860084534,41.36149525642395,40.95335531234741,1415.3040372453238,20.698210869516647,922.3754263390068,64.0,0.0,625.4147169340715,727.7553069778286,64.0,45270.0,0.9981531425891182,1.0,sustained_overload,contiguous
1779703930.1689816,26862,64,45398,48778,3.8628640666615865e-05,21.435922196068965,39.57202863693237,41.427889347076416,0.0,21.44732588179205,0.03355590976885895,0.0003454774173338022,8.108809187605575e-05,5.293343240707198e-05,1.0,0,1.0,41.400424003601074,0.1409753733644654,540672.6513070095,48.205487597689434,0.0,32.10061860084534,41.44546103477478,40.95335531234741,1415.3040372453238,20.698210869516647,922.3754263390068,64.0,0.0,559.7518527562767,762.2152888596107,64.0,45334.0,0.9981566011235955,1.0,sustained_overload,contiguous
1779703930.2580156,26916,64,45462,48714,5.683484381791004e-05,21.48044154038491,39.647995471954346,41.51574087142944,0.0,21.492681296024827,0.03355590976885895,0.0003454774173338022,8.108809187605575e-05,5.3119023401530155e-05,1.0,0,1.0,41.489458084106445,0.14077691258633585,510613.4610696344,48.273445463812436,0.0,32.10061860084534,41.53449511528015,40.95335531234741,1415.3040372453238,20.698210869516647,922.3754263390068,64.0,0.0,606.5093242215534,718.8258657440632,64.0,45398.0,0.998160046728972,1.0,sustained_overload,contiguous
1779703930.3439107,26966,64,45526,48650,4.21084686905715e-05,21.52747309180643,39.72812461853027,41.60293006896973,0.0,21.538032647745432,0.03355590976885895,0.0003454774173338022,8.108809187605575e-05,5.307190174751733e-05,1.0,0,1.0,41.575353145599365,0.14057900979659974,530018.8300552364,48.34140332993544,0.0,32.10061860084534,41.62039017677307,40.95335531234741,1415.3040372453238,20.698210869516647,922.3754263390068,64.0,0.0,582.1056429899797,745.095223027174,64.0,45462.0,0.998163479477612,1.0,sustained_overload,contiguous
1779703930.4317756,27019,64,45590,48586,4.4823656168091475e-05,21.57127130190953,39.80975127220154,41.68927335739136,0.0,21.582669220460623,0.03355590976885895,0.0003454774173338022,8.108809187605575e-05,5.3026023803219267e-05,1.0,0,1.0,41.66321802139282,0.14038166264531696,518864.90009008715,48.40936119605844,0.0,32.10061860084534,41.70825505256653,40.95335531234741,1415.3040372453238,20.698210869516647,922.3754263390068,64.0,0.0,603.1989406618693,728.391173629427,64.0,45526.0,0.9981668994413407,1.0,sustained_overload,contiguous
1779703930.520141,27072,64,45654,48522,5.778814065138249e-05,21.61791606686584,39.89191293716431,41.778483629226685,0.0,21.628716903332577,0.03355590976885895,0.0003454774173338022,8.108809187605575e-05,5.3117046293181934e-05,1.0,0,1.0,41.75158333778381,0.14018486879572437,516650.6709260693,48.477319062181444,0.0,32.10061860084534,41.79662036895752,40.95335531234741,1415.3040372453238,20.698210869516647,922.3754263390068,64.0,0.0,599.7828352188565,724.2660651699399,64.0,45590.0,0.9981703066914498,1.0,sustained_overload,contiguous
1779703930.6071537,27123,64,45718,48458,5.036629683274896e-05,21.66414271852313,39.97653889656067,41.865684509277344,0.0,21.674830075497017,0.03355590976885895,0.0003454774173338022,8.108809187605575e-05,5.308445651643881e-05,1.0,0,1.0,41.83859610557556,0.13998862592414366,525417.1446358211,48.54527692830445,0.0,32.10061860084534,41.88363313674927,40.95335531234741,1415.3040372453238,20.698210869516647,922.3754263390068,64.0,0.0,586.1208796628653,735.5242411455565,64.0,45654.0,0.9981737012987013,1.0,sustained_overload,contiguous
1779703930.6934543,27170,64,45782,48394,4.193792182149991e-05,21.712468199958,40.058696269989014,41.951812505722046,0.0,21.723896535677124,0.03355590976885895,0.0003454774173338022,8.108809187605575e-05,5.304628575356257e-05,1.0,0,1.0,41.92489671707153,0.1397929317198899,530494.502951894,48.613234794427456,0.0,32.10061860084534,41.96993374824524,40.95335531234741,1415.3040372453238,20.698210869516647,922.3754263390068,64.0,0.0,544.6079603062124,741.5938182893104,64.0,45718.0,0.9981770833333333,1.0,sustained_overload,contiguous
1779703930.7820485,27218,64,45846,48330,5.235854682439367e-05,21.762520104280583,40.14397430419922,42.040493965148926,0.0,21.773523196426584,0.03355590976885895,0.0003454774173338022,8.108809187605575e-05,5.312122880554377e-05,1.0,0,1.0,42.01349091529846,0.13959778388518082,517483.09615679603,48.68119266055046,0.0,32.10061860084534,42.05852794647217,40.95335531234741,1415.3040372453238,20.698210869516647,922.3754263390068,64.0,0.0,541.7962006614799,722.3949342153066,64.0,45782.0,0.9981804528650647,1.0,sustained_overload,contiguous
1779703930.870051,27265,64,45910,48266,4.777459369620374e-05,21.811912638648828,40.227527141571045,42.127732038497925,0.0,21.823391353721615,0.03355590976885895,0.0003454774173338022,8.108809187605575e-05,5.327792080368623e-05,1.0,0,1.0,42.10149335861206,0.13940318013504685,521690.0607679574,48.74915052667346,0.0,32.10061860084534,42.14653038978577,40.95335531234741,1415.3040372453238,20.698210869516647,922.3754263390068,64.0,0.0,534.076080507384,727.252535158991,64.0,45846.0,0.9981838099630996,1.0,sustained_overload,contiguous
1779703930.9577625,27315,64,45974,48202,5.7285234362325355e-05,21.860136156121413,40.31209969520569,42.21621370315552,0.0,21.87095341641266,0.03355590976885895,0.0003454774173338022,8.108809187605575e-05,5.326898235834679e-05,1.0,0,1.0,42.189204931259155,0.1392091181972419,524149.7628252,48.81710839279646,0.0,32.10061860084534,42.23424196243286,40.95335531234741,1415.3040372453238,20.698210869516647,922.3754263390068,64.0,0.0,570.0502053608561,729.6642628618958,64.0,45910.0,0.9981871546961326,1.0,sustained_overload,contiguous
1779703931.043441,27359,64,46038,48138,3.8834906334273e-05,21.91007326880942,40.394200801849365,42.30163097381592,0.0,21.92112917045091,0.03355590976885895,0.0003454774173338022,8.108809187605575e-05,5.32023816397891e-05,1.0,0,1.0,42.27488350868225,0.1390155958121552,537333.8515257596,48.885066258919466,0.0,32.10061860084534,42.31992053985596,40.95335531234741,1415.3040372453238,20.698210869516647,922.3754263390068,64.0,0.0,513.5472754492685,746.9778551989359,64.0,45974.0,0.9981904871323529,1.0,sustained_overload,contiguous
1779703931.1324708,27411,64,46102,48074,4.733439068616008e-05,21.957212804099093,40.47956681251526,42.39066243171692,0.0,21.968355707799077,0.03355590976885895,0.0003454774173338022,8.108809187605575e-05,5.3164838540202974e-05,1.0,0,1.0,42.3639132976532,0.1388226107327231,517826.6795066119,48.95302412504247,0.0,32.10061860084534,42.408950328826904,40.95335531234741,1415.3040372453238,20.698210869516647,922.3754263390068,64.0,0.0,584.0741688938401,718.8605155616494,64.0,46038.0,0.9981938073394495,1.0,sustained_overload,contiguous
1779703931.2207596,27461,64,46166,48010,4.1983328159744815e-05,22.005337870054042,40.56574368476868,42.47909617424011,0.0,22.016329616896765,0.03355590976885895,0.0003454774173338022,8.108809187605575e-05,5.314693161241158e-05,1.0,0,1.0,42.4522020816803,0.1386301607243426,522897.6761740164,49.02098199116548,0.0,32.10061860084534,42.497239112854004,40.95335531234741,1415.3040372453238,20.698210869516647,922.3754263390068,64.0,0.0,566.3233507061651,724.8938889038914,64.0,46102.0,0.9981971153846154,1.0,sustained_overload,contiguous
1779703931.30858,27509,64,46230,47946,4.26217812048435e-05,22.054441441805842,40.65011787414551,42.56692576408386,0.0,22.065276644005227,0.03355590976885895,0.0003454774173338022,8.108809187605575e-05,5.3111019374655926e-05,1.0,0,1.0,42.54002237319946,0.13843824356478476,526415.9250702467,49.08893985728848,0.0,32.10061860084534,42.58505940437317,40.95335531234741,1415.3040372453238,20.698210869516647,922.3754263390068,64.0,0.0,546.5707203844222,728.760960512563,64.0,46166.0,0.9982004113345521,1.0,sustained_overload,contiguous
1779703931.3961484,27560,64,46294,47882,4.424378128931039e-05,22.100839493661578,40.73363947868347,42.65445590019226,0.0,22.11212706283501,0.03355590976885895,0.0003454774173338022,8.108809187605575e-05,5.306164694489066e-05,1.0,0,1.0,42.6275908946991,0.13824685704410938,528660.2903326808,49.15689772341148,0.0,32.10061860084534,42.6726279258728,40.95335531234741,1415.3040372453238,20.698210869516647,922.3754263390068,64.0,0.0,582.4010629232022,730.8562358251949,64.0,46230.0,0.9982036952554745,1.0,sustained_overload,contiguous
1779703931.483745,27608,64,46358,47818,5.729909383944687e-05,22.149680316779087,40.816627740859985,42.74204897880554,0.0,22.160159771316522,0.03355590976885895,0.0003454774173338022,8.108809187605575e-05,5.307675082007229e-05,1.0,0,1.0,42.715187549591064,0.13805599896458,529221.1221669702,49.224855589534485,0.0,32.10061860084534,42.76022458076477,40.95335531234741,1415.3040372453238,20.698210869516647,922.3754263390068,64.0,0.0,547.9661302043783,730.621506939171,64.0,46294.0,0.9982069672131147,1.0,sustained_overload,contiguous
1779703931.5727587,27659,64,46422,47754,4.8042250014646015e-05,22.197705496383914,40.90108060836792,42.83124375343323,0.0,22.20875740594241,0.03355590976885895,0.0003454774173338022,8.108809187605575e-05,5.310643243266321e-05,1.0,0,1.0,42.80420112609863,0.1378656671405799,521515.9509521896,49.292813455657495,0.0,32.10061860084534,42.84923815727234,40.95335531234741,1415.3040372453238,20.698210869516647,922.3754263390068,64.0,0.0,572.9463077541182,718.9914450247757,64.0,46358.0,0.9982102272727272,1.0,sustained_overload,contiguous
1779703931.662071,27712,64,46486,47690,4.857751561360146e-05,22.244138804838624,40.98674201965332,42.92045617103577,0.0,22.255190473911373,0.03355590976885895,0.0003454774173338022,8.108809187605575e-05,5.314516346345519e-05,1.0,0,1.0,42.893513441085815,0.13767585939852858,520488.1320865023,49.3607713217805,0.0,32.10061860084534,42.93855047225952,40.95335531234741,1415.3040372453238,20.698210869516647,922.3754263390068,64.0,0.0,593.4232026972555,716.5865089174406,64.0,46422.0,0.9982134754990926,1.0,sustained_overload,contiguous
1779703931.7508404,27764,64,46550,47626,5.680778134831144e-05,22.29116360408293,41.07314324378967,43.00946927070618,0.0,22.302627950130155,0.03355590976885895,0.0003454774173338022,8.108809187605575e-05,5.3153763309889224e-05,1.0,0,1.0,42.982282876968384,0.13748657357679914,524392.2025321895,49.4287291879035,0.0,32.10061860084534,43.02731990814209,40.95335531234741,1415.3040372453238,20.698210869516647,922.3754263390068,64.0,0.0,585.7872079844008,720.9688713654164,64.0,46486.0,0.9982167119565217,1.0,sustained_overload,contiguous
1779703931.8494835,27816,64,46831,47345,5.512581243749537e-05,22.346085360845954,41.16572642326355,43.105971336364746,0.0,22.35810526651898,0.03360407440750687,0.0003433457127323857,8.108809187605575e-05,5.314907309852502e-05,1.0,0,1.0,43.080925941467285,0.13666161303410135,493324.0897087294,49.72710669384981,0.0,32.10061860084534,43.12596297264099,42.8733491897583,1592.3721995741955,21.010536761351034,931.8120006099249,281.0,0.0,527.1531279381446,2848.6544028965122,1089.0,47574.0,0.9982199367088608,1.0,sustained_overload,contiguous
1779703931.9384491,27870,64,46895,47281,5.761017185079709e-05,22.392073672883235,41.25140690803528,43.19558525085449,0.0,22.403518661783227,0.03360407440750687,0.0003433457127323857,8.070681776319231e-05,5.320206343735449e-05,1.0,0,1.0,43.169891595840454,0.1364751039556456,527113.5285904558,49.795064559972815,0.0,32.10061860084534,43.21492862701416,42.8733491897583,1592.3721995741955,21.010536761351034,931.8120006099249,64.0,0.0,606.9758085912061,719.3787361080962,64.0,46831.0,0.9982231498194946,1.0,sustained_overload,contiguous
1779703932.0266724,27923,64,46959,47217,4.660290630909003e-05,22.43751226436625,41.33697056770325,43.28384351730347,0.0,22.44831572822053,0.03360407440750687,0.0003433457127323857,8.070681776319231e-05,5.3021749426744606e-05,1.0,0,1.0,43.2581148147583,0.1362891032602909,532274.8430175524,49.863022426095824,0.0,32.10061860084534,43.30315184593201,42.8733491897583,1592.3721995741955,21.010536761351034,931.8120006099249,64.0,0.0,600.748880511303,725.4326104287433,64.0,46895.0,0.9982263513513514,1.0,sustained_overload,contiguous
1779703932.1160274,27978,64,47023,47153,5.3116296854227585e-05,22.481641015176038,41.422038078308105,43.37239646911621,0.0,22.493456361176342,0.03360407440750687,0.0003433457127323857,8.070681776319231e-05,5.307676633099379e-05,1.0,0,1.0,43.34746980667114,0.136103608872254,526249.2782257419,49.93098029221883,0.0,32.10061860084534,43.39250683784485,42.8733491897583,1592.3721995741955,21.010536761351034,931.8120006099249,64.0,0.0,615.5224103612234,716.2442593294235,64.0,46959.0,0.9982295413669064,1.0,sustained_overload,contiguous
1779703932.205736,28032,64,47087,47089,6.120256247754696e-05,22.52822174335917,41.508726835250854,43.46261191368103,0.0,22.539476022785,0.03360407440750687,0.0003433457127323857,8.070681776319231e-05,5.305096828626245e-05,1.0,0,1.0,43.43717837333679,0.13591861872703717,524888.5557997688,49.99893815834183,0.0,32.10061860084534,43.4822154045105,42.8733491897583,1592.3721995741955,21.010536761351034,931.8120006099249,64.0,0.0,601.9492006963178,713.4212748993396,64.0,47023.0,0.9982327199281867,1.0,sustained_overload,contiguous
1779703932.2965982,28085,64,47151,47025,4.729714059692469e-05,22.57492376537208,41.59283447265625,43.552152156829834,0.0,22.586483689196246,0.03360407440750687,0.0003433457127323857,8.070681776319231e-05,5.306653372856416e-05,1.0,0,1.0,43.528040647506714,0.1357341307713516,518928.2398085562,50.06689602446484,0.0,32.10061860084534,43.57307767868042,42.8733491897583,1592.3721995741955,21.010536761351034,931.8120006099249,64.0,0.0,583.3003904446031,704.3627356312188,64.0,47087.0,0.9982358870967742,1.0,sustained_overload,contiguous
1779703932.3858447,28136,64,47215,46961,5.494534373440274e-05,22.623431013697363,41.678258657455444,43.64190602302551,0.0,22.634905380358244,0.03360407440750687,0.0003433457127323857,8.070681776319231e-05,5.305552337433755e-05,1.0,0,1.0,43.617287158966064,0.1355501429630414,529040.2865943413,50.13485389058784,0.0,32.10061860084534,43.66232419013977,42.8733491897583,1592.3721995741955,21.010536761351034,931.8120006099249,64.0,0.0,571.4509078960374,717.1148648107136,64.0,47151.0,0.9982390429338104,1.0,sustained_overload,contiguous
1779703932.474598,28187,64,47279,46897,4.6407281146798596e-05,22.671266335559157,41.76375651359558,43.7309992313385,0.0,22.68249751674373,0.03360407440750687,0.0003433457127323857,8.070681776319231e-05,5.305316943880215e-05,1.0,0,1.0,43.706040382385254,0.13536665327100827,532701.7789167728,50.202811756710844,0.0,32.10061860084534,43.75107741355896,42.8733491897583,1592.3721995741955,21.010536761351034,931.8120006099249,64.0,0.0,574.6270167464501,721.1005700347608,64.0,47215.0,0.9982421875,1.0,sustained_overload,contiguous
1779703932.5638704,28241,64,47343,46833,4.786507810194962e-05,22.716753732243962,41.85038685798645,43.8201539516449,0.0,22.72834601699865,0.03360407440750687,0.0003433457127323857,8.070681776319231e-05,5.3672304208651695e-05,1.0,0,1.0,43.79531288146973,0.13518365967513676,530320.0928115887,50.270769622833846,0.0,32.10061860084534,43.84034991264343,42.8733491897583,1592.3721995741955,21.010536761351034,931.8120006099249,64.0,0.0,604.8895298528987,716.9061094552874,64.0,47279.0,0.998245320855615,1.0,sustained_overload,contiguous
1779703932.6549857,28297,64,47407,46769,6.06210155780218e-05,22.762720050373034,41.937562465667725,43.91140294075012,0.0,22.774088158330443,0.03360407440750687,0.0003433457127323857,8.070681776319231e-05,5.3652241846274283e-05,1.0,0,1.0,43.886428117752075,0.13500116016622019,520297.17459212645,50.33872748895685,0.0,32.10061860084534,43.93146514892578,42.8733491897583,1592.3721995741955,21.010536761351034,931.8120006099249,64.0,0.0,614.6063192600055,702.4072220114349,64.0,47343.0,0.9982484430604982,1.0,sustained_overload,contiguous
1779703932.745684,28351,64,47471,46705,5.0418328058299267e-05,22.809271387016725,42.02303862571716,44.00163292884827,0.0,22.821257045357054,0.03360407440750687,0.0003433457127323857,8.070681776319231e-05,5.366417581512654e-05,1.0,0,1.0,43.977126359939575,0.13481915274588696,523394.92866756395,50.40668535507985,0.0,32.10061860084534,44.02216339111328,42.8733491897583,1592.3721995741955,21.010536761351034,931.8120006099249,64.0,0.0,595.3808882907133,705.6366083445491,64.0,47407.0,0.9982515541740675,1.0,sustained_overload,contiguous
1779703932.8383865,28404,64,47535,46641,5.5975500046656634e-05,22.858893001909543,42.113221883773804,44.094154596328735,0.0,22.870548438075247,0.03360407440750687,0.0003433457127323857,8.070681776319231e-05,5.367125697811779e-05,1.0,0,1.0,44.06982898712158,0.13463763542652782,512768.6393037449,50.474643221202854,0.0,32.10061860084534,44.11486601829529,42.8733491897583,1592.3721995741955,21.010536761351034,931.8120006099249,64.0,0.0,571.7205823729563,690.3795711673434,64.0,47471.0,0.9982546542553191,1.0,sustained_overload,contiguous
1779703932.930393,28451,64,47599,46577,5.677726564101704e-05,22.91312045506564,42.20197606086731,44.1864914894104,0.0,22.924715318053657,0.03360407440750687,0.0003433457127323857,8.070681776319231e-05,5.366229249564283e-05,1.0,0,1.0,44.16183543205261,0.13445660623122335,517344.1929604072,50.542601087325856,0.0,32.10061860084534,44.20687246322632,42.8733491897583,1592.3721995741955,21.010536761351034,931.8120006099249,64.0,0.0,510.83377947308,695.6034443888749,64.0,47535.0,0.9982577433628319,1.0,sustained_overload,contiguous
1779703933.0221338,28503,64,47663,46513,5.85245781650201e-05,22.962559723531044,42.29122829437256,44.278064489364624,0.0,22.974581570118982,0.03360407440750687,0.0003433457127323857,8.070681776319231e-05,5.36406713123525e-05,1.0,0,1.0,44.25357627868652,0.13427606319367225,519539.56987335917,50.61055895344886,0.0,32.10061860084534,44.29861330986023,42.8733491897583,1592.3721995741955,21.010536761351034,931.8120006099249,64.0,0.0,566.8140409419188,697.6172811592847,64.0,47599.0,0.9982608215547704,1.0,sustained_overload,contiguous
1779703933.1133745,28560,64,47727,46449,5.047581244355115e-05,23.00761778168945,42.378586292266846,44.36927103996277,0.0,23.019376309594197,0.03360407440750687,0.0003433457127323857,8.070681776319231e-05,5.3615733568174345e-05,1.0,0,1.0,44.34481692314148,0.13409600435812014,523089.2469590348,50.67851681957186,0.0,32.10061860084534,44.389853954315186,42.8733491897583,1592.3721995741955,21.010536761351034,931.8120006099249,64.0,0.0,624.7215847772746,701.4417793990452,64.0,47663.0,0.9982638888888888,1.0,sustained_overload,contiguous
1779703933.2030702,28609,64,47791,46385,4.637010944463782e-05,23.057641821023054,42.46467161178589,44.45902943611145,0.0,23.069451920417045,0.03360407440750687,0.0003433457127323857,8.070681776319231e-05,5.3555367119757064e-05,1.0,0,1.0,44.43451261520386,0.133916427779289,532812.6568973262,50.746474685694864,0.0,32.10061860084534,44.47954964637756,42.8733491897583,1592.3721995741955,21.010536761351034,931.8120006099249,64.0,0.0,546.2915651057518,713.5236768728187,64.0,47727.0,0.9982669454225352,1.0,sustained_overload,contiguous
1779703933.2932308,28661,64,47855,46321,4.649773447340522e-05,23.105360527438645,42.55095601081848,44.54890060424805,0.0,23.117322414589804,0.03360407440750687,0.0003433457127323857,8.070681776319231e-05,5.352419682397334e-05,1.0,0,1.0,44.52467322349548,0.13373733152230696,530775.034760327,50.814432551817866,0.0,32.10061860084534,44.56971025466919,42.8733491897583,1592.3721995741955,21.010536761351034,931.8120006099249,64.0,0.0,576.7485488984851,709.8443678750585,64.0,47791.0,0.9982699912126538,1.0,sustained_overload,contiguous
1779703933.3852673,28714,64,47919,46257,6.41946406290117e-05,23.154377066749003,42.638116121292114,44.640894412994385,0.0,23.16635598299561,0.03360407440750687,0.0003433457127323857,8.070681776319231e-05,5.349221154794986e-05,1.0,0,1.0,44.61670970916748,0.13355871366263905,520652.21363161836,50.88239041794088,0.0,32.10061860084534,44.66174674034119,42.8733491897583,1592.3721995741955,21.010536761351034,931.8120006099249,64.0,0.0,575.8585805729622,695.3763991824449,64.0,47855.0,0.9982730263157895,1.0,sustained_overload,contiguous
1779703933.4748907,28765,64,47983,46193,4.1558093769822335e-05,23.202920128936174,42.72401309013367,44.73081183433533,0.0,23.214587489178204,0.03360407440750687,0.0003433457127323857,8.070681776319231e-05,5.344367015191395e-05,1.0,0,1.0,44.70633316040039,0.13338057228601796,535384.4260616959,50.950348284063885,0.0,32.10061860084534,44.7513701915741,42.8733491897583,1592.3721995741955,21.010536761351034,931.8120006099249,64.0,0.0,569.0474903433819,714.0988114113028,64.0,47919.0,0.9982760507880911,1.0,sustained_overload,contiguous
1779703933.564071,28815,64,48047,46129,5.24926093561362e-05,23.25176469796268,42.80968499183655,44.820242166519165,0.0,23.263350639077437,0.03360407440750687,0.0003433457127323857,8.070681776319231e-05,5.3420418419136734e-05,1.0,0,1.0,44.79551339149475,0.13320290548837596,538762.9008178073,51.01830615018689,0.0,32.10061860084534,44.84055042266846,42.8733491897583,1592.3721995741955,21.010536761351034,931.8120006099249,64.0,0.0,560.6623731115442,717.6478375827766,64.0,47983.0,0.9982790646853147,1.0,sustained_overload,contiguous
1779703933.6551073,28867,64,48111,46065,4.67443750125085e-05,23.300426184304886,42.89474177360535,44.911110639572144,0.0,23.312091289701304,0.03360407440750687,0.0003433457127323857,8.070681776319231e-05,5.338772150998456e-05,1.0,0,1.0,44.88654971122742,0.13302571137577685,528481.3812913465,51.08626401630989,0.0,32.10061860084534,44.93158674240112,42.8733491897583,1592.3721995741955,21.010536761351034,931.8120006099249,64.0,0.0,571.2005950229681,703.0161169513453,64.0,48047.0,0.9982820680628273,1.0,sustained_overload,contiguous
1779703933.744884,28916,64,48175,46001,4.9668171854477805e-05,23.350193434839,42.9817168712616,45.000683307647705,0.0,23.36181020428957,0.03360407440750687,0.0003433457127323857,8.070681776319231e-05,5.3391660777378734e-05,1.0,0,1.0,44.97632646560669,0.13284898806434875,536608.8397056442,51.15422188243289,0.0,32.10061860084534,45.021363496780396,42.8733491897583,1592.3721995741955,21.010536761351034,931.8120006099249,64.0,0.0,545.7983008941684,712.8794134127913,64.0,48111.0,0.9982850609756098,1.0,sustained_overload,contiguous
1779703933.8437812,28969,64,48723,45453,4.90601562574966e-05,23.404266654288026,43.07444977760315,45.096248149871826,0.0,23.416353643905023,0.03364443428376142,0.0003422814257004682,8.070681776319231e-05,5.335484546069079e-05,1.0,0,1.0,45.07522368431091,0.13135480163372534,508487.50509757595,51.736111111111114,0.0,32.10061860084534,45.12026071548462,24.758714199066162,1847.7927367796779,21.0625947813193,944.5339552789493,548.0,0.0,535.9099142970794,5541.106283675462,1089.0,49199.0,0.9982880434782608,1.0,sustained_overload,contiguous
1779703933.935657,29020,64,48787,45389,5.393481248461285e-05,23.45546663557327,43.16464424133301,45.188915491104126,0.0,23.467288931796837,0.03364443428376142,0.0003422814257004682,8.156869263775581e-05,5.338798470921065e-05,1.0,0,1.0,45.167099475860596,0.13118248713796707,531010.3910627862,51.80406897723412,0.0,32.10061860084534,45.2121365070343,24.758714199066162,1847.7927367796779,21.0625947813193,944.5339552789493,64.0,0.0,555.0972583721503,696.5926379572082,64.0,48723.0,0.998291015625,1.0,sustained_overload,contiguous
1779703934.0280178,29072,64,48851,45325,5.949134371974196e-05,23.506018907460277,43.25355315208435,45.28175449371338,0.0,23.51761887280021,0.03364443428376142,0.0003422814257004682,8.156869263775581e-05,5.3268838400641825e-05,1.0,0,1.0,45.25946021080017,0.13101062414280157,528915.2368910837,51.87202684335712,0.0,32.10061860084534,45.30449724197388,24.758714199066162,1847.7927367796779,21.0625947813193,944.5339552789493,64.0,0.0,563.0098118428763,692.9351530373862,64.0,48787.0,0.9982939774696707,1.0,sustained_overload,contiguous
1779703934.1197643,29125,64,48915,45261,4.923496874198463e-05,23.553301297763998,43.34027171134949,45.37212872505188,0.0,23.565802833205616,0.03364443428376142,0.0003422814257004682,8.156869263775581e-05,5.325050496649407e-05,1.0,0,1.0,45.35120677947998,0.13083921087600942,533153.4541712468,51.93998470948012,0.0,32.10061860084534,45.39624381065369,24.758714199066162,1847.7927367796779,21.0625947813193,944.5339552789493,64.0,0.0,577.6782800996848,697.5737721958458,64.0,48851.0,0.998296929065744,1.0,sustained_overload,contiguous
1779703934.2119708,29177,64,48979,45197,5.958264057426277e-05,23.604040059333112,43.43053698539734,45.46518158912659,0.0,23.615770268891627,0.03364443428376142,0.0003422814257004682,8.156869263775581e-05,5.3286558750985704e-05,1.0,0,1.0,45.44341325759888,0.13066824557463402,531188.2743948161,52.007942575603124,0.0,32.10061860084534,45.48845028877258,24.758714199066162,1847.7927367796779,21.0625947813193,944.5339552789493,64.0,0.0,563.9516990655269,694.0943988498792,64.0,48915.0,0.9982998704663213,1.0,sustained_overload,contiguous
1779703934.3051374,29231,64,49043,45133,5.059235942894702e-05,23.65256776780303,43.5178644657135,45.55764126777649,0.0,23.664909565565253,0.03364443428376142,0.0003422814257004682,8.156869263775581e-05,5.3280688527280836e-05,1.0,0,1.0,45.536579847335815,0.1304977264849214,526401.1502243013,52.075900441726134,0.0,32.10061860084534,45.58161687850952,24.758714199066162,1847.7927367796779,21.0625947813193,944.5339552789493,64.0,0.0,579.6069186655031,686.9415332331889,64.0,48979.0,0.9983028017241379,1.0,sustained_overload,contiguous
1779703934.3991072,29287,64,49107,45069,5.4000468722392725e-05,23.700535671580425,43.60663604736328,45.65116333961487,0.0,23.713058875091214,0.03364443428376142,0.0003422814257004682,8.156869263775581e-05,5.3278304457278243e-05,1.0,0,1.0,45.63054966926575,0.13032765186225997,522582.66527967365,52.143858307849136,0.0,32.10061860084534,45.67558670043945,24.758714199066162,1847.7927367796779,21.0625947813193,944.5339552789493,64.0,0.0,595.9360021109358,681.0697166982123,64.0,49043.0,0.9983057228915663,1.0,sustained_overload,contiguous
1779703934.4924743,29340,64,49171,45005,5.0620562490166776e-05,23.751739722140076,43.69829320907593,45.745519399642944,0.0,23.763808076931184,0.03364443428376142,0.0003422814257004682,8.156869263775581e-05,5.330019762702896e-05,1.0,0,1.0,45.72391676902771,0.1301580199711212,526641.6127882332,52.21181617397214,0.0,32.10061860084534,45.768953800201416,24.758714199066162,1847.7927367796779,21.0625947813193,944.5339552789493,64.0,0.0,567.6517760016343,685.4662955491433,64.0,49107.0,0.9983086340206185,1.0,sustained_overload,contiguous
1779703934.5850854,29397,64,49235,44941,5.982006241822546e-05,23.79741093972976,43.78536128997803,45.837563276290894,0.0,23.809712271369893,0.03364443428376142,0.0003422814257004682,8.156869263775581e-05,5.334935395635659e-05,1.0,0,1.0,45.81652784347534,0.1299888290850005,531631.8841310991,52.27977404009514,0.0,32.10061860084534,45.86156487464905,24.758714199066162,1847.7927367796779,21.0625947813193,944.5339552789493,64.0,0.0,615.477148278108,691.0620612245424,64.0,49171.0,0.9983115351629502,1.0,sustained_overload,contiguous
1779703934.6779046,29449,64,49299,44877,5.178034382424812e-05,23.848712316380574,43.874858379364014,45.93122148513794,0.0,23.86050236525297,0.03364443428376142,0.0003422814257004682,8.156869263775581e-05,5.33484338691206e-05,1.0,0,1.0,45.90934705734253,0.12982007748635876,531129.2559592306,52.347731906218144,0.0,32.10061860084534,45.954384088516235,24.758714199066162,1847.7927367796779,21.0625947813193,944.5339552789493,64.0,0.0,560.2288344566825,689.512411638994,64.0,49235.0,0.998314426369863,1.0,sustained_overload,contiguous
1779703934.7733326,29506,64,49363,44813,5.8825171919352215e-05,23.897279906012287,43.96587896347046,46.026193141937256,0.0,23.908964569792865,0.03364443428376142,0.0003422814257004682,8.156869263775581e-05,5.3364509667578194e-05,1.0,0,1.0,46.004775047302246,0.129651763466564,517280.09801775875,52.415689772341146,0.0,32.10061860084534,46.04981207847595,24.758714199066162,1847.7927367796779,21.0625947813193,944.5339552789493,64.0,0.0,597.3090287667331,670.662769141595,64.0,49299.0,0.9983173076923076,1.0,sustained_overload,contiguous
1779703934.8644516,29558,64,49427,44749,4.90845155951547e-05,23.94717564714985,44.05439114570618,46.118457078933716,0.0,23.959523633482238,0.03364443428376142,0.0003422814257004682,8.156869263775581e-05,5.3355594179182994e-05,1.0,0,1.0,46.09589409828186,0.12948388532583405,542444.1921707254,52.48364763846415,0.0,32.10061860084534,46.140931129455566,24.758714199066162,1847.7927367796779,21.0625947813193,944.5339552789493,64.0,0.0,570.6819752944285,702.377815746989,64.0,49363.0,0.9983201791808873,1.0,sustained_overload,contiguous
1779703934.9583154,29607,64,49491,44685,4.776209374313112e-05,23.99765077377301,44.14082622528076,46.208887338638306,0.0,24.009415745634975,0.03364443428376142,0.0003422814257004682,8.156869263775581e-05,5.3324685857725715e-05,1.0,0,1.0,46.18975782394409,0.12931644137317896,527264.3894201827,52.55160550458715,0.0,32.10061860084534,46.2347948551178,24.758714199066162,1847.7927367796779,21.0625947813193,944.5339552789493,64.0,0.0,522.0334016606848,681.8395450262007,64.0,49427.0,0.9983230408858603,1.0,sustained_overload,contiguous
1779703935.053451,29660,64,49555,44621,5.857712500301204e-05,24.052260146947305,44.23389005661011,46.30673265457153,0.0,24.06374151570356,0.03364443428376142,0.0003422814257004682,8.156869263775581e-05,5.335276541041764e-05,1.0,0,1.0,46.28489351272583,0.12914942992634446,520887.59365257574,52.61956337071017,0.0,32.10061860084534,46.329930543899536,24.758714199066162,1847.7927367796779,21.0625947813193,944.5339552789493,64.0,0.0,557.0990306444661,672.7233577593553,64.0,49491.0,0.9983258928571429,1.0,sustained_overload,contiguous
1779703935.1526172,29716,64,49619,44557,7.08578437667029e-05,24.106352314031525,44.32860827445984,46.40651226043701,0.0,24.118684005302843,0.03364443428376142,0.0003422814257004682,8.156869263775581e-05,5.335785247522213e-05,1.0,0,1.0,46.38405966758728,0.12898284931175558,500362.24626562453,52.68752123683317,0.0,32.10061860084534,46.429096698760986,24.758714199066162,1847.7927367796779,21.0625947813193,944.5339552789493,64.0,0.0,564.7087968494926,645.3814821137058,64.0,49555.0,0.9983287351443124,1.0,sustained_overload,contiguous
1779703935.24388,29767,64,49683,44493,4.3375671893386425e-05,24.15531625042224,44.4132936000824,46.49709105491638,0.0,24.1671276264736,0.03364443428376142,0.0003422814257004682,8.156869263775581e-05,5.333926631568961e-05,1.0,0,1.0,46.47532248497009,0.12881669786446068,544394.7647550576,52.75547910295617,0.0,32.10061860084534,46.5203595161438,24.758714199066162,1847.7927367796779,21.0625947813193,944.5339552789493,64.0,0.0,558.8256144457448,701.2713593044641,64.0,49619.0,0.9983315677966101,1.0,sustained_overload,contiguous
1779703935.3340518,29818,64,49747,44429,3.846014067221404e-05,24.20380082532864,44.50076413154602,46.58720135688782,0.0,24.215626061734696,0.03364443428376142,0.0003422814257004682,8.156869263775581e-05,5.328648472930615e-05,1.0,0,1.0,46.56549429893494,0.12865097392807606,551691.2415601996,52.823436969079175,0.0,32.10061860084534,46.61053133010864,24.758714199066162,1847.7927367796779,21.0625947813193,944.5339552789493,64.0,0.0,565.5869362890262,709.7561553430917,64.0,49683.0,0.9983343908629442,1.0,sustained_overload,contiguous
1779703935.433268,29874,64,49811,44365,6.919820312134561e-05,24.257321775503772,44.59589099884033,46.686442613601685,0.0,24.26938701052515,0.03364443428376142,0.0003422814257004682,8.156869263775581e-05,5.333840767802745e-05,1.0,0,1.0,46.664710521698,0.12848567585473086,502044.91375320504,52.89139483520218,0.0,32.10061860084534,46.709747552871704,24.758714199066162,1847.7927367796779,21.0625947813193,944.5339552789493,64.0,0.0,564.423825463843,645.0558005301062,64.0,49747.0,0.9983372043918919,1.0,sustained_overload,contiguous
1779703935.5267699,29929,64,49875,44301,5.652829683810978e-05,24.30564262470072,44.6838653087616,46.779661893844604,0.0,24.31795382516347,0.03364443428376142,0.0003422814257004682,8.156869263775581e-05,5.334444972501499e-05,1.0,0,1.0,46.75821232795715,0.12832080200501253,533412.1552878179,52.95935270132518,0.0,32.10061860084534,46.80324935913086,24.758714199066162,1847.7927367796779,21.0625947813193,944.5339552789493,64.0,0.0,588.2239306432077,684.4787556575509,64.0,49811.0,0.9983400084317032,1.0,sustained_overload,contiguous
1779703935.6216748,29986,64,49939,44237,5.996899996318916e-05,24.354213969624062,44.773635387420654,46.87476372718811,0.0,24.366268205145666,0.03364443428376142,0.0003422814257004682,8.156869263775581e-05,5.335885747176331e-05,1.0,0,1.0,46.85311722755432,0.12815635074791246,526200.4407777722,53.02731056744818,0.0,32.10061860084534,46.89815425872803,24.758714199066162,1847.7927367796779,21.0625947813193,944.5339552789493,64.0,0.0,600.6012359945737,674.3592825202231,64.0,49875.0,0.998342803030303,1.0,sustained_overload,contiguous
1779703935.7137089,30036,64,50003,44173,4.5674671838469294e-05,24.406094716293147,44.86270236968994,46.96751165390015,0.0,24.417595887939523,0.03364443428376142,0.0003422814257004682,8.156869263775581e-05,5.334498544859632e-05,1.0,0,1.0,46.94515132904053,0.12799232046077236,543309.4819477798,53.095268433571185,0.0,32.10061860084534,46.99018836021423,24.758714199066162,1847.7927367796779,21.0625947813193,944.5339552789493,64.0,0.0,543.2768853346597,695.3944132283644,64.0,49939.0,0.9983455882352941,1.0,sustained_overload,contiguous
1779703935.8048882,30085,64,50067,44109,5.076404688963976e-05,24.45632955378785,44.947421073913574,47.05781006813049,0.0,24.46836816297803,0.03364443428376142,0.0003422814257004682,8.156869263775581e-05,5.334375712046247e-05,1.0,0,1.0,47.036330699920654,0.1278287095292308,549104.4686612592,53.16322629969419,0.0,32.10061860084534,47.08136773109436,24.758714199066162,1847.7927367796779,21.0625947813193,944.5339552789493,64.0,0.0,537.4022602592865,701.9131562570274,64.0,50003.0,0.9983483640939598,1.0,sustained_overload,contiguous
1779703935.8976986,30138,64,50131,44045,4.6427031278994946e-05,24.5059831361833,45.035592794418335,47.15079116821289,0.0,24.518086649630057,0.03364443428376142,0.0003422814257004682,8.156869263775581e-05,5.332814154907959e-05,1.0,0,1.0,47.129141092300415,0.1276655163471704,540144.2523254768,53.23118416581719,0.0,32.10061860084534,47.17417812347412,24.758714199066162,1847.7927367796779,21.0625947813193,944.5339552789493,64.0,0.0,571.056738809325,689.577948750883,64.0,50067.0,0.9983511306532663,1.0,sustained_overload,contiguous
1779703935.989598,30189,64,50195,43981,4.798479693590707e-05,24.55589000477048,45.121448040008545,47.24241352081299,0.0,24.567977665730652,0.03364443428376142,0.0003422814257004682,8.156869263775581e-05,5.3306234153701055e-05,1.0,0,1.0,47.22104048728943,0.127502739316665,546195.1083138325,53.29914203194019,0.0,32.10061860084534,47.266077518463135,24.758714199066162,1847.7927367796779,21.0625947813193,944.5339552789493,64.0,0.0,554.9546872000291,696.413725113762,64.0,50131.0,0.9983538879598662,1.0,sustained_overload,contiguous
1779703936.08373,30243,64,50259,43917,5.31692655556526e-05,24.605859774026012,45.21214151382446,47.33654999732971,0.0,24.6180940272994,0.03364443428376142,0.0003422814257004682,8.156869263775581e-05,5.33181508019748e-05,1.0,0,1.0,47.31517243385315,0.12734037684792773,533920.7552239259,53.367099898063195,0.0,32.10061860084534,47.360209465026855,24.758714199066162,1847.7927367796779,21.0625947813193,944.5339552789493,64.0,0.0,573.6628421196602,679.8967017714491,64.0,50195.0,0.9983566360601002,1.0,sustained_overload,contiguous
1779703936.1760454,30298,64,50323,43853,4.841154687085236e-05,24.653632871078553,45.29970836639404,47.42930316925049,0.0,24.665608748090552,0.03364443428376142,0.0003422814257004682,8.156869263775581e-05,5.3320625865160185e-05,1.0,0,1.0,47.407487869262695,0.1271784273592592,545120.1066944904,53.4350577641862,0.0,32.10061860084534,47.4525249004364,24.758714199066162,1847.7927367796779,21.0625947813193,944.5339552789493,64.0,0.0,595.7833568785044,693.2751789131687,64.0,50259.0,0.998359375,1.0,sustained_overload,contiguous
1779703936.2694726,30348,64,50387,43789,4.951860940138886e-05,24.70549403953202,45.388328313827515,47.52210450172424,0.0,24.7179586353526,0.03364443428376142,0.0003422814257004682,8.156869263775581e-05,5.334954882683575e-05,1.0,0,1.0,47.50091505050659,0.12701688927699606,539318.4224242208,53.5030156303092,0.0,32.10061860084534,47.5459520816803,24.758714199066162,1847.7927367796779,21.0625947813193,944.5339552789493,64.0,0.0,535.1761589539175,685.0254834610143,64.0,50323.0,0.9983621048252912,1.0,sustained_overload,contiguous
1779703936.3770242,30405,64,51131,43045,6.201024996244087e-05,24.76571904591888,45.49100613594055,47.628416299819946,0.0,24.777707835192015,0.03371969278711472,0.0003402702999811103,8.156869263775581e-05,5.3431726526109236e-05,1.0,0,1.0,47.60846662521362,0.12516868435978173,497658.91523019085,54.293025823989126,0.0,32.10061860084534,47.65350365638733,47.39248561859131,1483.9223856006079,21.423278217446313,951.9228378860954,744.0,0.0,529.9782932538837,6917.611406682273,1601.0,51923.0,0.9983648255813954,1.0,sustained_overload,contiguous
1779703936.584763,30460,64,51194,42982,5.6219187470674115e-05,24.926823955406917,45.695961475372314,47.834744691848755,0.0,24.938970035337935,0.03377805930980737,0.00033820193746815556,8.156869263775581e-05,5.34892108086713e-05,1.0,0,1.0,47.8162055015564,0.12501465015431495,261231.79712619932,54.359921848453965,0.0,32.10061860084534,47.8612425327301,0.00024628639221191406,3.6892857142857145,21.133777785945583,939.1088709648546,63.0,0.0,264.7554514988753,303.2653353532571,1601.0,52667.0,0.9983675373134329,1.0,sustained_overload,contiguous
1779703936.687313,30516,64,50745,43431,6.191064065319551e-05,24.98163308301654,45.79365301132202,47.93532466888428,0.0,24.9944966942627,0.03384394782910244,0.0003361959251568472,8.156869263775581e-05,5.351139432548668e-05,1.0,0,1.0,47.918755531311035,0.1261208000788255,519814.5737016595,53.88315494393476,0.0,32.10061860084534,47.96379256248474,0.00023412704467773438,4.269565217391304,20.851997203826905,926.6443468882218,0.0,449.0,546.0749268818904,4378.350753035157,1089.0,52218.0,0.9983702400662252,1.0,sustained_overload,contiguous
1779703936.7780435,30570,64,50809,43367,4.150725000329203e-05,25.028916546886094,45.881768465042114,48.02704906463623,0.0,25.041109839201805,0.03384394782910244,0.0003361959251568472,8.116479505572403e-05,5.347913038662436e-05,1.0,0,1.0,48.009485960006714,0.125961935877502,559999.5583666841,53.951112810057765,0.0,32.10061860084534,48.05452299118042,0.00023412704467773438,4.269565217391304,20.851997203826905,926.6443468882218,64.0,0.0,595.1696776516156,705.3862846241371,64.0,50745.0,0.9983729338842975,1.0,sustained_overload,contiguous
1779703936.8719707,30626,64,50873,43303,5.7831890586612644e-05,25.0769562731327,45.97219777107239,48.121175050735474,0.0,25.089096558525267,0.03384394782910244,0.0003361959251568472,8.116479505572403e-05,5.337002413071094e-05,1.0,0,1.0,48.103413105010986,0.12580347138953865,541621.9134275394,54.01907067618077,0.0,32.10061860084534,48.14845013618469,0.00023412704467773438,4.269565217391304,20.851997203826905,926.6443468882218,64.0,0.0,596.2067727860006,681.3791688982864,64.0,50809.0,0.9983756188118812,1.0,sustained_overload,contiguous
1779703936.9654462,30679,64,50937,43239,4.831831260787567e-05,25.126858347758397,46.06312680244446,48.2147216796875,0.0,25.13876024412691,0.03384394782910244,0.0003361959251568472,8.116479505572403e-05,5.34882081233688e-05,1.0,0,1.0,48.19688868522644,0.12564540510827102,544923.068491194,54.08702854230377,0.0,32.10061860084534,48.24192571640015,0.00023412704467773438,4.269565217391304,20.851997203826905,926.6443468882218,64.0,0.0,566.9930037111193,684.6707969341818,64.0,50873.0,0.998378294892916,1.0,sustained_overload,contiguous
1779703937.0599725,30732,64,51001,43175,6.41046406286705e-05,25.17757223532169,46.153642892837524,48.30909490585327,0.0,25.189555641830488,0.03384394782910244,0.0003361959251568472,8.116479505572403e-05,5.347104744158527e-05,1.0,0,1.0,48.291414976119995,0.12548773553459736,539543.0151536552,54.15498640842677,0.0,32.10061860084534,48.3364520072937,0.00023412704467773438,4.269565217391304,20.851997203826905,926.6443468882218,64.0,0.0,560.6905708347626,677.0603119514114,64.0,50937.0,0.9983809621710527,1.0,sustained_overload,contiguous
1779703937.1601102,30787,64,50458,43718,6.70603437669115e-05,25.23175789085165,46.2481529712677,48.40728521347046,0.0,25.243848002012054,0.03390378952026367,0.00033418280737740656,8.116479505572403e-05,5.35172052393806e-05,1.0,0,1.0,48.391552686691284,0.12683816243212176,515070.6932058437,53.57840638803941,0.0,32.10061860084534,48.43658971786499,48.18869137763977,1386.245280460695,21.211690548219178,932.6917275931228,0.0,543.0,549.2436334546009,5422.532599379059,321.0,51257.0,0.9983836206896551,1.0,sustained_overload,contiguous
1779703937.2548435,30839,64,50522,43654,5.5518109391528014e-05,25.283173441967712,46.33883571624756,48.50157022476196,0.0,25.295350644453105,0.03390378952026367,0.00033418280737740656,8.091304613196331e-05,5.354363183388529e-05,1.0,0,1.0,48.4862859249115,0.12667748703535092,533308.0653546081,53.646364254162414,0.0,32.10061860084534,48.531322956085205,48.18869137763977,1386.245280460695,21.211690548219178,932.6917275931228,64.0,0.0,548.9097699703025,675.5812553480646,64.0,50458.0,0.9983862704918033,1.0,sustained_overload,contiguous
1779703937.3482997,30892,64,50586,43590,5.586953125202854e-05,25.333467939990058,46.42902231216431,48.59556245803833,0.0,25.345359761367533,0.03390378952026367,0.00033418280737740656,8.091304613196331e-05,5.353619034394006e-05,1.0,0,1.0,48.579742193222046,0.12651721820266476,541279.9046491693,53.714322120285416,0.0,32.10061860084534,48.62477922439575,48.18869137763977,1386.245280460695,21.211690548219178,932.6917275931228,64.0,0.0,567.1101677619495,684.8122780521654,64.0,50522.0,0.9983889116202946,1.0,sustained_overload,contiguous
1779703937.4419575,30946,64,50650,43526,5.252881243222873e-05,25.381014019061045,46.5148983001709,48.68762707710266,0.0,25.393626927424506,0.03390378952026367,0.00033418280737740656,8.091304613196331e-05,5.352775493168671e-05,1.0,0,1.0,48.673399925231934,0.12635735439289242,540798.916576933,53.78227998640843,0.0,32.10061860084534,48.71843695640564,48.18869137763977,1386.245280460695,21.211690548219178,932.6917275931228,64.0,0.0,576.5674530139069,683.3392035720377,64.0,50586.0,0.9983915441176471,1.0,sustained_overload,contiguous
1779703937.5360355,31002,64,50714,43462,6.304248435640147e-05,25.429924331551366,46.60556626319885,48.78270745277405,0.0,25.44222391742592,0.03390378952026367,0.00033418280737740656,8.091304613196331e-05,5.3507334012426415e-05,1.0,0,1.0,48.76747798919678,0.12619789407264267,539062.9639120915,53.850237852531436,0.0,32.10061860084534,48.81251502037048,48.18869137763977,1386.245280460695,21.211690548219178,932.6917275931228,64.0,0.0,595.2503446598005,680.2861081826292,64.0,50650.0,0.9983941680261011,1.0,sustained_overload,contiguous
1779703937.6308246,31056,64,50778,43398,5.848923437667963e-05,25.479625906833,46.696979999542236,48.87694764137268,0.0,25.492214280272517,0.03390378952026367,0.00033418280737740656,8.091304613196331e-05,5.350048940491772e-05,1.0,0,1.0,48.8622670173645,0.12603883571625507,535694.9109146977,53.91819571865444,0.0,32.10061860084534,48.90730404853821,48.18869137763977,1386.245280460695,21.211690548219178,932.6917275931228,64.0,0.0,569.6861867224718,675.1836287081147,64.0,50714.0,0.9983967833876222,1.0,sustained_overload,contiguous
1779703937.7256784,31108,64,50842,43334,5.410090624025088e-05,25.53205496598468,46.787049770355225,48.97229981422424,0.0,25.544245505599974,0.03390378952026367,0.00033418280737740656,8.091304613196331e-05,5.3483187756140424e-05,1.0,0,1.0,48.95712089538574,0.12588017780575117,536003.38816527,53.98615358477744,0.0,32.10061860084534,49.00215792655945,48.18869137763977,1386.245280460695,21.211690548219178,932.6917275931228,64.0,0.0,548.211639679675,674.7220180672924,64.0,50778.0,0.9983993902439025,1.0,sustained_overload,contiguous
1779703937.8186913,31159,64,50906,43270,4.860221866920256e-05,25.582716633037293,46.87713265419006,49.0650680065155,0.0,25.59508499429346,0.03390378952026367,0.00033418280737740656,8.091304613196331e-05,5.347136771630077e-05,1.0,0,1.0,49.05013370513916,0.12572191883078615,547300.9592437276,54.05411145090044,0.0,32.10061860084534,49.095170736312866,48.18869137763977,1386.245280460695,21.211690548219178,932.6917275931228,64.0,0.0,548.3115727307215,688.0772677405133,64.0,50842.0,0.9984019886363636,1.0,sustained_overload,contiguous
1779703937.9230642,31215,64,50355,43821,5.3091359362156254e-05,25.63904014947935,46.97614622116089,49.16714334487915,0.0,25.652244676504445,0.03397032047839875,0.00033219317172436004,8.091304613196331e-05,5.346238537395731e-05,1.0,0,1.0,49.15450668334961,0.12709760699036837,493259.85406101804,53.46903669724771,0.0,32.10061860084534,49.199543714523315,48.93856239318848,1565.3502962974644,21.57177979295904,940.908072641231,0.0,551.0,536.5373390714801,5279.1441755068845,321.0,51162.0,0.9984045786061588,1.0,sustained_overload,contiguous
1779703938.019867,31268,64,50419,43757,5.723439059579505e-05,25.692833329739415,47.069202184677124,49.264737606048584,0.0,25.70556540650263,0.03397032047839875,0.00033219317172436004,8.051970909381735e-05,5.34623785567721e-05,1.0,0,1.0,49.251309394836426,0.12693627402368154,520842.848569036,53.53699456337071,0.0,32.10061860084534,49.29634642601013,48.93856239318848,1565.3502962974644,21.57177979295904,940.908072641231,64.0,0.0,547.5053248608443,661.1385054923403,64.0,50355.0,0.9984071601941747,1.0,sustained_overload,contiguous
1779703938.1142623,31321,64,50483,43693,5.049231242537644e-05,25.742961197093106,47.159165143966675,49.35866165161133,0.0,25.755946671488385,0.03397032047839875,0.00033219317172436004,8.051970909381735e-05,5.327162473902183e-05,1.0,0,1.0,49.345704793930054,0.12677535011786145,534803.6078530421,53.604952429493714,0.0,32.10061860084534,49.39074182510376,48.93856239318848,1565.3502962974644,21.57177979295904,940.908072641231,64.0,0.0,561.4680430285687,677.999146298649,64.0,50419.0,0.9984097334410339,1.0,sustained_overload,contiguous
1779703938.2094562,31382,64,50547,43629,5.542298440275317e-05,25.788453917452987,47.25085186958313,49.45450758934021,0.0,25.801858366344987,0.03397032047839875,0.00033219317172436004,8.051970909381735e-05,5.390366209575726e-05,1.0,0,1.0,49.44089865684509,0.12661483371911292,530990.1127251597,53.67291029561672,0.0,32.10061860084534,49.4859356880188,48.93856239318848,1565.3502962974644,21.57177979295904,940.908072641231,64.0,0.0,640.7976116532088,672.3122482918913,64.0,50483.0,0.9984122983870968,1.0,sustained_overload,contiguous
1779703938.3051407,31440,64,50611,43565,6.280704681671523e-05,25.836735384508277,47.34322714805603,49.550684452056885,0.0,25.848922217658085,0.03397032047839875,0.00033219317172436004,8.051970909381735e-05,5.370751012288443e-05,1.0,0,1.0,49.53658318519592,0.12645472328150006,528936.0868711534,53.74086816173972,0.0,32.10061860084534,49.58162021636963,48.93856239318848,1565.3502962974644,21.57177979295904,940.908072641231,64.0,0.0,606.1586026462014,668.8646649889118,64.0,50547.0,0.9984148550724637,1.0,sustained_overload,contiguous
1779703938.4009063,31493,64,50675,43501,5.026368744154297e-05,25.887324763141752,47.435017824172974,49.64507341384888,0.0,25.900074727496964,0.03397032047839875,0.00033219317172436004,8.051970909381735e-05,5.362987507785452e-05,1.0,0,1.0,49.63234877586365,0.12629501726689688,529156.6589488884,53.80882602786272,0.0,32.10061860084534,49.67738580703735,48.93856239318848,1565.3502962974644,21.57177979295904,940.908072641231,64.0,0.0,553.4346901685464,668.2984937884333,64.0,50611.0,0.9984174035369775,1.0,sustained_overload,contiguous
1779703938.4988446,31552,64,50739,43437,6.549517196674515e-05,25.93672852056835,47.52825379371643,49.74321484565735,0.0,25.94997098298832,0.03397032047839875,0.00033219317172436004,8.051970909381735e-05,5.381151668571303e-05,1.0,0,1.0,49.730287075042725,0.12613571414493782,518071.07561900077,53.876783893985724,0.0,32.10061860084534,49.77532410621643,48.93856239318848,1565.3502962974644,21.57177979295904,940.908072641231,64.0,0.0,602.4201001502009,653.4726510103875,64.0,50675.0,0.9984199438202247,1.0,sustained_overload,contiguous
1779703938.5919867,31612,64,50803,43373,5.654946875210953e-05,25.981417580333854,47.61604022979736,49.83744025230408,0.0,25.993551783643543,0.03397032047839875,0.00033219317172436004,8.051970909381735e-05,5.375448898583558e-05,1.0,0,1.0,49.823429107666016,0.12597681239296893,545435.8099041125,53.94474176010873,0.0,32.10061860084534,49.86846613883972,48.93856239318848,1565.3502962974644,21.57177979295904,940.908072641231,64.0,0.0,644.1774815315384,687.1226469669743,64.0,50739.0,0.9984224759615384,1.0,sustained_overload,contiguous
1779703938.689275,31667,64,50867,43309,6.087535933829713e-05,26.031416548427263,47.707812786102295,49.932886600494385,0.0,26.04524138125266,0.03397032047839875,0.00033219317172436004,8.051970909381735e-05,5.377481927403467e-05,1.0,0,1.0,49.92071747779846,0.12581831049599937,522847.6942387951,54.01269962623174,0.0,32.10061860084534,49.96575450897217,48.93856239318848,1565.3502962974644,21.57177979295904,940.908072641231,64.0,0.0,565.3296475737458,657.8381353585406,64.0,50803.0,0.998425,1.0,sustained_overload,contiguous
1779703938.8080194,31735,64,50931,43245,0.00015919956247500977,26.09382443070367,47.82099175453186,50.05149960517883,0.0,26.106838785433037,0.03397032047839875,0.00033219317172436004,8.051970909381735e-05,5.39613924595368e-05,1.0,0,1.0,50.039461851119995,0.1256602069466533,428912.9545708262,54.080657492354746,0.0,32.10061860084534,50.0844988822937,48.93856239318848,1565.3502962974644,21.57177979295904,940.908072641231,64.0,0.0,572.6587129806244,538.9729063347054,64.0,50867.0,0.9984275159744409,1.0,sustained_overload,contiguous
1779703938.9030502,31791,64,50995,43181,5.344556255693078e-05,26.142474305595385,47.91107940673828,50.14642882347107,0.0,26.155782460569103,0.03397032047839875,0.00033219317172436004,8.051970909381735e-05,5.3944365280589675e-05,1.0,0,1.0,50.13449263572693,0.12550250024512208,536615.5842122693,54.14861535847775,0.0,32.10061860084534,50.179529666900635,48.93856239318848,1565.3502962974644,21.57177979295904,940.908072641231,64.0,0.0,589.2827280299457,673.4659748913665,64.0,50931.0,0.9984300239234449,1.0,sustained_overload,contiguous
1779703938.9991393,31845,64,51059,43117,4.769559370743082e-05,26.19396117556008,48.003539085388184,50.242573499679565,0.0,26.207386944887862,0.03397032047839875,0.00033219317172436004,8.051970909381735e-05,5.391589113635794e-05,1.0,0,1.0,50.230581760406494,0.12534518889911672,531371.2677711418,54.21657322460075,0.0,32.10061860084534,50.2756187915802,48.93856239318848,1565.3502962974644,21.57177979295904,940.908072641231,64.0,0.0,561.9782694459676,666.048319343369,64.0,50995.0,0.9984325238853503,1.0,sustained_overload,contiguous
1779703939.0956624,31899,64,51123,43053,4.6820187549201364e-05,26.24534050520142,48.096049785614014,50.33862018585205,0.0,26.25850245990703,0.03397032047839875,0.00033219317172436004,8.051970909381735e-05,5.3890652741672936e-05,1.0,0,1.0,50.327104806900024,0.12518827142382097,529645.5287849484,54.28453109072375,0.0,32.10061860084534,50.37214183807373,48.93856239318848,1565.3502962974644,21.57177979295904,940.908072641231,64.0,0.0,559.4518818220216,663.054082159433,64.0,51059.0,0.9984350158982512,1.0,sustained_overload,contiguous
1779703939.1920333,31955,64,51187,42989,5.7521203018495726e-05,26.296265920347434,48.18872904777527,50.43586564064026,0.0,26.309344713810752,0.03397032047839875,0.00033219317172436004,8.051970909381735e-05,5.387387989738398e-05,1.0,0,1.0,50.42347574234009,0.1250317463418446,531145.6173613155,54.352488956846756,0.0,32.10061860084534,50.468512773513794,48.93856239318848,1565.3502962974644,21.57177979295904,940.908072641231,64.0,0.0,581.0880608793965,664.1006410050246,64.0,51123.0,0.9984375,1.0,sustained_overload,contiguous
1779703939.287602,32009,64,51251,42925,4.793974997596706e-05,26.347525977776915,48.28115224838257,50.531811475753784,0.0,26.36045571968875,0.03397032047839875,0.00033219317172436004,8.051970909381735e-05,5.384457793389107e-05,1.0,0,1.0,50.519044399261475,0.12487561218317693,536274.1473091777,54.42044682296976,0.0,32.10061860084534,50.56408143043518,48.93856239318848,1565.3502962974644,21.57177979295904,940.908072641231,64.0,0.0,565.0388081148776,669.6756244324475,64.0,51187.0,0.9984399762282092,1.0,sustained_overload,contiguous
1779703939.3821301,32066,64,51315,42861,4.4943609452730016e-05,26.394920793245745,48.37031292915344,50.62635040283203,0.0,26.4078994790238,0.03397032047839875,0.00033219317172436004,8.051970909381735e-05,5.381128036693102e-05,1.0,0,1.0,50.61357259750366,0.1247198674851408,542853.8886198547,54.48840468909276,0.0,32.10061860084534,50.65860962867737,48.93856239318848,1565.3502962974644,21.57177979295904,940.908072641231,64.0,0.0,602.9946731234867,677.0466505246167,64.0,51251.0,0.9984424446202531,1.0,sustained_overload,contiguous
1779703939.4785454,32125,64,51379,42797,5.962964057459885e-05,26.44267841077949,48.46006989479065,50.72289752960205,0.0,26.45545860726372,0.03397032047839875,0.00033219317172436004,8.051970909381735e-05,5.3806886406424883e-05,1.0,0,1.0,50.70998787879944,0.12456451079234707,532892.7044498572,54.55636255521576,0.0,32.10061860084534,50.755024909973145,48.93856239318848,1565.3502962974644,21.57177979295904,940.908072641231,64.0,0.0,611.9361911002857,663.7951903460726,64.0,51315.0,0.9984449052132701,1.0,sustained_overload,contiguous
1779703939.5859303,32181,64,50811,43365,5.495306250224985e-05,26.50199016716148,48.56289100646973,50.827049255371094,0.0,26.51496832090344,0.03404653743958809,0.0003303003982758858,8.051970909381735e-05,5.3841173867726275e-05,1.0,0,1.0,50.81737279891968,0.12595697781976345,488597.4673282934,53.95323649337411,0.0,18.761791229248047,50.862409830093384,50.61202955245972,1574.1100401360013,21.94409068731161,949.0260465834717,0.0,568.0,521.4884914687892,5289.383270612005,577.0,51891.0,0.9984473580441641,1.0,sustained_overload,contiguous
1779703939.692237,32240,64,51522,42654,5.79367655433316e-05,26.558560572173242,48.663326263427734,50.93209362030029,0.0,26.572178834541464,0.034115694619558906,0.0003284207590810069,8.029815478202624e-05,5.382996525584136e-05,1.0,0,1.0,50.92367935180664,0.12421878032685067,507475.772047313,54.70820591233435,0.0,18.761791229248047,50.96871638298035,50.70222043991089,1476.1337555542905,22.308117646205275,955.6982960641149,711.0,0.0,554.9987126638887,6688.204825491946,1601.0,52347.0,0.9984498031496063,1.0,sustained_overload,contiguous
1779703939.7943301,32294,64,50561,43615,5.152989064072244e-05,26.615083000208507,48.76208734512329,51.03204703330994,0.0,26.627805679478918,0.03416691223780314,0.0003265125883950128,8.029815478202624e-05,5.3670950441186074e-05,1.0,0,1.0,51.02577257156372,0.12657977492533773,515323.15392914694,53.68777607883113,0.0,18.761791229248047,51.07080960273743,0.0006003379821777344,9.75968992248062,22.029273679852487,943.8740634873444,0.0,961.0,528.9283669227715,9412.965937273768,577.0,52034.0,0.9984522405660378,1.0,sustained_overload,contiguous
1779703939.8888688,32349,64,50625,43551,4.2056781239807606e-05,26.664073545964396,48.852633237838745,51.12660193443298,0.0,26.67769588745453,0.03416691223780314,0.0003265125883950128,7.992679789914924e-05,5.3634452615796285e-05,1.0,0,1.0,51.12031126022339,0.12641975308641976,535495.0520018964,53.75573394495413,0.0,18.761791229248047,51.165348291397095,0.0006003379821777344,9.75968992248062,22.029273679852487,943.8740634873444,64.0,0.0,581.7724021748999,676.9715225307926,64.0,50561.0,0.9984546703296703,1.0,sustained_overload,contiguous
1779703939.9844375,32405,64,50689,43487,5.5326296873658976e-05,26.713543574855223,48.944698333740234,51.22246956825256,0.0,26.726819740059973,0.03416691223780314,0.0003265125883950128,7.992679789914924e-05,5.3576054595249576e-05,1.0,0,1.0,51.215879917144775,0.12626013533508257,530393.5582321302,53.82369181107713,0.0,18.761791229248047,51.26091694831848,0.0006003379821777344,9.75968992248062,22.029273679852487,943.8740634873444,64.0,0.0,585.9661713783916,669.6756244324475,64.0,50625.0,0.9984570924764891,1.0,sustained_overload,contiguous
1779703940.07878,32458,64,50753,43423,4.762623444776182e-05,26.763840080938355,49.032809019088745,51.3167028427124,0.0,26.777352543619276,0.03416691223780314,0.0003265125883950128,7.992679789914924e-05,5.3544211811036525e-05,1.0,0,1.0,51.31022238731384,0.12610092014265167,537965.5621593072,53.891649677200135,0.0,18.761791229248047,51.35525941848755,0.0006003379821777344,9.75968992248062,22.029273679852487,943.8740634873444,64.0,0.0,561.783043257409,678.3795239334751,64.0,50689.0,0.9984595070422535,1.0,sustained_overload,contiguous
1779703940.1844113,32512,64,50856,43320,5.610629685293134e-05,26.82276268822731,49.134477615356445,51.419318199157715,0.0,26.8366103895077,0.03429778308084566,0.00032308166974211395,7.992679789914924e-05,5.357160439484538e-05,1.0,0,1.0,51.41585373878479,0.12584552461853074,515027.01842229994,54.001019367991844,0.0,18.761791229248047,51.460890769958496,30.918524026870728,1852.590942242837,22.493371972223606,961.5176237146134,103.0,0.0,511.21186322085543,975.089294662002,1858.0,52545.0,0.9984619140625,1.0,sustained_overload,contiguous
1779703940.28331,32561,64,49895,44281,4.395760934983173e-05,26.881216588107215,49.22957134246826,51.51796007156372,0.0,26.894020709412718,0.034328939152412676,0.0003212649806016156,7.965985466452206e-05,5.352398543478729e-05,1.0,0,1.0,51.51475238800049,0.1282693656679026,525234.6762260403,52.98058953448862,0.0,18.761791229248047,51.559789419174194,0.00052642822265625,7.4847457627118645,22.222373833139258,950.0232516910966,0.0,961.0,495.4567164323029,9717.018459009043,577.0,51368.0,0.998464313572543,1.0,sustained_overload,contiguous
1779703940.3833935,32610,64,50087,44089,4.857454685236462e-05,26.939575624543092,49.32681679725647,51.616636991500854,0.0,26.952446430630445,0.03436729875770775,0.00031955016625894085,7.945497830708821e-05,5.354082209871897e-05,1.0,0,1.0,51.61483597755432,0.12777766685966419,519645.6305359223,53.18446313285763,0.0,18.761791229248047,51.65987300872803,51.4222936630249,1271.8575616843352,22.569991926352184,953.8546125243494,192.0,0.0,489.59075327373085,1918.3964209909452,1089.0,50919.0,0.9984667056074766,1.0,sustained_overload,contiguous
1779703940.4786174,32665,64,50151,44025,5.511412494740853e-05,26.98871284641721,49.417484521865845,51.71145224571228,0.0,27.001741166865337,0.03436729875770775,0.00031955016625894085,7.908797461139269e-05,5.332628523638445e-05,1.0,0,1.0,51.71005988121033,0.12761460389623336,526663.9790484679,53.25242099898063,0.0,18.761791229248047,51.75509691238403,51.4222936630249,1271.8575616843352,22.569991926352184,953.8546125243494,64.0,0.0,577.5860670308815,672.1001507268439,64.0,50087.0,0.9984690902021773,1.0,sustained_overload,contiguous
1779703940.585554,32725,64,49317,44859,5.7123781260770556e-05,27.04446102505713,49.52003812789917,51.81647992134094,0.0,27.057668510964497,0.03443787561967069,0.0003177783633238517,7.908797461139269e-05,5.314990195420182e-05,1.0,0,1.0,51.816996335983276,0.12977269501388974,474375.1801731903,52.36684505606524,0.0,18.761791229248047,51.86203336715698,51.59463405609131,1686.987974631113,22.911458304349114,962.4797109020761,0.0,834.0,561.0808786151912,7799.024212751157,321.0,50407.0,0.9984714673913043,1.0,sustained_overload,contiguous
1779703940.6819067,32780,64,49381,44795,4.645243754453077e-05,27.094749070005964,49.61209559440613,51.91247010231018,0.0,27.10833496030357,0.03443787561967069,0.0003177783633238517,7.872894162037333e-05,5.310757919610579e-05,1.0,0,1.0,51.91334915161133,0.12960450375650553,512501.88879403565,52.43480292218824,0.0,18.761791229248047,51.958386182785034,51.59463405609131,1686.987974631113,22.911458304349114,962.4797109020761,64.0,0.0,570.8188145981645,664.2255297142277,64.0,49317.0,0.9984738372093023,1.0,sustained_overload,contiguous
1779703940.7751412,32832,64,49445,44731,4.7098093702402366e-05,27.145082665156256,49.70190477371216,52.00603365898132,0.0,27.15849561239212,0.03443787561967069,0.0003177783633238517,7.872894162037333e-05,5.303202113356682e-05,1.0,0,1.0,52.00658369064331,0.12943674790170898,530329.21611849,52.50276078831124,0.0,18.761791229248047,52.05162072181702,51.59463405609131,1686.987974631113,22.911458304349114,962.4797109020761,64.0,0.0,557.7332235445745,686.4408905163992,64.0,49381.0,0.9984761996904025,1.0,sustained_overload,contiguous
1779703940.8689337,32889,64,49509,44667,4.987756247487596e-05,27.19155997968455,49.792370557785034,52.0998637676239,0.0,27.204927576028407,0.03443787561967069,0.0003177783633238517,7.872894162037333e-05,5.301854718563159e-05,1.0,0,1.0,52.10037612915039,0.12926942576097275,527857.0510378907,52.570718654434245,0.0,18.761791229248047,52.1454131603241,51.59463405609131,1686.987974631113,22.911458304349114,962.4797109020761,64.0,0.0,607.7248966684799,682.3577787154862,64.0,49445.0,0.9984785548686245,1.0,sustained_overload,contiguous
1779703940.9647489,32941,64,49573,44603,5.5799640648501736e-05,27.24412709012353,49.88409686088562,52.19568061828613,0.0,27.257474284743825,0.03443787561967069,0.0003177783633238517,7.872894162037333e-05,5.3194817873303295e-05,1.0,0,1.0,52.19619131088257,0.12910253565448934,517381.4744574224,52.63867652055726,0.0,18.761791229248047,52.241228342056274,51.59463405609131,1686.987974631113,22.911458304349114,962.4797109020761,64.0,0.0,542.7114895565321,667.9526025311164,64.0,49509.0,0.9984809027777778,1.0,sustained_overload,contiguous
1779703941.068798,32991,64,50270,43906,7.423137492423848e-05,27.305518052511857,49.98402261734009,52.29824137687683,0.0,27.319696921666598,0.034493937492370605,0.0003160270055135091,7.872894162037333e-05,5.323681443173452e-05,1.0,0,1.0,52.3002405166626,0.12731251243286254,506587.2401893615,53.378780156303094,0.0,18.761791229248047,52.345277547836304,52.08502745628357,1512.7580643620397,23.25068585262742,968.8782964074246,697.0,0.0,480.5418707924127,6698.753678846233,1601.0,51109.0,0.9984832434514638,1.0,sustained_overload,contiguous
1779703941.1711073,33047,64,49821,44355,5.2245781262172386e-05,27.35950801623026,50.08300518989563,52.398409366607666,0.0,27.373345848271647,0.03453322120060194,0.0003142893709094319,7.872894162037333e-05,5.319253949276639e-05,1.0,0,1.0,52.402549743652344,0.12845988639328798,512006.60528155556,52.9020132517839,0.0,18.761791229248047,52.44758677482605,0.00022268295288085938,4.043290043290043,22.983439149527715,957.7882388630093,0.0,449.0,547.360210292788,4388.655971811818,1089.0,51294.0,0.9984855769230769,1.0,sustained_overload,contiguous
1779703941.265097,33105,64,49885,44291,4.708993752444712e-05,27.40628754967877,50.174118518829346,52.49343729019165,0.0,27.419613316797637,0.03453322120060194,0.0003142893709094319,7.841645217523342e-05,5.314985717215379e-05,1.0,0,1.0,52.49653935432434,0.12829507868096623,530750.1503978733,52.9699711179069,0.0,18.761791229248047,52.54157638549805,0.00022268295288085938,4.043290043290043,22.983439149527715,957.7882388630093,64.0,0.0,617.0894802661452,680.9263230522981,64.0,49821.0,0.9984879032258065,1.0,sustained_overload,contiguous
1779703941.3613536,33157,64,49949,44227,5.40097032057929e-05,27.45978627869014,50.26591515541077,52.59025287628174,0.0,27.472761747279492,0.03453322120060194,0.0003142893709094319,7.841645217523342e-05,5.308682108159059e-05,1.0,0,1.0,52.592796087265015,0.12813069330717333,518914.3499269314,53.037928984029904,0.0,18.761791229248047,52.63783311843872,0.00022268295288085938,4.043290043290043,22.983439149527715,957.7882388630093,64.0,0.0,540.2219503133282,664.8885542317886,64.0,49885.0,0.9984902223926381,1.0,sustained_overload,contiguous
1779703941.4576786,33209,64,50013,44163,6.233762499618933e-05,27.51249652516356,50.358142137527466,52.68629169464111,0.0,27.525846512367252,0.03453322120060194,0.0003142893709094319,7.841645217523342e-05,5.307302513822182e-05,1.0,0,1.0,52.68912100791931,0.12796672865055086,519211.43210169894,53.105886850152906,0.0,18.761791229248047,52.73415803909302,0.00022268295288085938,4.043290043290043,22.983439149527715,957.7882388630093,64.0,0.0,539.8395311076789,664.4178844402202,64.0,49949.0,0.9984925344563553,1.0,sustained_overload,contiguous
1779703941.5555606,33263,64,50077,44099,5.924532818823991e-05,27.564363966198222,50.451337814331055,52.78315305709839,0.0,27.57835181059237,0.03453322120060194,0.0003142893709094319,7.841645217523342e-05,5.3139605651509536e-05,1.0,0,1.0,52.78700304031372,0.12780318309802904,511605.64176087023,53.17384471627591,0.0,18.761791229248047,52.83204007148743,0.00022268295288085938,4.043290043290043,22.983439149527715,957.7882388630093,64.0,0.0,551.684498973321,653.8482950794915,64.0,50013.0,0.9984948394495413,1.0,sustained_overload,contiguous
1779703941.6519427,33317,64,50141,44035,4.837414073222135e-05,27.61566990715095,50.54394507408142,52.87946033477783,0.0,27.629589351448047,0.03453322120060194,0.0003142893709094319,7.841645217523342e-05,5.315066996634638e-05,1.0,0,1.0,52.883385181427,0.12764005504477374,520231.2318530832,53.24180258239891,0.0,18.761791229248047,52.92842221260071,0.00022268295288085938,4.043290043290043,22.983439149527715,957.7882388630093,64.0,0.0,560.2697696509143,664.0234306973799,64.0,50077.0,0.9984971374045801,1.0,sustained_overload,contiguous
1779703941.7477582,33373,64,50205,43971,5.474193748966627e-05,27.66534722832077,50.63650441169739,52.975799322128296,0.0,27.678928601608806,0.03453322120060194,0.0003142893709094319,7.841645217523342e-05,5.322812624843005e-05,1.0,0,1.0,52.97920060157776,0.12747734289413404,523976.20258834126,53.309760448521914,0.0,18.761791229248047,53.024237632751465,0.00022268295288085938,4.043290043290043,22.983439149527715,957.7882388630093,64.0,0.0,584.457072900052,667.9509404572023,64.0,50141.0,0.9984994283536586,1.0,sustained_overload,contiguous
1779703941.8413732,33426,64,50269,43907,5.157256248367048e-05,27.715727480682645,50.72843337059021,53.07036471366882,0.0,27.728815767038622,0.03453322120060194,0.0003142893709094319,7.841645217523342e-05,5.3184608403647284e-05,1.0,0,1.0,53.07281565666199,0.12731504505759017,536975.5960168089,53.377718314644916,0.0,18.761791229248047,53.11785268783569,0.00022268295288085938,4.043290043290043,22.983439149527715,957.7882388630093,64.0,0.0,566.1482541703807,683.6507220170636,64.0,50205.0,0.9985017123287672,1.0,sustained_overload,contiguous
1779703941.9379163,33481,64,50333,43843,5.7453062552781375e-05,27.765528125736285,50.81792974472046,53.166013956069946,0.0,27.779364225370617,0.03453322120060194,0.0003142893709094319,7.841645217523342e-05,5.322551389288147e-05,1.0,0,1.0,53.16935873031616,0.1271531599547017,521352.78166403656,53.44567618076792,0.0,18.761791229248047,53.21439576148987,0.00022268295288085938,4.043290043290043,22.983439149527715,957.7882388630093,64.0,0.0,569.6938984666524,662.9165363975591,64.0,50269.0,0.9985039893617021,1.0,sustained_overload,contiguous
1779703942.0321476,33533,64,50397,43779,4.574978127891427e-05,27.816404617168235,50.905794620513916,53.26026248931885,0.0,27.829766363760132,0.03453322120060194,0.0003142893709094319,7.841645217523342e-05,5.318330999651078e-05,1.0,0,1.0,53.26359009742737,0.12699168601305633,534821.9127557023,53.51363404689092,0.0,18.761791229248047,53.308627128601074,0.00022268295288085938,4.043290043290043,22.983439149527715,957.7882388630093,64.0,0.0,551.8332333927916,679.1793641757436,64.0,50333.0,0.9985062594840668,1.0,sustained_overload,contiguous
1779703942.1268451,33587,64,50461,43715,5.057410938036355e-05,27.866637880599054,50.99696683883667,53.35553479194641,0.0,27.87978888316909,0.03453322120060194,0.0003142893709094319,7.841645217523342e-05,5.319962862451175e-05,1.0,0,1.0,53.35828757286072,0.12683062166821904,532865.3141922002,53.58159191301392,0.0,18.761791229248047,53.403324604034424,0.00022268295288085938,4.043290043290043,22.983439149527715,957.7882388630093,64.0,0.0,570.2369546061079,675.8363906442761,64.0,50397.0,0.9985085227272728,1.0,sustained_overload,contiguous
1779703942.2271144,33646,64,50525,43651,6.670657815277536e-05,27.915569060073892,51.09136915206909,53.453654289245605,0.0,27.92937952795869,0.03453322120060194,0.0003142893709094319,7.841645217523342e-05,5.325000442191421e-05,1.0,0,1.0,53.45855689048767,0.12666996536368136,503892.9275252045,53.64954977913694,0.0,18.761791229248047,53.50359392166138,0.00022268295288085938,4.043290043290043,22.983439149527715,957.7882388630093,64.0,0.0,588.4152938938558,638.2809967662165,64.0,50461.0,0.9985107791225416,1.0,sustained_overload,contiguous
1779703942.3232286,33702,64,50589,43587,5.45557187194845e-05,27.965983901013864,51.183016538619995,53.55077838897705,0.0,27.979855881672528,0.03453322120060194,0.0003142893709094319,7.841645217523342e-05,5.3259260772755263e-05,1.0,0,1.0,53.55467104911804,0.12650971555081145,526342.848139071,53.71750764525994,0.0,18.761791229248047,53.59970808029175,0.00022268295288085938,4.043290043290043,22.983439149527715,957.7882388630093,64.0,0.0,582.640485002431,665.8748400027782,64.0,50525.0,0.9985130287009063,1.0,sustained_overload,contiguous
1779703942.4189932,33755,64,50653,43523,5.022867185289215e-05,28.017380085377077,51.27444314956665,53.646406412124634,0.0,28.03184769399488,0.03453322120060194,0.0003142893709094319,7.841645217523342e-05,5.325199491291621e-05,1.0,0,1.0,53.65043568611145,0.1263498706888042,528932.198672529,53.785465511382945,0.0,18.761791229248047,53.695472717285156,0.00022268295288085938,4.043290043290043,22.983439149527715,957.7882388630093,64.0,0.0,553.4402015605006,668.3051490541893,64.0,50589.0,0.9985152714932126,1.0,sustained_overload,contiguous
1779703942.5239918,33807,64,50313,43863,5.409981251602858e-05,28.07738228738545,51.376065492630005,53.74939465522766,0.0,28.091961644015328,0.034575316466783225,0.0003125714628319991,7.841645217523342e-05,5.328393133528198e-05,1.0,0,1.0,53.75543427467346,0.12720370480790252,487911.3205387878,53.424439347604476,0.0,18.761791229248047,53.80047130584717,35.87544655799866,1703.2012848870763,23.129939233714882,966.2588416587373,0.0,340.0,495.24475245006766,3238.1387660196733,321.0,50909.0,0.9985175075301205,1.0,sustained_overload,contiguous
1779703942.6308095,33868,64,50377,43799,7.700620312789397e-05,28.13335810815636,51.474080324172974,53.8563072681427,0.0,28.14762706381956,0.034575316466783225,0.0003125714628319991,7.838779880154518e-05,5.3338291264672953e-05,1.0,0,1.0,53.86225199699402,0.12704210254679715,471616.4968283091,53.49239721372749,0.0,18.761791229248047,53.907289028167725,35.87544655799866,1703.2012848870763,23.129939233714882,966.2588416587373,64.0,0.0,571.0662863315969,599.1515135282327,64.0,50313.0,0.9985197368421053,1.0,sustained_overload,contiguous
1779703942.7342381,33924,64,50862,43314,4.9084000039556486e-05,28.190293040267036,51.57264280319214,53.959662437438965,0.0,28.203824611031823,0.03462394390230864,0.0003109850914649714,7.838779880154518e-05,5.319056444624138e-05,1.0,0,1.0,53.96568059921265,0.12583067909244622,507499.8489203824,54.00739041794088,0.0,18.761791229248047,54.01071763038635,31.405484437942505,1761.7450674346808,23.22292288769497,975.1968891393659,485.0,0.0,541.4363029061043,4689.225123383225,1089.0,51401.0,0.9985219594594594,1.0,sustained_overload,contiguous
1779703942.838055,33975,64,50261,43915,4.822110932423129e-05,28.250996877447918,51.67007088661194,54.06271982192993,0.0,28.26459774379066,0.0346758086960037,0.00030932798014058694,7.804298400878907e-05,5.316533218482889e-05,1.0,0,1.0,54.06949734687805,0.12733530968345239,495478.8235688581,53.36922358137954,0.0,18.761791229248047,54.11453437805176,53.855027198791504,1628.9304860455736,23.56327960226271,982.460595771657,0.0,601.0,491.250218744761,5789.046695403948,321.0,51118.0,0.9985241754122939,1.0,sustained_overload,contiguous
1779703942.930838,34028,64,50325,43851,4.497112489332267e-05,28.29993312861473,51.75830054283142,54.155966997146606,0.0,28.313048686135605,0.0346758086960037,0.00030932798014058694,7.769985804482112e-05,5.2958518398637477e-05,1.0,0,1.0,54.162280559539795,0.12717337307501242,542393.3765202577,53.437181447502546,0.0,18.761791229248047,54.2073175907135,53.855027198791504,1628.9304860455736,23.56327960226271,982.460595771657,64.0,0.0,571.2240229622187,689.7799522562641,64.0,50261.0,0.9985263847305389,1.0,sustained_overload,contiguous
1779703943.027372,34081,64,50389,43787,5.3768203116533186e-05,28.351227568793128,51.8512396812439,54.251591205596924,0.0,28.364894144591542,0.0346758086960037,0.00030932798014058694,7.769985804482112e-05,5.300413483964046e-05,1.0,0,1.0,54.258814334869385,0.12701184782392982,521983.1072384735,53.50513931362555,0.0,18.761791229248047,54.30385136604309,53.855027198791504,1628.9304860455736,23.56327960226271,982.460595771657,64.0,0.0,549.0306353299152,662.9803898323504,64.0,50325.0,0.9985285874439462,1.0,sustained_overload,contiguous
1779703943.1255977,34130,64,50453,43723,4.914301564440393e-05,28.4080694867549,51.94544076919556,54.34947991371155,0.0,28.421835147965254,0.0346758086960037,0.00030932798014058694,7.769985804482112e-05,5.3102649082650266e-05,1.0,0,1.0,54.35704016685486,0.12685073236477512,513642.88782467495,53.57309717974855,0.0,18.761791229248047,54.402077198028564,53.855027198791504,1628.9304860455736,23.56327960226271,982.460595771657,64.0,0.0,498.85044503615387,651.5597649451806,64.0,50389.0,0.9985307835820896,1.0,sustained_overload,contiguous
1779703943.2330966,34187,64,49849,44327,5.696457807857769e-05,28.466344566498226,52.04852342605591,54.45510911941528,0.0,28.480593478488057,0.03473774694627331,0.00030775224008867816,7.769985804482112e-05,5.313600750435954e-05,1.0,0,1.0,54.46453905105591,0.12838773094746134,474702.60160618165,52.931744818212714,0.0,18.761791229248047,54.509576082229614,54.17507767677307,1646.764265380094,23.89967298769689,989.7606360970246,0.0,604.0,530.2380617588154,5618.66297021622,321.0,50709.0,0.9985329731743666,1.0,sustained_overload,contiguous
1779703943.3335083,34243,64,49913,44263,7.47366875515354e-05,28.52140446839426,52.14779329299927,54.5570707321167,0.0,28.5347838758452,0.03473774694627331,0.00030775224008867816,7.73658902626338e-05,5.31141146872614e-05,1.0,0,1.0,54.564950704574585,0.1282231082082824,497083.7373046156,52.999702684335716,0.0,18.761791229248047,54.60998773574829,54.17507767677307,1646.764265380094,23.89967298769689,989.7606360970246,64.0,0.0,557.7041910736376,637.3762183698716,64.0,49849.0,0.99853515625,1.0,sustained_overload,contiguous
1779703943.4289527,34295,64,49977,44199,4.898260932861831e-05,28.57276271017958,52.23898983001709,54.65199255943298,0.0,28.58665578444633,0.03473774694627331,0.00030775224008867816,7.73658902626338e-05,5.307440682136993e-05,1.0,0,1.0,54.66039514541626,0.12805890709726475,523624.0011390802,53.06766055045872,0.0,18.761791229248047,54.705432176589966,54.17507767677307,1646.764265380094,23.89967298769689,989.7606360970246,64.0,0.0,544.8195781906111,670.5471731576752,64.0,49913.0,0.9985373328380386,1.0,sustained_overload,contiguous
1779703943.5227883,34348,64,50041,44135,4.2260999947529854e-05,28.622837921344683,52.32618474960327,54.74647068977356,0.0,28.63683031920543,0.03473774694627331,0.00030775224008867816,7.73658902626338e-05,5.298189146668327e-05,1.0,0,1.0,54.75423073768616,0.1278951259966827,533283.7869885028,53.13561841658172,0.0,18.761791229248047,54.79926776885986,54.17507767677307,1646.764265380094,23.89967298769689,989.7606360970246,64.0,0.0,564.8176637235597,682.0439712888268,64.0,49977.0,0.998539502967359,1.0,sustained_overload,contiguous
1779703943.626232,34398,64,50105,44071,5.778162493186301e-05,28.675588033866756,52.417011737823486,54.84114646911621,0.0,28.690011550556726,0.03473774694627331,0.00030775224008867816,7.73658902626338e-05,5.296508471657065e-05,1.0,0,1.0,54.85767436027527,0.12773176329707614,484370.12109506445,53.203576282704724,0.0,18.761791229248047,54.902711391448975,54.17507767677307,1646.764265380094,23.89967298769689,989.7606360970246,64.0,0.0,483.3550754366475,618.6944965589088,64.0,50041.0,0.9985416666666667,1.0,sustained_overload,contiguous
1779703943.725847,34452,64,50169,44007,6.0630874983758076e-05,28.73630467478596,52.519078731536865,54.94718670845032,0.0,28.751217502482337,0.03473774694627331,0.00030775224008867816,7.73658902626338e-05,5.3197168461770134e-05,1.0,0,1.0,54.95728945732117,0.12756881739719747,503628.48090068356,53.271534148827726,0.0,18.761791229248047,55.00232648849487,54.17507767677307,1646.764265380094,23.89967298769689,989.7606360970246,64.0,0.0,542.0865069791487,642.4728971604726,64.0,50105.0,0.998543823964497,1.0,sustained_overload,contiguous
1779703943.8213167,34505,64,50233,43943,3.893057802883959e-05,28.78694358663757,52.60791015625,55.042282819747925,0.0,28.80229888823265,0.03473774694627331,0.00030775224008867816,7.73658902626338e-05,5.310702011087707e-05,1.0,0,1.0,55.05275917053223,0.12740628670395956,526166.8681139478,53.33949201495073,0.0,18.761791229248047,55.09779620170593,54.17507767677307,1646.764265380094,23.89967298769689,989.7606360970246,64.0,0.0,555.1498817518212,670.369668530501,64.0,50169.0,0.9985459748892171,1.0,sustained_overload,contiguous
1779703943.9216583,34565,64,50297,43879,6.281681251607552e-05,28.837145451954157,52.70347046852112,55.14278507232666,0.0,28.851761421302545,0.03473774694627331,0.00030775224008867816,7.73658902626338e-05,5.321846163397284e-05,1.0,0,1.0,55.15310072898865,0.12724416963238366,501257.9112157638,53.40744988107373,0.0,18.761791229248047,55.19813776016235,54.17507767677307,1646.764265380094,23.89967298769689,989.7606360970246,64.0,0.0,597.9576251654339,637.8214668431294,64.0,50233.0,0.9985481194690266,1.0,sustained_overload,contiguous
1779703944.0384412,34627,64,50361,43815,8.394490616581152e-05,28.894410972727922,52.80776858329773,55.25205326080322,0.0,28.916508673065664,0.03473774694627331,0.00030775224008867816,7.73658902626338e-05,5.389370922927336e-05,1.0,0,1.0,55.26988363265991,0.12708246460554792,431236.0663831629,53.47540774719673,0.0,18.761791229248047,55.31492066383362,54.17507767677307,1646.764265380094,23.89967298769689,989.7606360970246,64.0,0.0,530.8996270081234,548.0254214277402,64.0,50297.0,0.9985502577319587,1.0,sustained_overload,contiguous
1779703944.1402373,34685,64,50425,43751,8.056748430362859e-05,28.95559938726551,52.913729190826416,55.3619487285614,0.0,28.969804356001145,0.03473774694627331,0.00030775224008867816,7.73658902626338e-05,5.388876969742853e-05,1.0,0,1.0,55.37167978286743,0.12692117005453646,495352.7210725026,53.543365613319736,0.0,18.761791229248047,55.41671681404114,54.17507767677307,1646.764265380094,23.89967298769689,989.7606360970246,64.0,0.0,569.7661442182479,628.7074694822046,64.0,50361.0,0.9985523897058823,1.0,sustained_overload,contiguous
1779703944.2479024,34748,64,50489,43687,6.718623437507176e-05,29.00592479896939,53.01308584213257,55.465110301971436,0.0,29.023653417411598,0.03473774694627331,0.00030775224008867816,7.73658902626338e-05,5.390537515102187e-05,1.0,0,1.0,55.479344844818115,0.12676028441838816,468945.06987909117,53.61132347944274,0.0,18.761791229248047,55.52438187599182,54.17507767677307,1646.764265380094,23.89967298769689,989.7606360970246,64.0,0.0,585.1480402143585,594.4361043447451,64.0,50425.0,0.9985545154185022,1.0,sustained_overload,contiguous
1779703944.3795326,34815,64,50553,43623,0.00011515671872075472,29.077786142191343,53.138328552246094,55.593257188797,0.0,29.099122117745935,0.03473774694627331,0.00030775224008867816,7.73658902626338e-05,5.45406507974533e-05,1.0,0,1.0,55.61097502708435,0.12659980614404684,384053.2553373773,53.679281345565755,0.0,18.761791229248047,55.65601205825806,54.17507767677307,1646.764265380094,23.89967298769689,989.7606360970246,64.0,0.0,509.0018022195375,486.2106767470209,64.0,50489.0,0.9985566348973607,1.0,sustained_overload,contiguous
1779703944.487911,34874,64,50617,43559,8.405021876001229e-05,29.1418596211303,53.2479989528656,55.706928730010986,0.0,29.158252149021482,0.03473774694627331,0.00030775224008867816,7.73658902626338e-05,5.468639899531644e-05,1.0,0,1.0,55.719353437423706,0.12643973368631092,467039.5131420325,53.74723921168876,0.0,18.761791229248047,55.76439046859741,54.17507767677307,1646.764265380094,23.89967298769689,989.7606360970246,64.0,0.0,544.3888668901736,590.523516626629,64.0,50553.0,0.9985587481698389,1.0,sustained_overload,contiguous
1779703944.5838962,34924,64,50681,43495,4.93416405760172e-05,29.198628035207175,53.3443329334259,55.80576157569885,0.0,29.212901200193667,0.03473774694627331,0.00030775224008867816,7.73658902626338e-05,5.456738464282854e-05,1.0,0,1.0,55.81533861160278,0.12628006550778398,528008.6266806759,53.81519707781176,0.0,18.761791229248047,55.86037564277649,54.17507767677307,1646.764265380094,23.89967298769689,989.7606360970246,64.0,0.0,520.9137809836782,666.7696396591082,64.0,50617.0,0.9985608552631579,1.0,sustained_overload,contiguous
1779703944.6871629,34981,64,50745,43431,6.526359386782588e-05,29.250880366988575,53.44072127342224,55.905919313430786,0.0,29.267364737521998,0.03473774694627331,0.00030775224008867816,7.73658902626338e-05,5.4689797270277674e-05,1.0,0,1.0,55.9186053276062,0.1261208000788255,491397.4411495803,53.88315494393476,0.0,18.761791229248047,55.96364235877991,54.17507767677307,1646.764265380094,23.89967298769689,989.7606360970246,64.0,0.0,551.9687485570219,619.7543843447263,64.0,50681.0,0.9985629562043795,1.0,sustained_overload,contiguous
1779703944.8001835,35039,64,49869,44307,6.836373432861365e-05,29.315815077208715,53.5503945350647,56.01923418045044,0.0,29.33148707628054,0.03480587708644378,0.00030616307869935647,7.73658902626338e-05,5.471480707352364e-05,1.0,0,1.0,56.03162598609924,0.1283362409512924,454093.97436097567,52.95298165137615,0.0,18.761791229248047,56.07666301727295,55.80985498428345,1576.6368994370875,24.246522792007614,996.1397259159384,0.0,876.0,513.1805173792251,7750.795400417262,321.0,51001.0,0.9985650510204082,1.0,sustained_overload,contiguous
1779703944.8966522,35090,64,49933,44243,4.4737296875041466e-05,29.370959947100157,53.64246606826782,56.11731934547424,0.0,29.385508595131714,0.03480587708644378,0.00030616307869935647,7.7052041888237e-05,5.4621127058311156e-05,1.0,0,1.0,56.12809467315674,0.12817175014519455,517608.37141112995,53.02093951749916,0.0,18.761791229248047,56.173131704330444,55.80985498428345,1576.6368994370875,24.246522792007614,996.1397259159384,64.0,0.0,528.6689552393733,663.4277085356841,64.0,49869.0,0.9985671397379913,1.0,sustained_overload,contiguous
1779703944.9940917,35143,64,49997,44179,4.984857824297251e-05,29.423266636109183,53.73515486717224,56.214239835739136,0.0,29.437680152674133,0.03480587708644378,0.00030616307869935647,7.7052041888237e-05,5.443824454853436e-05,1.0,0,1.0,56.225534200668335,0.12800768046082764,513107.9888913629,53.08889738362216,0.0,18.761791229248047,56.27057123184204,55.80985498428345,1576.6368994370875,24.246522792007614,996.1397259159384,64.0,0.0,543.9271038510758,656.8176348390349,64.0,49933.0,0.9985692223837209,1.0,sustained_overload,contiguous
1779703945.091914,35201,64,50061,44115,4.60212968249607e-05,29.472190423326957,53.82897472381592,56.311957597732544,0.0,29.486624422465525,0.03480587708644378,0.00030616307869935647,7.7052041888237e-05,5.442956024877531e-05,1.0,0,1.0,56.32335638999939,0.12784403028305466,511755.0562130754,53.15685524974516,0.0,18.761791229248047,56.368393421173096,55.80985498428345,1576.6368994370875,24.246522792007614,996.1397259159384,64.0,0.0,592.9125119425976,654.2482890401076,64.0,49997.0,0.9985712989840348,1.0,sustained_overload,contiguous
1779703945.1890516,35251,64,50125,44051,6.694773441040525e-05,29.52765670993541,53.92259192466736,56.409555435180664,0.0,29.54189350920869,0.03480587708644378,0.00030616307869935647,7.7052041888237e-05,5.447305645091072e-05,1.0,0,1.0,56.420494079589844,0.12768079800498752,516020.09695035894,53.224813115868166,0.0,18.761791229248047,56.46553111076355,55.80985498428345,1576.6368994370875,24.246522792007614,996.1397259159384,64.0,0.0,514.7332637908818,658.8585776523287,64.0,50061.0,0.9985733695652174,1.0,sustained_overload,contiguous
1779703945.2900507,35306,64,50189,43987,5.07298280467694e-05,29.577099959860128,54.01468801498413,56.50530505180359,0.0,29.59149563196898,0.03480587708644378,0.00030616307869935647,7.7052041888237e-05,5.440601062573971e-05,1.0,0,1.0,56.52149319648743,0.1275179820279344,496925.1369880152,53.29277098199117,0.0,18.761791229248047,56.56653022766113,55.80985498428345,1576.6368994370875,24.246522792007614,996.1397259159384,64.0,0.0,544.5592168471346,633.6689068766657,64.0,50125.0,0.9985754341534009,1.0,sustained_overload,contiguous
1779703945.3912902,35361,64,50253,43923,5.7591671847490034e-05,29.635971189105746,54.11610007286072,56.610541105270386,0.0,29.651200863768576,0.03480587708644378,0.00030616307869935647,7.7052041888237e-05,5.46290942795751e-05,1.0,0,1.0,56.622732639312744,0.1273555807613476,496377.68242866127,53.36072884811417,0.0,18.761791229248047,56.66776967048645,55.80985498428345,1576.6368994370875,24.246522792007614,996.1397259159384,64.0,0.0,543.2665220698539,632.164680226739,64.0,50189.0,0.9985774927745664,1.0,sustained_overload,contiguous
1779703945.4902415,35418,64,50317,43859,5.57883751071131e-05,29.686710443928046,54.21058201789856,56.70929479598999,0.0,29.70186296816432,0.03480587708644378,0.00030616307869935647,7.7052041888237e-05,5.463155695282552e-05,1.0,0,1.0,56.721683979034424,0.12719359262277163,508502.46334740455,53.42868671423717,0.0,18.761791229248047,56.76672101020813,55.80985498428345,1576.6368994370875,24.246522792007614,996.1397259159384,64.0,0.0,576.040710113919,646.7825517068563,64.0,50253.0,0.9985795454545454,1.0,sustained_overload,contiguous
1779703945.595321,35478,64,50381,43795,6.091507810879193e-05,29.741412572583187,54.31195068359375,56.81454801559448,0.0,29.756130311910333,0.03480587708644378,0.00030616307869935647,7.7052041888237e-05,5.463106612410481e-05,1.0,0,1.0,56.82676339149475,0.12703201603779202,479456.4303356892,53.496644580360176,0.0,18.761791229248047,56.87180042266846,55.80985498428345,1576.6368994370875,24.246522792007614,996.1397259159384,64.0,0.0,570.9967213858667,609.0631694782579,64.0,50317.0,0.9985815922190202,1.0,sustained_overload,contiguous
1779703945.702147,35535,64,50445,43731,7.786582813196219e-05,29.79965804938573,54.41326069831848,56.92085599899292,0.0,29.815341518542,0.03480587708644378,0.00030616307869935647,7.7052041888237e-05,5.462745476741779e-05,1.0,0,1.0,56.933589458465576,0.12687084943998414,472216.2055612963,53.56460244648318,0.0,18.761791229248047,56.97862648963928,55.80985498428345,1576.6368994370875,24.246522792007614,996.1397259159384,64.0,0.0,533.5776334025948,599.1047111888784,64.0,50381.0,0.9985836330935252,1.0,sustained_overload,contiguous
1779703945.8013964,35593,64,50509,43667,6.02441562449485e-05,29.851863103345202,54.510525703430176,57.0219509601593,0.0,29.865988009366312,0.03480587708644378,0.00030616307869935647,7.7052041888237e-05,5.467578367077267e-05,1.0,0,1.0,57.03283882141113,0.1267100912708626,508910.06754075363,53.63256031260618,0.0,18.761791229248047,57.07787585258484,55.80985498428345,1576.6368994370875,24.246522792007614,996.1397259159384,64.0,0.0,584.3866225299196,644.8404110674975,64.0,50445.0,0.9985856681034483,1.0,sustained_overload,contiguous
1779703945.8985517,35645,64,50573,43603,4.92382968388938e-05,29.905203628618622,54.603742361068726,57.11915850639343,0.0,29.91924568219208,0.03480587708644378,0.00030616307869935647,7.7052041888237e-05,5.462617219616719e-05,1.0,0,1.0,57.12999415397644,0.12654973997983113,520537.5625265338,53.70051817872918,0.0,18.761791229248047,57.17503118515015,55.80985498428345,1576.6368994370875,24.246522792007614,996.1397259159384,64.0,0.0,535.225382148177,658.7389318746795,64.0,50509.0,0.9985876972740315,1.0,sustained_overload,contiguous
1779703946.0093548,35701,64,50453,43723,6.45591406538415e-05,29.966664405300996,54.71073651313782,57.227415561676025,0.0,29.981616666233215,0.034865165212351806,0.00030460479153189687,7.7052041888237e-05,5.465089512732611e-05,1.0,0,1.0,57.24079728126526,0.12685073236477512,475491.99457763665,53.57309717974855,0.0,18.761791229248047,57.285834312438965,57.031861782073975,897.8304412755574,24.59905331878252,995.0826368337837,0.0,120.0,505.4008977023811,1083.0019236479595,1089.0,51597.0,0.9985897206303725,1.0,sustained_overload,contiguous
1779703946.1132243,35756,64,50332,43844,5.193354688515228e-05,30.0244552425946,54.81279897689819,57.331326484680176,0.0,30.03958039684049,0.034904256651673134,0.000303082828280292,7.678926453109859e-05,5.459610984876649e-05,1.0,0,1.0,57.344666719436646,0.1271556862433442,506077.6386723592,53.444614339109755,0.0,18.761791229248047,57.38970375061035,57.133363008499146,1482.6962605411222,24.945162996332694,1000.2700158093936,0.0,121.0,529.5109029977506,1164.9239865950512,1089.0,51477.0,0.9985917381974249,1.0,sustained_overload,contiguous
1779703946.212506,35807,64,50396,43780,4.1972296884296156e-05,30.077480513638854,54.90526032447815,57.42743372917175,0.0,30.093415204248426,0.034904256651673134,0.000303082828280292,7.646817427415114e-05,5.443559428824185e-05,1.0,0,1.0,57.44394850730896,0.1269942058893563,507605.68559476297,53.51257220523276,0.0,18.761791229248047,57.488985538482666,57.133363008499146,1482.6962605411222,24.945162996332694,1000.2700158093936,64.0,0.0,513.6893794216388,644.6298094702919,64.0,50332.0,0.99859375,1.0,sustained_overload,contiguous
1779703946.308671,35863,64,50460,43716,4.7037531288651735e-05,30.12963793807979,54.99999189376831,57.5268816947937,0.0,30.14380570048776,0.034904256651673134,0.000303082828280292,7.646817427415114e-05,5.419268533164996e-05,1.0,0,1.0,57.54011344909668,0.12683313515655964,524723.4497514535,53.58053007135576,0.0,18.761791229248047,57.585150480270386,57.133363008499146,1482.6962605411222,24.945162996332694,1000.2700158093936,64.0,0.0,582.3328019437454,665.5232022214234,64.0,50396.0,0.9985957560627675,1.0,sustained_overload,contiguous
1779703946.4052374,35914,64,50524,43652,4.9025140569369796e-05,30.183342795919014,55.093847036361694,57.62369132041931,0.0,30.197346717837963,0.034904256651673134,0.000303082828280292,7.646817427415114e-05,5.4141121272688705e-05,1.0,0,1.0,57.636679887771606,0.1266724724883224,523204.54904710525,53.64848793747876,0.0,18.761791229248047,57.68171691894531,57.133363008499146,1482.6962605411222,24.945162996332694,1000.2700158093936,64.0,0.0,528.1337978268223,662.7561384493456,64.0,50460.0,0.9985977564102564,1.0,sustained_overload,contiguous
1779703946.505021,35970,64,50588,43588,7.357526558848804e-05,30.23481983929688,55.18755269050598,57.72247934341431,0.0,30.249605049804543,0.034904256651673134,0.000303082828280292,7.646817427415114e-05,5.421008289011371e-05,1.0,0,1.0,57.73646354675293,0.12651221633588994,506976.79877091583,53.716445803601765,0.0,18.761791229248047,57.781500577926636,57.133363008499146,1482.6962605411222,24.945162996332694,1000.2700158093936,64.0,0.0,561.2141363796017,641.3875844338304,64.0,50524.0,0.9985997510668563,1.0,sustained_overload,contiguous
1779703946.601915,36019,64,50652,43524,4.9938265618720834e-05,30.290125105924517,55.28164982795715,57.819239139556885,0.0,30.304831312631848,0.034904256651673134,0.000303082828280292,7.646817427415114e-05,5.422201503939643e-05,1.0,0,1.0,57.83335733413696,0.1263523651583353,522757.97414382803,53.78440366972477,0.0,18.761791229248047,57.87839436531067,57.133363008499146,1482.6962605411222,24.945162996332694,1000.2700158093936,64.0,0.0,505.70837741940244,660.5170643845256,64.0,50588.0,0.9986017400568182,1.0,sustained_overload,contiguous
1779703946.701399,36074,64,50716,43460,5.604782808177333e-05,30.34231833774382,55.376548290252686,57.917935848236084,0.0,30.357571971109188,0.034904256651673134,0.000303082828280292,7.646817427415114e-05,5.4193519399015416e-05,1.0,0,1.0,57.932841539382935,0.12619291742250965,509789.4673290723,53.85236153584777,0.0,18.761791229248047,57.97787857055664,57.133363008499146,1482.6962605411222,24.945162996332694,1000.2700158093936,64.0,0.0,552.8515794443366,643.318201535228,64.0,50652.0,0.9986037234042553,1.0,sustained_overload,contiguous
1779703946.8028417,36132,64,50780,43396,6.0649796935763334e-05,30.39506461649895,55.474597692489624,58.01971769332886,0.0,30.410021171730907,0.034904256651673134,0.000303082828280292,7.646817427415114e-05,5.4433304101909655e-05,1.0,0,1.0,58.03428411483765,0.12603387160299329,500578.77348224714,53.92031940197077,0.0,18.761791229248047,58.07932114601135,57.133363008499146,1482.6962605411222,24.945162996332694,1000.2700158093936,64.0,0.0,571.752045332224,630.898808642454,64.0,50716.0,0.9986057011331445,1.0,sustained_overload,contiguous
1779703946.9016702,36184,64,50844,43332,5.7373437556407225e-05,30.450678912408875,55.570247650146484,58.11933970451355,0.0,30.4650481104877,0.034904256651673134,0.000303082828280292,7.646817427415114e-05,5.4431096567774435e-05,1.0,0,1.0,58.13311266899109,0.12587522618204705,514466.6987747185,53.98827726809379,0.0,18.761791229248047,58.178149700164795,57.133363008499146,1482.6962605411222,24.945162996332694,1000.2700158093936,64.0,0.0,526.1637230801149,647.5861207139876,64.0,50780.0,0.9986076732673267,1.0,sustained_overload,contiguous
1779703947.0008483,36239,64,50908,43268,6.661051567391496e-05,30.502944064637504,55.66633129119873,58.21813774108887,0.0,30.517577421848923,0.034904256651673134,0.000303082828280292,7.646817427415114e-05,5.440935167957714e-05,1.0,0,1.0,58.232290744781494,0.1257169796495639,513298.9281581218,54.05623513421679,0.0,18.761791229248047,58.2773277759552,57.133363008499146,1482.6962605411222,24.945162996332694,1000.2700158093936,64.0,0.0,554.5580468432604,645.3039090539758,64.0,50844.0,0.9986096398305084,1.0,sustained_overload,contiguous
1779703947.1005878,36292,64,50972,43204,5.469268748470313e-05,30.55737697503204,55.76073670387268,58.317442893981934,0.0,30.572035546296515,0.034904256651673134,0.000303082828280292,7.646817427415114e-05,5.438017555239998e-05,1.0,0,1.0,58.332030296325684,0.12555913050302125,511051.0245017187,54.124193000339794,0.0,18.761791229248047,58.37706732749939,57.133363008499146,1482.6962605411222,24.945162996332694,1000.2700158093936,64.0,0.0,531.383981373913,641.6712227911402,64.0,50908.0,0.9986116008462623,1.0,sustained_overload,contiguous
1779703947.1984725,36350,64,51036,43140,4.4895453115145756e-05,30.606755056588376,55.85530996322632,58.41588759422302,0.0,30.621289532375936,0.034904256651673134,0.000303082828280292,7.646817427415114e-05,5.432617299237491e-05,1.0,0,1.0,58.42991495132446,0.12540167724743317,521389.1799550855,54.192150866462796,0.0,18.761791229248047,58.47495198249817,57.133363008499146,1482.6962605411222,24.945162996332694,1000.2700158093936,64.0,0.0,592.5341413393479,653.830776650315,64.0,50972.0,0.9986135563380282,1.0,sustained_overload,contiguous
1779703947.3004792,36407,64,51100,43076,6.839446874096211e-05,30.658985821910292,55.9518084526062,58.516359090805054,0.0,30.67414830539278,0.034904256651673134,0.000303082828280292,7.646817427415114e-05,5.440146734488754e-05,1.0,0,1.0,58.53192162513733,0.12524461839530332,500947.61538587394,54.2601087325858,0.0,18.761791229248047,58.576958656311035,57.133363008499146,1482.6962605411222,24.945162996332694,1000.2700158093936,64.0,0.0,558.7869682386461,627.4099292504096,64.0,51036.0,0.9986155063291139,1.0,sustained_overload,contiguous
1779703947.3958352,36463,64,51164,43012,4.480774998683046e-05,30.70877564354768,56.044005155563354,58.61354184150696,0.0,30.72309228775851,0.034904256651673134,0.000303082828280292,7.646817427415114e-05,5.4341500039319955e-05,1.0,0,1.0,58.62727761268616,0.12508795246657806,536557.8115773892,54.3280665987088,0.0,18.761791229248047,58.67231464385986,57.133363008499146,1482.6962605411222,24.945162996332694,1000.2700158093936,64.0,0.0,587.2730327639317,671.1691803016362,64.0,51100.0,0.9986174508426966,1.0,sustained_overload,contiguous
1779703947.4921947,36517,64,51228,42948,4.4664328086696514e-05,30.759525544173716,56.136935234069824,58.71000909805298,0.0,30.77423140011785,0.034904256651673134,0.000303082828280292,7.646817427415114e-05,5.428928184658582e-05,1.0,0,1.0,58.723637104034424,0.12493167798859998,531634.1886327479,54.396024464831804,0.0,18.761791229248047,58.76867413520813,57.133363008499146,1482.6962605411222,24.945162996332694,1000.2700158093936,64.0,0.0,560.4014637731003,664.1795126199708,64.0,51164.0,0.9986193899018233,1.0,sustained_overload,contiguous
1779703947.588069,36569,64,51292,42884,4.202512498352462e-05,30.81120932640036,56.22876191139221,58.80573916435242,0.0,30.825825207018372,0.034904256651673134,0.000303082828280292,7.646817427415114e-05,5.4231542985468216e-05,1.0,0,1.0,58.81951141357422,0.12477579349606176,534992.1188085326,54.463982330954806,0.0,18.761791229248047,58.864548444747925,57.133363008499146,1482.6962605411222,24.945162996332694,1000.2700158093936,64.0,0.0,542.3767873751013,667.5406613847401,64.0,51228.0,0.9986213235294118,1.0,sustained_overload,contiguous
1779703947.6879222,36625,64,51356,42820,5.679895312482586e-05,30.863093320319305,56.32408809661865,58.90505003929138,0.0,30.87771999574443,0.034904256651673134,0.000303082828280292,7.646817427415114e-05,5.4230191719140964e-05,1.0,0,1.0,58.91936469078064,0.12462029753096035,514314.61677351577,54.53194019707781,0.0,18.761791229248047,58.964401721954346,57.133363008499146,1482.6962605411222,24.945162996332694,1000.2700158093936,64.0,0.0,560.8228549598272,640.9404056683738,64.0,51292.0,0.9986232517482517,1.0,sustained_overload,contiguous
1779703947.7862093,36676,64,51420,42756,5.017317188560355e-05,30.91836437231012,56.41993689537048,59.0035617351532,0.0,30.933113383028715,0.034904256651673134,0.000303082828280292,7.646817427415114e-05,5.420791863106165e-05,1.0,0,1.0,59.01765179634094,0.12446518864255153,523161.1990898638,54.59989806320081,0.0,18.761791229248047,59.06268882751465,57.133363008499146,1482.6962605411222,24.945162996332694,1000.2700158093936,64.0,0.0,518.8880037647424,651.1535733518336,64.0,51356.0,0.9986251745810056,1.0,sustained_overload,contiguous
1779703947.8841152,36732,64,51484,42692,5.0527093790719846e-05,30.96931905646284,56.51211977005005,59.10196280479431,0.0,30.98382566202156,0.034904256651673134,0.000303082828280292,7.646817427415114e-05,5.4186487368231085e-05,1.0,0,1.0,59.11555767059326,0.12431046538730481,525852.002172182,54.667855929323814,0.0,18.761791229248047,59.16059470176697,57.133363008499146,1482.6962605411222,24.945162996332694,1000.2700158093936,64.0,0.0,571.977937255112,653.6890711486994,64.0,51420.0,0.9986270920502092,1.0,sustained_overload,contiguous
1779703947.9820218,36786,64,51548,42628,5.793757814842593e-05,31.021413896366752,56.606297731399536,59.19983196258545,0.0,31.035982584086003,0.034904256651673134,0.000303082828280292,7.646817427415114e-05,5.420142364168409e-05,1.0,0,1.0,59.21346426010132,0.12415612632885853,526501.8448605869,54.735813795446816,0.0,18.761791229248047,59.258501291275024,57.133363008499146,1482.6962605411222,24.945162996332694,1000.2700158093936,64.0,0.0,551.5461244368684,653.684295628881,64.0,51484.0,0.9986290041782729,1.0,sustained_overload,contiguous
1779703948.0783396,36840,64,51612,42564,4.257365621640474e-05,31.071355887713114,56.69958734512329,59.29554724693298,0.0,31.08612606594369,0.034904256651673134,0.000303082828280292,7.646817427415114e-05,5.416431816490796e-05,1.0,0,1.0,59.30978202819824,0.12400217003797566,535851.2870446006,54.803771661569826,0.0,18.761791229248047,59.35481905937195,57.133363008499146,1482.6962605411222,24.945162996332694,1000.2700158093936,64.0,0.0,560.6442203442693,664.4672241117266,64.0,51548.0,0.9986309109874826,1.0,sustained_overload,contiguous
1779703948.178355,36896,64,51676,42500,6.184717184964938e-05,31.123813942863787,56.795461654663086,59.3954815864563,0.0,31.13871566592257,0.034904256651673134,0.000303082828280292,7.646817427415114e-05,5.415738466811722e-05,1.0,0,1.0,59.40979743003845,0.12384859509249943,516680.4217070525,54.87172952769283,0.0,18.761791229248047,59.45483446121216,57.133363008499146,1482.6962605411222,24.945162996332694,1000.2700158093936,64.0,0.0,559.9137629769127,639.9014434021859,64.0,51612.0,0.9986328125,1.0,sustained_overload,contiguous
1779703948.28174,36957,64,51740,42436,7.209307827338307e-05,31.176118064700763,56.89526319503784,59.49948763847351,0.0,31.19065234547215,0.034904256651673134,0.000303082828280292,7.646817427415114e-05,5.423590201276552e-05,1.0,0,1.0,59.513182401657104,0.12369540007730961,500459.5850821441,54.93968739381584,0.0,18.761791229248047,59.55821943283081,57.133363008499146,1482.6962605411222,24.945162996332694,1000.2700158093936,64.0,0.0,590.0277288366988,619.0454859926019,64.0,51676.0,0.9986347087378641,1.0,sustained_overload,contiguous
1779703948.3797724,37012,64,51804,42372,5.136060939037179e-05,31.227241891418892,56.98806023597717,59.59724521636963,0.0,31.24170243482883,0.034904256651673134,0.000303082828280292,7.646817427415114e-05,5.422737811728873e-05,1.0,0,1.0,59.61121487617493,0.12354258358427919,528437.1352942035,55.00764525993884,0.0,18.761791229248047,59.65625190734863,57.133363008499146,1482.6962605411222,24.945162996332694,1000.2700158093936,64.0,0.0,561.0385769666665,652.844889561212,64.0,51740.0,0.9986365997229917,1.0,sustained_overload,contiguous
1779703948.47799,37067,64,51868,42308,4.932221877140819e-05,31.278949029991658,57.08277106285095,59.69559621810913,0.0,31.293479877567684,0.034904256651673134,0.000303082828280292,7.646817427415114e-05,5.4216936192556404e-05,1.0,0,1.0,59.70943236351013,0.12339014421223105,528093.3304980653,55.07560312606184,0.0,18.761791229248047,59.75446939468384,57.133363008499146,1482.6962605411222,24.945162996332694,1000.2700158093936,64.0,0.0,559.9817455346956,651.6151220767367,64.0,51804.0,0.9986384854771784,1.0,sustained_overload,contiguous
1779703948.5766191,37124,64,51932,42244,7.083820321440726e-05,31.3288066784754,57.17694282531738,59.793782472610474,0.0,31.34330523590867,0.034904256651673134,0.000303082828280292,7.646817427415114e-05,5.4225223476647124e-05,1.0,0,1.0,59.808061599731445,0.12323808056689517,526537.5865171473,55.143560992184845,0.0,18.761791229248047,59.85309863090515,57.133363008499146,1482.6962605411222,24.945162996332694,1000.2700158093936,64.0,0.0,577.9219446868481,648.8948150869874,64.0,51868.0,0.9986403660220995,1.0,sustained_overload,contiguous
1779703948.6749241,37177,64,51996,42180,5.239804694667782e-05,31.382150502637224,57.27149152755737,59.892104148864746,0.0,31.397129657946227,0.034904256651673134,0.000303082828280292,7.646817427415114e-05,5.4228755093924524e-05,1.0,0,1.0,59.90636658668518,0.12308639126086622,528925.3537510823,55.21151885830785,0.0,18.761791229248047,59.95140361785889,57.133363008499146,1482.6962605411222,24.945162996332694,1000.2700158093936,64.0,0.0,539.1384673591692,651.035130395978,64.0,51932.0,0.9986422413793103,1.0,sustained_overload,contiguous
1779703948.7731981,37231,64,52060,42116,4.2847249957844724e-05,31.433632933811943,57.362725257873535,59.98940706253052,0.0,31.448907499821424,0.034904256651673134,0.000303082828280292,7.646817427415114e-05,5.4200516366631016e-05,1.0,0,1.0,60.00464057922363,0.12293507491356129,529743.4107974216,55.27947672443085,0.0,18.761791229248047,60.04967761039734,57.133363008499146,1482.6962605411222,24.945162996332694,1000.2700158093936,64.0,0.0,549.484137208236,651.2404589134649,64.0,51996.0,0.9986441115702479,1.0,sustained_overload,contiguous
1779703948.8709908,37288,64,52124,42052,4.5171343728611646e-05,31.483794646105732,57.45708346366882,60.087923765182495,0.0,31.498598859086552,0.034904256651673134,0.000303082828280292,7.646817427415114e-05,5.416423597200578e-05,1.0,0,1.0,60.10243320465088,0.12278413015117796,533005.426250451,55.34743459055386,0.0,18.761791229248047,60.147470235824585,57.133363008499146,1482.6962605411222,24.945162996332694,1000.2700158093936,64.0,0.0,582.8660366870483,654.4460762801947,64.0,52060.0,0.9986459766162311,1.0,sustained_overload,contiguous
1779703948.972512,37341,64,52188,41988,5.704707812981269e-05,31.537607160217682,57.553165912628174,60.1867356300354,0.0,31.553312467500714,0.034904256651673134,0.000303082828280292,7.646817427415114e-05,5.4167147335730325e-05,1.0,0,1.0,60.203954458236694,0.12263355560665286,514059.84615709784,55.41539245667686,0.0,18.761791229248047,60.2489914894104,57.133363008499146,1482.6962605411222,24.945162996332694,1000.2700158093936,64.0,0.0,522.0581713483213,630.4098672885389,64.0,52124.0,0.9986478365384616,1.0,sustained_overload,contiguous
1779703949.0775623,37400,64,52252,41924,6.878460941095454e-05,31.592767146786624,57.65381908416748,60.29198217391968,0.0,31.60900400358394,0.034904256651673134,0.000303082828280292,7.646817427415114e-05,5.423562750325577e-05,1.0,0,1.0,60.30900478363037,0.1224833499196203,497399.69680422504,55.483350322799865,0.0,18.761791229248047,60.35404181480408,57.133363008499146,1482.6962605411222,24.945162996332694,1000.2700158093936,64.0,0.0,561.6355758908611,609.2318111358494,64.0,52188.0,0.9986496913580247,1.0,sustained_overload,contiguous
1779703949.1919234,37455,64,51332,42844,5.949078126832319e-05,31.660262252165445,57.76494216918945,60.405935764312744,0.0,31.676468501980636,0.03496758892851056,0.00030156501434134235,7.646817427415114e-05,5.421765789402818e-05,1.0,0,1.0,60.42336583137512,0.1246785630795605,461949.2479459623,54.50645599728169,0.0,18.761791229248047,60.46840286254883,60.18192195892334,1541.151506952489,25.316076248570493,1005.9635051898473,0.0,920.0,480.93298447875077,8044.697194917286,321.0,52508.0,0.9986515410958904,1.0,sustained_overload,contiguous
1779703949.2940097,37510,64,51396,42780,5.778220311469795e-05,31.71622329636874,57.86336612701416,60.50865149497986,0.0,31.731869268846463,0.03496758892851056,0.00030156501434134235,7.616108610429837e-05,5.421482310290788e-05,1.0,0,1.0,60.52545213699341,0.12452330920694218,503456.3616414554,54.57441386340469,0.0,18.761791229248047,60.570489168167114,60.18192195892334,1541.151506952489,25.316076248570493,1005.9635051898473,64.0,0.0,538.7598235325715,626.9205219288104,64.0,51332.0,0.9986533857729138,1.0,sustained_overload,contiguous
1779703949.4025805,37568,64,50475,43701,5.825359367861438e-05,31.774497350644673,57.96623873710632,60.615872383117676,0.0,31.789885469959106,0.035011318325996396,0.00030002743005752563,7.616108610429837e-05,5.4116967619794336e-05,1.0,0,1.0,60.6340229511261,0.12679544328875683,478701.3933273164,53.59645769622834,0.0,18.761791229248047,60.679059982299805,60.33794116973877,1576.2052464020815,25.68088734149933,1011.9035233274748,0.0,921.0,534.2135495927567,8482.942744395328,321.0,51652.0,0.9986552254098361,1.0,sustained_overload,contiguous
1779703949.5003831,37626,64,50539,43637,5.0205859409402365e-05,31.823713586675304,58.06109571456909,60.71437191963196,0.0,31.83898880160068,0.035011318325996396,0.00030002743005752563,7.583155776515152e-05,5.4102946620869376e-05,1.0,0,1.0,60.73182559013367,0.1266348760363284,516744.7475122741,53.664415562351344,0.0,18.761791229248047,60.77686262130737,60.33794116973877,1576.2052464020815,25.68088734149933,1011.9035233274748,64.0,0.0,593.0310325829932,654.3790704364063,64.0,50475.0,0.9986570600272852,1.0,sustained_overload,contiguous
1779703949.598859,37678,64,50603,43573,5.049284368396911e-05,31.877602338841303,58.15689730644226,60.81249403953552,0.0,31.893101743909572,0.035011318325996396,0.00030002743005752563,7.583155776515152e-05,5.395727311268698e-05,1.0,0,1.0,60.83030152320862,0.12647471493784954,513861.5946038863,53.73237342847435,0.0,18.761791229248047,60.875338554382324,60.33794116973877,1576.2052464020815,25.68088734149933,1011.9035233274748,64.0,0.0,528.047801897162,649.9049869503532,64.0,50539.0,0.9986588896457765,1.0,sustained_overload,contiguous
1779703949.7098567,37736,64,50586,43590,5.5052250061748964e-05,31.93841191752025,58.26402926445007,60.922391414642334,0.0,31.953825857177623,0.03507241403093989,0.000298470443820361,7.583155776515152e-05,5.3933507791817506e-05,1.0,0,1.0,60.94129920005798,0.12651721820266476,465703.44053372514,53.714322120285416,0.0,18.761791229248047,60.98633623123169,31.65162229537964,1829.6393586115264,25.742441310096034,1020.3337896706093,0.0,17.0,522.5334587742021,153.15635860623166,577.0,51115.0,0.9986607142857142,1.0,sustained_overload,contiguous
1779703949.8133273,37795,64,50650,43526,5.967946877660779e-05,31.98992323683215,58.361759185791016,61.02407693862915,0.0,32.00559693296966,0.03507241403093989,0.000298470443820361,7.555717812444931e-05,5.395968652072911e-05,1.0,0,1.0,61.04476976394653,0.12635735439289242,489511.2010267589,53.78227998640843,0.0,18.761791229248047,61.08980679512024,31.65162229537964,1829.6393586115264,25.742441310096034,1020.3337896706093,64.0,0.0,570.210480959107,618.5334030742856,64.0,50586.0,0.9986625339673914,1.0,sustained_overload,contiguous
1779703949.9134288,37849,64,50714,43462,4.91748751301202e-05,32.04561322206448,58.458887577056885,61.12573480606079,0.0,32.06097066906092,0.03507241403093989,0.000298470443820361,7.555717812444931e-05,5.3780857052655716e-05,1.0,0,1.0,61.1448712348938,0.12619789407264267,506625.9218779772,53.850237852531436,0.0,18.761791229248047,61.189908266067505,31.65162229537964,1829.6393586115264,25.742441310096034,1020.3337896706093,64.0,0.0,539.4526123242255,639.3512442361191,64.0,50650.0,0.9986643487109905,1.0,sustained_overload,contiguous
1779703950.0121112,37905,64,50778,43398,5.073799998456252e-05,32.09674666376088,58.55305051803589,61.22451567649841,0.0,32.112256740482835,0.03507241403093989,0.000298470443820361,7.555717812444931e-05,5.378119584993207e-05,1.0,0,1.0,61.24355363845825,0.12603883571625507,514559.82187173836,53.91819571865444,0.0,18.761791229248047,61.28859066963196,31.65162229537964,1829.6393586115264,25.742441310096034,1020.3337896706093,64.0,0.0,567.4770574819282,648.5452085507751,64.0,50714.0,0.9986661585365854,1.0,sustained_overload,contiguous
1779703950.1124682,37957,64,50842,43334,7.002901563168962e-05,32.1534314160082,58.651392459869385,61.32549524307251,0.0,32.16885209888501,0.03507241403093989,0.000298470443820361,7.555717812444931e-05,5.386058654717347e-05,1.0,0,1.0,61.343910694122314,0.12588017780575117,506611.1163144291,53.98615358477744,0.0,18.761791229248047,61.38894772529602,31.65162229537964,1829.6393586115264,25.742441310096034,1020.3337896706093,64.0,0.0,518.149916375247,637.7229740003041,64.0,50778.0,0.9986679634641408,1.0,sustained_overload,contiguous
1779703950.2116358,38008,64,50906,43270,4.379659370101763e-05,32.20802693081669,58.74385118484497,61.42354679107666,0.0,32.223607096235206,0.03507241403093989,0.000298470443820361,7.555717812444931e-05,5.3826248919783124e-05,1.0,0,1.0,61.44307827949524,0.12572191883078615,513333.05947266304,54.05411145090044,0.0,18.761791229248047,61.488115310668945,31.65162229537964,1829.6393586115264,25.742441310096034,1020.3337896706093,64.0,0.0,514.2809498508195,645.3721723618127,64.0,50842.0,0.9986697635135136,1.0,sustained_overload,contiguous
1779703950.3119297,38066,64,50970,43206,6.367746870239444e-05,32.25899840431584,58.8404598236084,61.52390170097351,0.0,32.274547726513845,0.03507241403093989,0.000298470443820361,7.555717812444931e-05,5.3969713027670725e-05,1.0,0,1.0,61.54337215423584,0.12556405728860112,508206.5094386718,54.122069317023445,0.0,18.761791229248047,61.588409185409546,31.65162229537964,1829.6393586115264,25.742441310096034,1020.3337896706093,64.0,0.0,578.3005208444764,638.124712655974,64.0,50906.0,0.9986715587044535,1.0,sustained_overload,contiguous
1779703950.4223108,38122,64,50294,43882,7.269901571760329e-05,32.320351600503734,58.945881605148315,61.63165068626404,0.0,32.33621755302908,0.035125427775912814,0.0002969606423083647,7.555717812444931e-05,5.397657782809494e-05,1.0,0,1.0,61.65375328063965,0.12725175965323895,466991.0670364514,53.40426435609922,0.0,18.761791229248047,61.698790311813354,61.441060066223145,1205.1771884903776,26.106712930056513,1022.2199468014232,0.0,676.0,507.3331086977182,6124.235383565313,321.0,51226.0,0.9986733490566038,1.0,sustained_overload,contiguous
1779703950.519464,38176,64,50358,43818,5.0876421866519195e-05,32.372322577689886,59.040242195129395,61.72964286804199,0.0,32.38785049089493,0.035125427775912814,0.0002969606423083647,7.524063338094683e-05,5.395908335212674e-05,1.0,0,1.0,61.750906467437744,0.12709003534691607,518336.0593683281,53.47222222222222,0.0,18.761791229248047,61.79594349861145,61.441060066223145,1205.1771884903776,26.106712930056513,1022.2199468014232,64.0,0.0,555.8232496502982,658.7534810670201,64.0,50294.0,0.998675134589502,1.0,sustained_overload,contiguous
1779703950.6184487,38231,64,50422,43754,4.214854685358205e-05,32.42375157255934,59.134804248809814,61.827948570251465,0.0,32.43945326770962,0.035125427775912814,0.0002969606423083647,7.524063338094683e-05,5.378176151448446e-05,1.0,0,1.0,61.8498911857605,0.12692872158978225,509391.76121703774,53.540180088345224,0.0,18.761791229248047,61.894928216934204,61.441060066223145,1205.1771884903776,26.106712930056513,1022.2199468014232,64.0,0.0,555.6413245594597,646.5644503964622,64.0,50358.0,0.9986769153225806,1.0,sustained_overload,contiguous
1779703950.718761,38289,64,50486,43690,4.676073440634809e-05,32.47491334861861,59.231630086898804,61.92853569984436,0.0,32.48979661773704,0.035125427775912814,0.0002969606423083647,7.524063338094683e-05,5.3825023524850945e-05,1.0,0,1.0,61.95020341873169,0.1267678168205047,503288.56715311116,53.608137954468226,0.0,18.761791229248047,61.995240449905396,61.441060066223145,1205.1771884903776,26.106712930056513,1022.2199468014232,64.0,0.0,578.1946855540239,638.0079288871988,64.0,50422.0,0.9986786912751678,1.0,sustained_overload,contiguous
1779703950.8199303,38348,64,50550,43626,5.979195310601426e-05,32.52575323618223,59.32624888420105,62.029645919799805,0.0,32.54187526099777,0.035125427775912814,0.0002969606423083647,7.524063338094683e-05,5.378789396579525e-05,1.0,0,1.0,62.05137276649475,0.12660731948565776,499657.2689031072,53.67609582059123,0.0,18.761791229248047,62.09640979766846,61.441060066223145,1205.1771884903776,26.106712930056513,1022.2199468014232,64.0,0.0,583.1805908067918,632.6026747734691,64.0,50486.0,0.9986804624664879,1.0,sustained_overload,contiguous
1779703950.9203706,38403,64,50614,43562,5.0775796779589655e-05,32.57933843789607,59.42416429519653,62.13012886047363,0.0,32.59498847998814,0.035125427775912814,0.0002969606423083647,7.524063338094683e-05,5.387482480257456e-05,1.0,0,1.0,62.15181303024292,0.12644722803967282,503921.41668308503,53.74405368671423,0.0,18.761791229248047,62.196850061416626,61.441060066223145,1205.1771884903776,26.106712930056513,1022.2199468014232,64.0,0.0,547.5891634245402,637.1946628940103,64.0,50550.0,0.9986822289156626,1.0,sustained_overload,contiguous
1779703951.020085,38456,64,50678,43498,4.975926556483046e-05,32.63399829550381,59.52151441574097,62.230005741119385,0.0,32.648172082952115,0.035125427775912814,0.0002969606423083647,7.524063338094683e-05,5.400521628237238e-05,1.0,0,1.0,62.251527547836304,0.12628754094478867,508230.90983255743,53.812011552837234,0.0,18.761791229248047,62.29656457901001,61.441060066223145,1205.1771884903776,26.106712930056513,1022.2199468014232,64.0,0.0,531.5173886326521,641.8323183488629,64.0,50614.0,0.9986839906417112,1.0,sustained_overload,contiguous
1779703951.1195986,38507,64,50742,43434,4.927410941490962e-05,32.68968060657919,59.61594223976135,62.32922124862671,0.0,32.70560481321365,0.035125427775912814,0.0002969606423083647,7.524063338094683e-05,5.397014271477867e-05,1.0,0,1.0,62.351041078567505,0.1261282566710023,509900.5092790915,53.87996941896025,0.0,18.761791229248047,62.39607810974121,61.441060066223145,1205.1771884903776,26.106712930056513,1022.2199468014232,64.0,0.0,512.4931215410048,643.1286231102805,64.0,50678.0,0.9986857476635514,1.0,sustained_overload,contiguous
1779703951.2293735,38563,64,50133,44043,5.053425003609391e-05,32.75109604981322,59.72231602668762,62.43791890144348,0.0,32.76673698000513,0.03516913484210617,0.0002954635152056173,7.524063338094683e-05,5.395484498871902e-05,1.0,0,1.0,62.46081590652466,0.1276604232740909,467493.3311672375,53.23330784913354,0.0,18.761791229248047,62.505852937698364,38.74312162399292,1760.0345374463204,26.234353421914456,1029.6726194342,0.0,609.0,510.13516524806215,5547.719922072676,321.0,50998.0,0.9986875,1.0,sustained_overload,contiguous
1779703951.3272161,38615,64,50197,43979,4.6635718760512646e-05,32.80410634985014,59.81725740432739,62.53533720970154,0.0,32.81987201241011,0.03516913484210617,0.0002954635152056173,7.492524606210214e-05,5.3927104206713585e-05,1.0,0,1.0,62.558658599853516,0.1274976592226627,513037.7986558865,53.30126571525654,0.0,18.761791229248047,62.60369563102722,38.74312162399292,1760.0345374463204,26.234353421914456,1029.6726194342,64.0,0.0,531.4653371736578,654.1111842137326,64.0,50133.0,0.9986892476697736,1.0,sustained_overload,contiguous
1779703951.4344385,38668,64,50866,43310,5.681037499982722e-05,32.865530946327674,59.9210319519043,62.64175367355347,0.0,32.8814276646971,0.035203014932027675,0.0002939657467167552,7.492524606210214e-05,5.3932915457926226e-05,1.0,0,1.0,62.66588091850281,0.12582078402076044,497415.0967061947,54.011637784573566,0.0,18.761791229248047,62.710917949676514,38.95207691192627,1697.2721815268553,26.361530656814576,1036.3486150551266,669.0,0.0,494.30007360086097,6239.37262715049,1601.0,51733.0,0.9986909906914894,1.0,sustained_overload,contiguous
1779703951.5417264,38721,64,49649,44527,4.973309370370771e-05,32.92701759957264,60.02506971359253,62.74830651283264,0.0,32.94261687524989,0.035238976912064984,0.0002925497112852154,7.492524606210214e-05,5.396744284397446e-05,1.0,0,1.0,62.77316880226135,0.12890491248564925,479485.6436517496,52.71937648657832,0.0,18.761791229248047,62.81820583343506,0.000202178955078125,4.057416267942584,26.10052740455854,1026.1279101166397,0.0,1217.0,493.99799999111104,11343.312565833627,321.0,51122.0,0.9986927290836654,1.0,sustained_overload,contiguous
1779703951.6415384,38776,64,49713,44463,5.86935155268975e-05,32.979372936350515,60.12091660499573,62.84767198562622,0.0,32.99537685628671,0.035238976912064984,0.0002925497112852154,7.495284080505371e-05,5.395400239425401e-05,1.0,0,1.0,62.87298083305359,0.12873896163981252,498066.2111111642,52.78733435270132,0.0,18.761791229248047,62.918017864227295,0.000202178955078125,4.057416267942584,26.10052740455854,1026.1279101166397,64.0,0.0,551.0357775856221,641.2052684632694,64.0,49649.0,0.9986944628647215,1.0,sustained_overload,contiguous
1779703951.7444725,38836,64,49777,44399,5.837909377248707e-05,33.02903621222605,60.21798610687256,62.948591470718384,0.0,33.045235052840816,0.035238976912064984,0.0002925497112852154,7.495284080505371e-05,5.377312396611567e-05,1.0,0,1.0,62.97591495513916,0.12857343753139,483581.13899897394,52.855292218824324,0.0,18.761791229248047,63.020951986312866,0.000202178955078125,4.057416267942584,26.10052740455854,1026.1279101166397,64.0,0.0,582.897087810403,621.75689366443,64.0,49713.0,0.9986961920529801,1.0,sustained_overload,contiguous
1779703951.850637,38898,64,49841,44335,6.151620311811712e-05,33.08043368758747,60.31685829162598,63.05295491218567,0.0,33.098740115154115,0.035238976912064984,0.0002925497112852154,7.495284080505371e-05,5.37926117628347e-05,1.0,0,1.0,63.08207941055298,0.12840833851648242,469469.74677847495,52.92325008494734,0.0,18.761791229248047,63.127116441726685,0.000202178955078125,4.057416267942584,26.10052740455854,1026.1279101166397,64.0,0.0,583.9996047484088,602.838301675777,64.0,49777.0,0.9986979166666666,1.0,sustained_overload,contiguous
1779703951.9519293,38953,64,49905,44271,5.013609374771022e-05,33.13698979306973,60.41479539871216,63.1565465927124,0.0,33.15361544505706,0.035238976912064984,0.0002925497112852154,7.495284080505371e-05,5.37845314513801e-05,1.0,0,1.0,63.183371782302856,0.12824366295962328,492682.7078669934,52.99120795107034,0.0,18.761791229248047,63.22840881347656,0.000202178955078125,4.057416267942584,26.10052740455854,1026.1279101166397,64.0,0.0,542.9826456804856,631.8343513372923,64.0,49841.0,0.9986996367239102,1.0,sustained_overload,contiguous
1779703952.0496492,39006,64,49969,44207,3.9361546768645894e-05,33.190838313085074,60.51020407676697,63.25573253631592,0.0,33.206917288207634,0.035238976912064984,0.0002925497112852154,7.495284080505371e-05,5.373393055705175e-05,1.0,0,1.0,63.28109169006348,0.1280794092337249,511349.2342052422,53.059165817193346,0.0,18.761791229248047,63.32612872123718,0.000202178955078125,4.057416267942584,26.10052740455854,1026.1279101166397,64.0,0.0,542.3664554599419,654.9330782912506,64.0,49905.0,0.998701352242744,1.0,sustained_overload,contiguous
1779703952.1464226,39062,64,50033,44143,4.1238890631234426e-05,33.239527223889816,60.60166358947754,63.35229539871216,0.0,33.255162290260344,0.035238976912064984,0.0002925497112852154,7.495284080505371e-05,5.371196456560888e-05,1.0,0,1.0,63.37786507606506,0.12791557572002477,517011.98095083237,53.12712368331635,0.0,18.761791229248047,63.42290210723877,0.000202178955078125,4.057416267942584,26.10052740455854,1026.1279101166397,64.0,0.0,578.6714954779168,661.3388519747621,64.0,49969.0,0.9987030632411067,1.0,sustained_overload,contiguous
1779703952.2531054,39116,64,50097,44079,5.879245314588388e-05,33.29524930261345,60.70092487335205,63.45422339439392,0.0,33.31337858508772,0.035238976912064984,0.0002925497112852154,7.495284080505371e-05,5.3749975167799934e-05,1.0,0,1.0,63.48454785346985,0.12775216080803242,469588.44922004204,53.19508154943935,0.0,18.761791229248047,63.529584884643555,0.000202178955078125,4.057416267942584,26.10052740455854,1026.1279101166397,64.0,0.0,506.17354847360656,599.9093907835337,64.0,50033.0,0.9987047697368421,1.0,sustained_overload,contiguous
1779703952.356807,39173,64,50161,44015,6.402868751820279e-05,33.35423060643291,60.806169509887695,63.561997175216675,0.0,33.37055355732248,0.035238976912064984,0.0002925497112852154,7.495284080505371e-05,5.378049432440534e-05,1.0,0,1.0,63.58824944496155,0.12758916289547656,483705.20913379744,53.26303941556235,0.0,18.761791229248047,63.633286476135254,0.000202178955078125,4.057416267942584,26.10052740455854,1026.1279101166397,64.0,0.0,549.6540523639172,617.1554272156264,64.0,50097.0,0.9987064717477004,1.0,sustained_overload,contiguous
1779703952.466578,39231,64,49930,44246,5.791943752342377e-05,33.41413495536806,60.91044282913208,63.67124557495117,0.0,33.430075762135665,0.03527759069419769,0.0002911076488265072,7.495284080505371e-05,5.376658599399396e-05,1.0,0,1.0,63.698020458221436,0.12817945123172442,462216.74095214513,53.01775399252463,0.0,18.761791229248047,63.74305748939514,28.161099910736084,1918.983580595177,26.120729095795575,1034.8813970821154,0.0,231.0,528.372639347716,2104.3806842986623,321.0,50417.0,0.9987081692913385,1.0,sustained_overload,contiguous
1779703952.5650086,39281,64,49994,44182,3.955445311021322e-05,33.46871471683054,61.003188133239746,63.76866412162781,0.0,33.48515432974078,0.03527759069419769,0.0002911076488265072,7.473291271794452e-05,5.373843602178208e-05,1.0,0,1.0,63.79645109176636,0.12801536184342122,507910.98461419216,53.08571185864764,0.0,18.761791229248047,63.84148812294006,28.161099910736084,1918.983580595177,26.120729095795575,1034.8813970821154,64.0,0.0,507.9719412471418,650.2040847963415,64.0,49930.0,0.9987098623853211,1.0,sustained_overload,contiguous
1779703952.6677358,39335,64,50058,44118,5.1642437483678805e-05,33.52567313380828,61.10271072387695,63.871894121170044,0.0,33.54231383008474,0.03527759069419769,0.0002911076488265072,7.473291271794452e-05,5.362303194903261e-05,1.0,0,1.0,63.89917826652527,0.1278516920372368,487290.7302033797,53.153669724770644,0.0,18.761791229248047,63.944215297698975,28.161099910736084,1918.983580595177,26.120729095795575,1034.8813970821154,64.0,0.0,525.6642181266232,623.0094437056275,64.0,49994.0,0.9987115510471204,1.0,sustained_overload,contiguous
1779703952.7680776,39391,64,50122,44054,4.5955999965485717e-05,33.57847775084445,61.200969219207764,63.97266912460327,0.0,33.594394184634865,0.03527759069419769,0.0002911076488265072,7.473291271794452e-05,5.3584386596327664e-05,1.0,0,1.0,63.99952006340027,0.1276884402058976,499512.68126520683,53.22162759089365,0.0,18.761791229248047,64.04455709457397,28.161099910736084,1918.983580595177,26.120729095795575,1034.8813970821154,64.0,0.0,558.0924574209246,637.8199513381995,64.0,50058.0,0.9987132352941176,1.0,sustained_overload,contiguous
1779703952.8728466,39447,64,50186,43990,6.233971876667965e-05,33.6313365340922,61.29834461212158,64.07350707054138,0.0,33.64868157704671,0.03527759069419769,0.0002911076488265072,7.473291271794452e-05,5.357465337735125e-05,1.0,0,1.0,64.1042890548706,0.12752560475032879,479015.7783871489,53.289585457016656,0.0,18.761791229248047,64.14932608604431,28.161099910736084,1918.983580595177,26.120729095795575,1034.8813970821154,64.0,0.0,534.509297207993,610.8677682377063,64.0,50122.0,0.9987149151436031,1.0,sustained_overload,contiguous
1779703952.9755118,39500,64,50250,43926,4.711671878965262e-05,33.69014051026898,61.399117946624756,64.17776942253113,0.0,33.70668677442384,0.03527759069419769,0.0002911076488265072,7.473291271794452e-05,5.355228973877825e-05,1.0,0,1.0,64.20695424079895,0.12736318407960198,489455.11124941654,53.35754332313966,0.0,18.761791229248047,64.25199127197266,28.161099910736084,1918.983580595177,26.120729095795575,1034.8813970821154,64.0,0.0,516.2412118650562,623.385614327615,64.0,50186.0,0.9987165906127771,1.0,sustained_overload,contiguous
1779703953.0802317,39557,64,50314,43862,6.93664374864511e-05,33.74714311881659,61.50104904174805,64.28365278244019,0.0,33.76320072201175,0.03527759069419769,0.0002911076488265072,7.473291271794452e-05,5.3679679321075384e-05,1.0,0,1.0,64.31167411804199,0.12720117661088365,480462.74809153355,53.42550118926266,0.0,18.761791229248047,64.3567111492157,28.161099910736084,1918.983580595177,26.120729095795575,1034.8813970821154,64.0,0.0,544.3092706049491,611.1542687494166,64.0,50250.0,0.99871826171875,1.0,sustained_overload,contiguous
1779703953.1803873,39613,64,50378,43798,4.884079686462428e-05,33.799369492889596,61.59779977798462,64.3838939666748,0.0,33.81605364629602,0.03527759069419769,0.0002911076488265072,7.473291271794452e-05,5.3655716713478415e-05,1.0,0,1.0,64.41182971000671,0.12703958076938346,502997.37649940606,53.493459055385664,0.0,18.761791229248047,64.45686674118042,28.161099910736084,1918.983580595177,26.120729095795575,1034.8813970821154,64.0,0.0,559.1300385876125,639.0057583858428,64.0,50314.0,0.9987199284785435,1.0,sustained_overload,contiguous
1779703953.2905734,39673,64,50442,43734,7.547806245611355e-05,33.85461880777785,61.70084261894226,64.4905903339386,0.0,33.87160447744098,0.03527759069419769,0.0002911076488265072,7.473291271794452e-05,5.3701954006552765e-05,1.0,0,1.0,64.52201581001282,0.1268783949883034,457789.140347157,53.561416921508666,0.0,18.761791229248047,64.56705284118652,28.161099910736084,1918.983580595177,26.120729095795575,1034.8813970821154,64.0,0.0,544.5332940967729,580.8355137032245,64.0,50378.0,0.998721590909091,1.0,sustained_overload,contiguous
1779703953.4039614,39733,64,49327,44849,4.8274656279545525e-05,33.91790569071782,61.81112623214722,64.60492300987244,0.0,33.9349277273735,0.035316632893271076,0.0002897085543878064,7.473291271794452e-05,5.3680560658798706e-05,1.0,0,1.0,64.63540387153625,0.12974638636041114,449950.3679181806,52.37746347264696,0.0,18.761791229248047,64.68044090270996,38.627644062042236,1812.0513048043572,26.242155454691176,1042.42673599204,0.0,1115.0,529.1562373839322,9833.486744718073,321.0,50698.0,0.9987232490272373,1.0,sustained_overload,contiguous
1779703953.504601,39793,64,49391,44785,4.374676554164125e-05,33.96797540193802,61.90818905830383,64.7064380645752,0.0,33.984556015167286,0.035316632893271076,0.0002897085543878064,7.449889528578606e-05,5.365475939732149e-05,1.0,0,1.0,64.73604345321655,0.12957826324634042,490771.11783811444,52.44542133876996,0.0,18.761791229248047,64.78108048439026,38.627644062042236,1812.0513048043572,26.242155454691176,1042.42673599204,64.0,0.0,596.1868978211995,635.9326910092796,64.0,49327.0,0.9987249028497409,1.0,sustained_overload,contiguous
1779703953.603435,39850,64,49455,44721,4.4031124986076975e-05,34.018508105316506,62.00510263442993,64.8058569431305,0.0,34.03522059536697,0.035316632893271076,0.0002897085543878064,7.449889528578606e-05,5.357399617233287e-05,1.0,0,1.0,64.83487749099731,0.1294105752704479,500384.29179331305,52.51337920489296,0.0,18.761791229248047,64.87991452217102,38.627644062042236,1812.0513048043572,26.242155454691176,1042.42673599204,64.0,0.0,576.7243884787957,647.5501905726829,64.0,49391.0,0.998726552393273,1.0,sustained_overload,contiguous
1779703953.7048454,39905,64,49519,44657,5.062217182683071e-05,34.07196987979449,62.10120725631714,64.90651273727417,0.0,34.08898871526953,0.035316632893271076,0.0002897085543878064,7.449889528578606e-05,5.359624876198563e-05,1.0,0,1.0,64.93628787994385,0.1292433207455724,488303.02806656226,52.581337071015966,0.0,18.761791229248047,64.98132491111755,38.627644062042236,1812.0513048043572,26.242155454691176,1042.42673599204,64.0,0.0,542.3507450405082,631.0990487744095,64.0,49455.0,0.9987281976744186,1.0,sustained_overload,contiguous
1779703953.8171837,39958,64,49834,44342,4.986153126651516e-05,34.13720314630939,62.20910859107971,65.0167407989502,0.0,34.153298107650315,0.03535204700061253,0.00028827502613975887,7.449889528578606e-05,5.355038409648432e-05,1.0,0,1.0,65.0486261844635,0.12842637556688205,459611.70787446864,52.91581719334013,0.0,18.761791229248047,65.0936632156372,47.307532787323,1418.8219899069047,26.444707159812634,1046.045921125837,315.0,0.0,471.78921051570416,2804.030213442393,1089.0,50543.0,0.9987298387096775,1.0,sustained_overload,contiguous
1779703953.9207993,40016,64,49898,44278,5.083298447061679e-05,34.189387226215096,62.30749440193176,65.11871480941772,0.0,34.20664456443244,0.03535204700061253,0.00028827502613975887,7.421164203890793e-05,5.353822692538105e-05,1.0,0,1.0,65.15224170684814,0.12826165377369836,481568.77320723893,52.983775059463134,0.0,18.761791229248047,65.19727873802185,47.307532787323,1418.8219899069047,26.444707159812634,1046.045921125837,64.0,0.0,559.761690769567,617.6680725733154,64.0,49834.0,0.9987314755154639,1.0,sustained_overload,contiguous
1779703954.0202587,40072,64,49962,44214,4.906156247841409e-05,34.24422897178065,62.40467548370361,65.22165536880493,0.0,34.26059902172891,0.03535204700061253,0.00028827502613975887,7.421164203890793e-05,5.3379589970924624e-05,1.0,0,1.0,65.25170111656189,0.12809735398903166,502335.577335478,53.05173292558614,0.0,18.761791229248047,65.2967381477356,47.307532787323,1418.8219899069047,26.444707159812634,1046.045921125837,64.0,0.0,563.043759873239,643.4785827122731,64.0,49898.0,0.9987331081081081,1.0,sustained_overload,contiguous
1779703954.1183777,40128,64,50026,44150,4.420289056383808e-05,34.29458952260699,62.50052571296692,65.32010006904602,0.0,34.310413722873854,0.03535204700061253,0.00028827502613975887,7.421164203890793e-05,5.33642460239423e-05,1.0,0,1.0,65.34982013702393,0.12793347459321153,509850.1775132976,53.11969079170914,0.0,18.761791229248047,65.39485716819763,47.307532787323,1418.8219899069047,26.444707159812634,1046.045921125837,64.0,0.0,570.7354163983662,652.2690473124185,64.0,49962.0,0.998734736503856,1.0,sustained_overload,contiguous
1779703954.2178202,40187,64,50090,44086,5.3519093768272796e-05,34.343170303513226,62.59385633468628,65.41932320594788,0.0,34.35921071022753,0.03535204700061253,0.00028827502613975887,7.421164203890793e-05,5.33470671477266e-05,1.0,0,1.0,65.44926261901855,0.12777001397484528,503708.2642678354,53.18764865783214,0.0,18.761791229248047,65.49429965019226,47.307532787323,1418.8219899069047,26.444707159812634,1046.045921125837,64.0,0.0,593.3077978000058,643.5881196474638,64.0,50026.0,0.9987363607188704,1.0,sustained_overload,contiguous
1779703954.3182614,40243,64,50154,44022,5.654221874351606e-05,34.39607907987609,62.68917918205261,65.52032971382141,0.0,34.41191944340787,0.03535204700061253,0.00028827502613975887,7.421164203890793e-05,5.341419788189925e-05,1.0,0,1.0,65.54970383644104,0.12760697053076525,499336.83887001785,53.255606523955144,0.0,18.761791229248047,65.59474086761475,47.307532787323,1418.8219899069047,26.444707159812634,1046.045921125837,64.0,0.0,557.5400362228536,637.1886128261184,64.0,50090.0,0.9987379807692308,1.0,sustained_overload,contiguous
1779703954.4178958,40297,64,50218,43958,4.848331252560456e-05,34.449009372577315,62.783554553985596,65.61965751647949,0.0,34.46504228416795,0.03535204700061253,0.00028827502613975887,7.421164203890793e-05,5.3399742840263275e-05,1.0,0,1.0,65.64933824539185,0.12744434266597635,504022.66173722234,53.32356439007815,0.0,18.761791229248047,65.69437527656555,47.307532787323,1418.8219899069047,26.444707159812634,1046.045921125837,64.0,0.0,541.9814356169104,642.3483681385604,64.0,50154.0,0.9987395966709347,1.0,sustained_overload,contiguous
1779703954.5153584,40352,64,50282,43894,4.77422343010403e-05,34.49897386307542,62.87723112106323,65.7168641090393,0.0,34.51501406754742,0.03535204700061253,0.00028827502613975887,7.421164203890793e-05,5.33895940233988e-05,1.0,0,1.0,65.74680089950562,0.1272821287936041,515910.43212618766,53.39152225620115,0.0,18.761791229248047,65.79183793067932,47.307532787323,1418.8219899069047,26.444707159812634,1046.045921125837,64.0,0.0,564.3187177705804,656.6617806784935,64.0,50218.0,0.9987412084398977,1.0,sustained_overload,contiguous
1779703954.6156874,40402,64,50346,43830,5.203334373504731e-05,34.5560375372412,62.974737882614136,65.8169333934784,0.0,34.57227726550564,0.03535204700061253,0.00028827502613975887,7.421164203890793e-05,5.3388178384851945e-05,1.0,0,1.0,65.84712982177734,0.12712032733484288,501809.4370000713,53.45948012232415,0.0,18.761791229248047,65.89216685295105,47.307532787323,1418.8219899069047,26.444707159812634,1046.045921125837,64.0,0.0,498.36078039970533,637.9017989116228,64.0,50282.0,0.998742816091954,1.0,sustained_overload,contiguous
1779703954.7154825,40456,64,50410,43766,4.696918752244983e-05,34.609741092127294,63.07128143310547,65.91706705093384,0.0,34.625900805333934,0.03535204700061253,0.00028827502613975887,7.421164203890793e-05,5.337479416440884e-05,1.0,0,1.0,65.94692492485046,0.12695893671890499,505135.00610410183,53.527437988447154,0.0,18.761791229248047,65.99196195602417,47.307532787323,1418.8219899069047,26.444707159812634,1046.045921125837,64.0,0.0,541.1087151283773,641.3140327447434,64.0,50346.0,0.9987444196428571,1.0,sustained_overload,contiguous
1779703954.813885,40510,64,50474,43702,4.290265627560075e-05,34.6616910587599,63.167128801345825,66.01544857025146,0.0,34.677928424631716,0.03535204700061253,0.00028827502613975887,7.421164203890793e-05,5.337832462361595e-05,1.0,0,1.0,66.04532742500305,0.12679795538296945,512934.121813292,53.59539585457017,0.0,18.761791229248047,66.09036445617676,47.307532787323,1418.8219899069047,26.444707159812634,1046.045921125837,64.0,0.0,548.7665447144623,650.3899789208441,64.0,50410.0,0.9987460191082802,1.0,sustained_overload,contiguous
1779703954.9133115,40568,64,50538,43638,4.911120308292993e-05,34.710821886906125,63.26248216629028,66.11442542076111,0.0,34.72718451194463,0.03535204700061253,0.00028827502613975887,7.421164203890793e-05,5.338894589143843e-05,1.0,0,1.0,66.14475393295288,0.12663738177213188,508295.03159762605,53.66335372069317,0.0,18.761791229248047,66.18979096412659,47.307532787323,1418.8219899069047,26.444707159812634,1046.045921125837,64.0,0.0,583.3454397218392,643.6915196930639,64.0,50474.0,0.9987476145038168,1.0,sustained_overload,contiguous
1779703955.014378,40626,64,50602,43574,5.84560312688609e-05,34.76197714693857,63.359986543655396,66.21543431282043,0.0,34.7781740249413,0.03535204700061253,0.00028827502613975887,7.421164203890793e-05,5.337966352628812e-05,1.0,0,1.0,66.24582052230835,0.1264772143393542,500679.8025213256,53.731311586816176,0.0,18.761791229248047,66.29085755348206,47.307532787323,1418.8219899069047,26.444707159812634,1046.045921125837,64.0,0.0,573.8790669585567,633.2458669887521,64.0,50538.0,0.998749205844981,1.0,sustained_overload,contiguous
1779703955.114268,40679,64,50666,43510,4.259954685892353e-05,34.81574274764772,63.45451903343201,66.3147931098938,0.0,34.83219554721426,0.03535204700061253,0.00028827502613975887,7.421164203890793e-05,5.3351229334101044e-05,1.0,0,1.0,66.34571051597595,0.12631745154541507,507217.9718881349,53.79926945293918,0.0,18.761791229248047,66.39074754714966,47.307532787323,1418.8219899069047,26.444707159812634,1046.045921125837,64.0,0.0,530.5836756418732,640.7048158694319,64.0,50602.0,0.9987507931472082,1.0,sustained_overload,contiguous
1779703955.2159479,40734,64,50730,43446,5.140235941780702e-05,34.87011141409461,63.55251359939575,66.41648054122925,0.0,34.886430654242716,0.03535204700061253,0.00028827502613975887,7.421164203890793e-05,5.334010741248645e-05,1.0,0,1.0,66.44739031791687,0.12615809185886065,498919.14649358933,53.86722731906218,0.0,18.761791229248047,66.49242734909058,47.307532787323,1418.8219899069047,26.444707159812634,1046.045921125837,64.0,0.0,540.913720818991,629.4268751348259,64.0,50666.0,0.9987523764258555,1.0,sustained_overload,contiguous
1779703955.32889,40790,64,50009,44167,5.552645306750037e-05,34.933509497051226,63.661348819732666,66.52580165863037,0.0,34.95027481993033,0.03539321408469296,0.0002868979640260956,7.421164203890793e-05,5.333674860331653e-05,1.0,0,1.0,66.56033253669739,0.12797696414645365,458809.8282423572,53.101639483520216,0.0,18.761791229248047,66.6053695678711,26.43437147140503,1805.4739921762016,26.444608724684944,1053.2785694215547,0.0,721.0,495.82875743592126,6383.795251987486,577.0,51242.0,0.9987539556962025,1.0,sustained_overload,contiguous
1779703955.4305072,40846,64,50073,44103,5.192165617984301e-05,34.98770960514013,63.76007127761841,66.62820482254028,0.0,35.004493961016394,0.03539321408469296,0.0002868979640260956,7.39710671561105e-05,5.333026722884936e-05,1.0,0,1.0,66.661949634552,0.12781339244702733,492761.5633310106,53.16959734964322,0.0,18.761791229248047,66.70698666572571,26.43437147140503,1805.4739921762016,26.444608724684944,1053.2785694215547,64.0,0.0,551.0883619223252,629.8152707683716,64.0,50009.0,0.9987555309734514,1.0,sustained_overload,contiguous
1779703955.5350962,40899,64,50137,44039,4.988889062929047e-05,35.04538679578073,63.85925841331482,66.73154354095459,0.0,35.06219211662867,0.03539321408469296,0.0002868979640260956,7.39710671561105e-05,5.3233895446119505e-05,1.0,0,1.0,66.76653861999512,0.12765023834692943,479371.70236027334,53.23755521576623,0.0,18.761791229248047,66.81157565116882,26.43437147140503,1805.4739921762016,26.444608724684944,1053.2785694215547,64.0,0.0,506.7455217722339,611.919120630622,64.0,50073.0,0.9987571022727273,1.0,sustained_overload,contiguous
1779703955.6348886,40950,64,50201,43975,4.7600265617120385e-05,35.102024614360126,63.95463013648987,66.83213782310486,0.0,35.1182139137713,0.03539321408469296,0.0002868979640260956,7.39710671561105e-05,5.31996958673085e-05,1.0,0,1.0,66.86633110046387,0.12748750024899902,503053.9351681957,53.30551308188923,0.0,18.761791229248047,66.91136813163757,26.43437147140503,1805.4739921762016,26.444608724684944,1053.2785694215547,64.0,0.0,511.0605504587156,641.3308868501529,64.0,50137.0,0.9987586696090794,1.0,sustained_overload,contiguous
1779703955.7371554,41005,64,50265,43911,6.406789067625596e-05,35.157845726568844,64.05294942855835,66.93535685539246,0.0,35.17418094155092,0.03539321408469296,0.0002868979640260956,7.39710671561105e-05,5.326216581931424e-05,1.0,0,1.0,66.96859788894653,0.1273251765642097,491508.5410012636,53.37347094801223,0.0,18.761791229248047,67.01363492012024,26.43437147140503,1805.4739921762016,26.444608724684944,1053.2785694215547,64.0,0.0,537.8090073623694,625.8141176580299,64.0,50201.0,0.9987602329974811,1.0,sustained_overload,contiguous
1779703955.835643,41060,64,50329,43847,4.2633265564973044e-05,35.20817766282331,64.14811539649963,67.03307127952576,0.0,35.22480529295054,0.03539321408469296,0.0002868979640260956,7.39710671561105e-05,5.3228179828771156e-05,1.0,0,1.0,67.06708550453186,0.12716326571161754,511018.56513518945,53.441428814135236,0.0,18.761791229248047,67.11212253570557,26.43437147140503,1805.4739921762016,26.444608724684944,1053.2785694215547,64.0,0.0,558.4458479690719,649.8278958185564,64.0,50265.0,0.9987617924528301,1.0,sustained_overload,contiguous
1779703955.9373755,41116,64,50393,43783,4.61838749998833e-05,35.25980113174893,64.24305748939514,67.13294315338135,0.0,35.27685998292122,0.03539321408469296,0.0002868979640260956,7.39710671561105e-05,5.3211210395465274e-05,1.0,0,1.0,67.16881799697876,0.1270017661183101,495348.1310438086,53.509386680258245,0.0,18.761791229248047,67.21385502815247,26.43437147140503,1805.4739921762016,26.444608724684944,1053.2785694215547,64.0,0.0,550.4632655022182,629.1008748596779,64.0,50329.0,0.9987633479899497,1.0,sustained_overload,contiguous
1779703956.0401452,41171,64,50457,43719,5.5013906205658714e-05,35.316631147016,64.34226131439209,67.23719525337219,0.0,35.33253239331616,0.03539321408469296,0.0002868979640260956,7.39710671561105e-05,5.326156702081822e-05,1.0,0,1.0,67.27158761024475,0.1268406762193551,490971.97504680464,53.57734454638125,0.0,18.761791229248047,67.31662464141846,26.43437147140503,1805.4739921762016,26.444608724684944,1053.2785694215547,64.0,0.0,535.1776488410776,622.7521731968903,64.0,50393.0,0.9987648996235885,1.0,sustained_overload,contiguous
1779703956.143487,41227,64,50521,43655,6.201967188701474e-05,35.37071722729769,64.44213962554932,67.33956146240234,0.0,35.38745725835307,0.03539321408469296,0.0002868979640260956,7.39710671561105e-05,5.32755428440229e-05,1.0,0,1.0,67.37492942810059,0.12667999445775024,488872.7627230088,53.64530241250425,0.0,18.761791229248047,67.41996645927429,26.43437147140503,1805.4739921762016,26.444608724684944,1053.2785694215547,64.0,0.0,541.8909901325883,619.303988722958,64.0,50457.0,0.998766447368421,1.0,sustained_overload,contiguous
1779703956.245538,41284,64,50585,43591,4.786598438499823e-05,35.424820042144226,64.54130911827087,67.44280886650085,0.0,35.44154539226752,0.03539321408469296,0.0002868979640260956,7.39710671561105e-05,5.326121640342571e-05,1.0,0,1.0,67.47698044776917,0.12651971928437283,495683.4352491514,53.71326027862725,0.0,18.761791229248047,67.52201747894287,26.43437147140503,1805.4739921762016,26.444608724684944,1053.2785694215547,64.0,0.0,558.5441496333227,627.1372908163623,64.0,50521.0,0.9987679912390488,1.0,sustained_overload,contiguous
1779703956.3495488,41339,64,50649,43527,6.16973594560477e-05,35.48064049825373,64.63933682441711,67.54607367515564,0.0,35.49765567479723,0.03539321408469296,0.0002868979640260956,7.39710671561105e-05,5.329473376900935e-05,1.0,0,1.0,67.58099126815796,0.12635984915793005,486958.95110406115,53.781218144750255,0.0,18.761791229248047,67.62602829933167,26.43437147140503,1805.4739921762016,26.444608724684944,1053.2785694215547,64.0,0.0,528.7911372529244,615.3205960761302,64.0,50585.0,0.99876953125,1.0,sustained_overload,contiguous
1779703956.4516785,41394,64,50713,43463,4.779228125073587e-05,35.53573633635941,64.7383017539978,67.64862203598022,0.0,35.55169589392278,0.03539321408469296,0.0002868979640260956,7.39710671561105e-05,5.3304792345053646e-05,1.0,0,1.0,67.68312096595764,0.1262003825449096,496554.8816120907,53.84917601087326,0.0,18.761791229248047,67.72815799713135,26.43437147140503,1805.4739921762016,26.444608724684944,1053.2785694215547,64.0,0.0,538.5309188702106,626.6541601398814,64.0,50649.0,0.9987710674157303,1.0,sustained_overload,contiguous
1779703956.5694423,41450,64,50123,44053,5.3386203134664356e-05,35.60162373029057,64.84877848625183,67.76257014274597,0.0,35.62023549969826,0.03544335786034079,0.00028557637158562154,7.39710671561105e-05,5.333836030359495e-05,1.0,0,1.0,67.80088472366333,0.12768589270394828,435532.97720154596,53.22268943255182,0.0,18.761791229248047,67.84592175483704,37.958130836486816,1702.5722518382022,26.553226857815147,1059.4039815198248,0.0,590.0,475.52830421693454,5010.0303479998465,321.0,50969.0,0.9987725997506235,1.0,sustained_overload,contiguous
1779703956.676261,41507,64,50187,43989,5.3078953115459626e-05,35.657852728719185,64.95163583755493,67.86800909042358,0.0,35.675861926494086,0.03544335786034079,0.00028557637158562154,7.372375921154698e-05,5.336479048971881e-05,1.0,0,1.0,67.9077033996582,0.1275230637416064,469833.57107336563,53.29064729867482,0.0,18.761791229248047,67.95274043083191,37.958130836486816,1702.5722518382022,26.553226857815147,1059.4039815198248,64.0,0.0,533.6145525969243,599.1461643193536,64.0,50123.0,0.9987741282689913,1.0,sustained_overload,contiguous
1779703956.8076098,41581,64,50251,43925,0.00017601409372502985,35.72316675851315,65.0717191696167,67.9971854686737,0.0,35.743206795098914,0.03544335786034079,0.00028557637158562154,7.372375921154698e-05,5.409830282205822e-05,1.0,0,1.0,68.0390522480011,0.12736064953931264,382576.6318773971,53.35860516479782,0.0,18.761791229248047,68.0840892791748,37.958130836486816,1702.5722518382022,26.553226857815147,1059.4039815198248,64.0,0.0,563.385221367284,487.25208334467806,64.0,50187.0,0.9987756529850746,1.0,sustained_overload,contiguous
1779703956.9217095,41635,64,50450,43726,5.295556252349343e-05,35.79292219205876,65.18604159355164,68.11282205581665,0.0,35.81241302114084,0.03550540985063065,0.00028287809948588527,7.372375921154698e-05,5.395504917440811e-05,1.0,0,1.0,68.15315198898315,0.12685827552031714,467915.1726417716,53.56991165477404,0.0,18.761791229248047,68.19818902015686,28.190343141555786,1862.8309254257435,26.628553595807816,1073.6170945024342,199.0,0.0,473.270136594723,1744.0880959694423,1602.0,51787.0,0.9987771739130434,1.0,sustained_overload,contiguous
1779703957.029289,41687,64,50514,43662,5.3083203198411866e-05,35.85308659838498,65.28862714767456,68.2179651260376,0.0,35.87240469667306,0.03550540985063065,0.00028287809948588527,7.333622112140789e-05,5.391750914865624e-05,1.0,0,1.0,68.26073145866394,0.12669754919428278,469550.5578330796,53.63786952089704,0.0,18.761791229248047,68.30576848983765,28.190343141555786,1862.8309254257435,26.628553595807816,1073.6170945024342,64.0,0.0,483.36360231460856,594.9090490025952,64.0,50450.0,0.9987786910669976,1.0,sustained_overload,contiguous
1779703957.1392305,41744,64,50578,43598,5.826975001355095e-05,35.91489837491361,65.3937087059021,68.32908296585083,0.0,35.93314065526905,0.03550540985063065,0.00028287809948588527,7.333622112140789e-05,5.385309099064769e-05,1.0,0,1.0,68.37067294120789,0.12653722962552888,460044.7331586891,53.705827387020044,0.0,18.761791229248047,68.41570997238159,28.190343141555786,1862.8309254257435,26.628553595807816,1073.6170945024342,64.0,0.0,518.4576256484099,582.127860377162,64.0,50514.0,0.9987802044609665,1.0,sustained_overload,contiguous
1779703957.2446232,41801,64,50642,43534,5.4801671836912647e-05,35.97247946906788,65.49694466590881,68.43596601486206,0.0,35.99042755426858,0.03550540985063065,0.00028287809948588527,7.333622112140789e-05,5.3731195782254704e-05,1.0,0,1.0,68.47606563568115,0.12637731527190868,480507.68844177906,53.773785253143046,0.0,18.761791229248047,68.52110266685486,28.190343141555786,1862.8309254257435,26.628553595807816,1073.6170945024342,64.0,0.0,540.8344504794717,607.2527163278279,64.0,50578.0,0.9987817141089109,1.0,sustained_overload,contiguous
1779703957.3474154,41855,64,50706,43470,6.58085781282125e-05,36.03023279840165,65.59793090820312,68.540452003479,0.0,36.04736313507546,0.03550540985063065,0.00028287809948588527,7.333622112140789e-05,5.3727521098924925e-05,1.0,0,1.0,68.57885789871216,0.12621780459906123,493286.1531096483,53.84174311926605,0.0,18.761791229248047,68.62389492988586,28.190343141555786,1862.8309254257435,26.628553595807816,1073.6170945024342,64.0,0.0,525.3313664639493,622.614952846162,64.0,50642.0,0.9987832200247219,1.0,sustained_overload,contiguous
1779703957.451103,41908,64,50770,43406,5.421003132255464e-05,36.086185973117786,65.69622707366943,68.64228439331055,0.0,36.10358994941284,0.03550540985063065,0.00028287809948588527,7.333622112140789e-05,5.372959346921664e-05,1.0,0,1.0,68.68254542350769,0.1260586960803624,489644.2469826189,53.909700985389065,0.0,18.761791229248047,68.7275824546814,28.190343141555786,1862.8309254257435,26.628553595807816,1073.6170945024342,64.0,0.0,511.15117372619267,617.2391531787987,64.0,50706.0,0.9987847222222223,1.0,sustained_overload,contiguous
1779703957.5578778,41965,64,50834,43342,5.870931258300516e-05,36.14224638150041,65.79820847511292,68.74767732620239,0.0,36.1599470283898,0.03550540985063065,0.00028287809948588527,7.333622112140789e-05,5.371056283794747e-05,1.0,0,1.0,68.78932023048401,0.12589998819687612,476086.0865922661,53.97765885151207,0.0,18.761791229248047,68.83435726165771,28.190343141555786,1862.8309254257435,26.628553595807816,1073.6170945024342,64.0,0.0,533.8337910799695,599.3923268266324,64.0,50770.0,0.9987862207151664,1.0,sustained_overload,contiguous
1779703957.6603334,42024,64,50898,43278,5.019576565246098e-05,36.19648448248386,65.89994645118713,68.85297155380249,0.0,36.213738347536086,0.03550540985063065,0.00028287809948588527,7.333622112140789e-05,5.3715972563458814e-05,1.0,0,1.0,68.89177584648132,0.125741679437306,496780.96710027225,54.04561671763507,0.0,18.761791229248047,68.93681287765503,28.190343141555786,1862.8309254257435,26.628553595807816,1073.6170945024342,64.0,0.0,575.85911153515,624.6607311567728,64.0,50834.0,0.9987877155172413,1.0,sustained_overload,contiguous
1779703957.761548,42075,64,50962,43214,4.9457781287287617e-05,36.253099038953245,65.99653363227844,68.9537672996521,0.0,36.26978582881047,0.03550540985063065,0.00028287809948588527,7.333622112140789e-05,5.367964748426817e-05,1.0,0,1.0,68.99299049377441,0.12558376829794748,503504.1998657323,54.11357458375807,0.0,18.761791229248047,69.03802752494812,28.190343141555786,1862.8309254257435,26.628553595807816,1073.6170945024342,64.0,0.0,503.87963959719684,632.3195477298157,64.0,50898.0,0.9987892066420664,1.0,sustained_overload,contiguous
1779703957.8641021,42129,64,51026,43150,6.538320312188262e-05,36.30919224875314,66.09478163719177,69.05663871765137,0.0,36.325797863428605,0.03550540985063065,0.00028287809948588527,7.333622112140789e-05,5.366342865581875e-05,1.0,0,1.0,69.0955445766449,0.12542625328264023,497552.10686678614,54.181532449881075,0.0,18.761791229248047,69.1405816078186,28.190343141555786,1862.8309254257435,26.628553595807816,1073.6170945024342,64.0,0.0,526.5514398699967,624.0609657718479,64.0,50962.0,0.9987906941031941,1.0,sustained_overload,contiguous
1779703957.964677,42181,64,51090,43086,4.3633499970496814e-05,36.364423024500425,66.19069647789001,69.15693259239197,0.0,36.382040570289156,0.03550540985063065,0.00028287809948588527,7.333622112140789e-05,5.3781924773912184e-05,1.0,0,1.0,69.19611954689026,0.1252691329027207,507979.2703429246,54.24949031600408,0.0,18.761791229248047,69.24115657806396,28.190343141555786,1862.8309254257435,26.628553595807816,1073.6170945024342,64.0,0.0,517.0272471683711,636.341227284149,64.0,51026.0,0.9987921779141105,1.0,sustained_overload,contiguous
1779703958.0719495,42239,64,51154,43022,5.956617177105272e-05,36.419055361307116,66.29195356369019,69.26180934906006,0.0,36.4380203011468,0.03550540985063065,0.00028287809948588527,7.333622112140789e-05,5.379971259231056e-05,1.0,0,1.0,69.30339193344116,0.1251124056769754,476860.83664901217,54.31744818212708,0.0,18.761791229248047,69.34842896461487,28.190343141555786,1862.8309254257435,26.628553595807816,1073.6170945024342,64.0,0.0,540.6796834195313,596.6120644629311,64.0,51090.0,0.9987936580882353,1.0,sustained_overload,contiguous
1779703958.1851761,42294,64,50915,43261,5.395450000378332e-05,36.48656684594913,66.40378522872925,69.37674307823181,0.0,36.503360103887196,0.03554509829923597,0.0002815902577659298,7.333622112140789e-05,5.392262607330294e-05,1.0,0,1.0,69.41661858558655,0.1256996955710498,461401.96685245744,54.063668025823986,0.0,18.761791229248047,69.46165561676025,29.55737614631653,1957.9276742351774,26.65542352746386,1081.7300356008998,0.0,239.0,485.75135763423157,2110.810444992388,577.0,51666.0,0.9987951346389229,1.0,sustained_overload,contiguous
1779703958.2864866,42350,64,50979,43197,5.5246718801527095e-05,36.54002814778682,66.49966287612915,69.47875022888184,0.0,36.5561569626993,0.03554509829923597,0.0002815902577659298,7.311503092447917e-05,5.39160453482579e-05,1.0,0,1.0,69.51792907714844,0.12554188979775988,503195.6632927538,54.13162589194699,0.0,18.761791229248047,69.56296610832214,29.55737614631653,1957.9276742351774,26.65542352746386,1081.7300356008998,64.0,0.0,552.7561769433338,631.7213450780957,64.0,50915.0,0.9987966075794621,1.0,sustained_overload,contiguous
1779703958.3903675,42408,64,51043,43133,5.983235941187104e-05,36.591600403493764,66.5978639125824,69.58059525489807,0.0,36.608974089299785,0.03554509829923597,0.0002815902577659298,7.311503092447917e-05,5.385395054719221e-05,1.0,0,1.0,69.62180995941162,0.12538447975236566,491360.8634039311,54.19958375806999,0.0,18.761791229248047,69.66684699058533,29.55737614631653,1957.9276742351774,26.65542352746386,1081.7300356008998,64.0,0.0,558.3318001964618,616.090262285751,64.0,50979.0,0.9987980769230769,1.0,sustained_overload,contiguous
1779703958.491571,42461,64,51107,43069,4.3151093677806784e-05,36.64828570039387,66.6981692314148,69.68326425552368,0.0,36.66502290942738,0.03554509829923597,0.0002815902577659298,7.311503092447917e-05,5.3858237693359886e-05,1.0,0,1.0,69.7230134010315,0.12522746394818712,504992.70757966256,54.26754162419301,0.0,18.761791229248047,69.7680504322052,29.55737614631653,1957.9276742351774,26.65542352746386,1081.7300356008998,64.0,0.0,523.6976050584483,632.389560825296,64.0,51043.0,0.9987995426829268,1.0,sustained_overload,contiguous
1779703958.591786,42515,64,51171,43005,5.235359375888038e-05,36.702545797890764,66.79432916641235,69.78437042236328,0.0,36.718666794010176,0.03554509829923597,0.0002815902577659298,7.311503092447917e-05,5.38285714877053e-05,1.0,0,1.0,69.82322835922241,0.12507084090598192,510612.39682917314,54.33549949031601,0.0,18.761791229248047,69.86826539039612,29.55737614631653,1957.9276742351774,26.65542352746386,1081.7300356008998,64.0,0.0,538.8417155962429,638.6272184844361,64.0,51107.0,0.9988010048721072,1.0,sustained_overload,contiguous
1779703958.6949608,42576,64,51235,42941,4.7186562497358864e-05,36.75072907548739,66.89156031608582,69.88542437553406,0.0,36.76765542466774,0.03554509829923597,0.0002815902577659298,7.311503092447917e-05,5.378828932840933e-05,1.0,0,1.0,69.92640328407288,0.1249146091538987,496583.83637552656,54.40345735643901,0.0,18.761791229248047,69.97144031524658,29.55737614631653,1957.9276742351774,26.65542352746386,1081.7300356008998,64.0,0.0,591.2289259082097,620.3057583299249,64.0,51171.0,0.9988024635036497,1.0,sustained_overload,contiguous
1779703958.8062937,42632,64,50660,43516,4.4106515574071636e-05,36.81347970492883,66.99941611289978,69.99655103683472,0.0,36.830792579399585,0.035573577058726345,0.00028026378017732465,7.311503092447917e-05,5.373802373235281e-05,1.0,0,1.0,70.03773617744446,0.12633241215949467,465379.08457182994,53.79289840299014,0.0,18.761791229248047,70.08277320861816,37.01159381866455,1596.8279318699686,26.74957053011114,1086.4127437488005,0.0,575.0,502.99599969162506,5164.691068262221,321.0,51491.0,0.9988039185905225,1.0,sustained_overload,contiguous
1779703958.9061296,42685,64,50724,43452,4.052426565692713e-05,36.86754106865592,67.09714841842651,70.09662079811096,0.0,36.883898593748526,0.035573577058726345,0.00028026378017732465,7.32800056194437e-05,5.373699336088655e-05,1.0,0,1.0,70.1375720500946,0.1261730147464711,508073.88820801355,53.86085626911316,0.0,18.761791229248047,70.18260908126831,37.01159381866455,1596.8279318699686,26.74957053011114,1086.4127437488005,64.0,0.0,530.8713050040359,641.052141891666,64.0,50660.0,0.9988053701456311,1.0,sustained_overload,contiguous
1779703959.0079777,42739,64,50788,43388,4.918710942547477e-05,36.92244859832153,67.1933183670044,70.19841074943542,0.0,36.93893289584373,0.035573577058726345,0.00028026378017732465,7.32800056194437e-05,5.359115617370117e-05,1.0,0,1.0,70.23942017555237,0.1260140190596204,498664.06251199724,53.92881413523616,0.0,18.761791229248047,70.28445720672607,37.01159381866455,1596.8279318699686,26.74957053011114,1086.4127437488005,64.0,0.0,530.2012163433852,628.3866267773454,64.0,50724.0,0.9988068181818182,1.0,sustained_overload,contiguous
1779703959.1153762,42800,64,50852,43324,6.233273425948482e-05,36.975937427357955,67.29605603218079,70.30483222007751,0.0,36.993715315125186,0.035573577058726345,0.00028026378017732465,7.32800056194437e-05,5.366650588370235e-05,1.0,0,1.0,70.34681868553162,0.12585542358215998,473488.87810292543,53.99677200135916,0.0,18.761791229248047,70.39185571670532,37.01159381866455,1596.8279318699686,26.74957053011114,1086.4127437488005,64.0,0.0,567.9780847219077,595.911433150854,64.0,50788.0,0.9988082627118644,1.0,sustained_overload,contiguous
1779703959.2169776,42857,64,50916,43260,5.902684380032497e-05,37.029642126134746,67.39562845230103,70.4080183506012,0.0,37.046612172966356,0.035573577058726345,0.00028026378017732465,7.32800056194437e-05,5.365822404732209e-05,1.0,0,1.0,70.44842004776001,0.12569722680493361,501135.0131855909,54.064729867482164,0.0,18.761791229248047,70.49345707893372,37.01159381866455,1596.8279318699686,26.74957053011114,1086.4127437488005,64.0,0.0,561.016100078142,629.9128141228261,64.0,50852.0,0.9988097037484885,1.0,sustained_overload,contiguous
1779703959.3187122,42912,64,50980,43196,5.332296869653419e-05,37.08339666516226,67.49371027946472,70.50953316688538,0.0,37.10072280803534,0.035573577058726345,0.00028026378017732465,7.32800056194437e-05,5.3636803801530855e-05,1.0,0,1.0,70.55015468597412,0.12553942722636327,501107.5961434805,54.13268773360517,0.0,18.761791229248047,70.59519171714783,37.01159381866455,1596.8279318699686,26.74957053011114,1086.4127437488005,64.0,0.0,540.6221613944964,629.0876059863232,64.0,50916.0,0.9988111413043478,1.0,sustained_overload,contiguous
1779703959.420207,42969,64,51044,43132,4.424954678938775e-05,37.135598327742024,67.59085369110107,70.61122179031372,0.0,37.15195709480473,0.035573577058726345,0.00028026378017732465,7.32800056194437e-05,5.363088018750871e-05,1.0,0,1.0,70.65164947509766,0.12538202335240187,502922.3710970167,54.20064559972817,0.0,18.761791229248047,70.69668650627136,37.01159381866455,1596.8279318699686,26.74957053011114,1086.4127437488005,64.0,0.0,561.6051867512333,630.5742447733145,64.0,50980.0,0.9988125753920386,1.0,sustained_overload,contiguous
1779703959.5211918,43022,64,51108,43068,4.534481250573208e-05,37.190205952488434,67.6890549659729,70.7118763923645,0.0,37.20757078585225,0.035573577058726345,0.00028026378017732465,7.32800056194437e-05,5.359683509886004e-05,1.0,0,1.0,70.7526342868805,0.1252250136964859,506095.9078668716,54.26860346585117,0.0,18.761791229248047,70.7976713180542,37.01159381866455,1596.8279318699686,26.74957053011114,1086.4127437488005,64.0,0.0,524.8313985470805,633.7586699436445,64.0,51044.0,0.9988140060240964,1.0,sustained_overload,contiguous
1779703959.6234279,43076,64,51172,43004,5.613970314755079e-05,37.24497433089659,67.78594851493835,70.8135678768158,0.0,37.262426505452176,0.035573577058726345,0.00028026378017732465,7.32800056194437e-05,5.3615334544966966e-05,1.0,0,1.0,70.85487031936646,0.12506839677948878,500528.0306336854,54.336561331974174,0.0,18.761791229248047,70.89990735054016,37.01159381866455,1596.8279318699686,26.74957053011114,1086.4127437488005,64.0,0.0,528.1895109477646,626.0023833454989,64.0,51108.0,0.9988154332129964,1.0,sustained_overload,contiguous
1779703959.7248435,43127,64,51236,42940,4.391523437163869e-05,37.30183690133479,67.883296251297,70.91477870941162,0.0,37.31907655501634,0.035573577058726345,0.00028026378017732465,7.32800056194437e-05,5.3581736741408055e-05,1.0,0,1.0,70.95628595352173,0.12491217112967445,505208.1015591206,54.40451919809718,0.0,18.761791229248047,71.00132298469543,37.01159381866455,1596.8279318699686,26.74957053011114,1086.4127437488005,64.0,0.0,502.88104417821745,631.0664083805082,64.0,51172.0,0.9988168569711539,1.0,sustained_overload,contiguous
1779703959.8262346,43179,64,51300,42876,4.184624999936659e-05,37.357454632056324,67.98144888877869,71.01561856269836,0.0,37.37453922359626,0.035573577058726345,0.00028026378017732465,7.32800056194437e-05,5.358492760298938e-05,1.0,0,1.0,71.05767703056335,0.12475633528265108,505961.68318577827,54.47247706422018,0.0,18.761791229248047,71.10271406173706,37.01159381866455,1596.8279318699686,26.74957053011114,1086.4127437488005,64.0,0.0,512.865643775058,631.2192538769943,64.0,51236.0,0.9988182773109243,1.0,sustained_overload,contiguous
1779703959.9288983,43235,64,51364,42812,4.98353280278252e-05,37.4118771086572,68.07641887664795,71.11872863769531,0.0,37.42959269981686,0.035573577058726345,0.00028026378017732465,7.32800056194437e-05,5.3573621462315864e-05,1.0,0,1.0,71.16034078598022,0.12460088778132544,500312.8883356595,54.54043493034318,0.0,18.761791229248047,71.20537781715393,37.01159381866455,1596.8279318699686,26.74957053011114,1086.4127437488005,64.0,0.0,545.4700129817953,623.3943005506231,64.0,51300.0,0.9988196942446043,1.0,sustained_overload,contiguous
1779703960.0317976,43288,64,51428,42748,5.6992437535541285e-05,37.46924790684471,68.17534017562866,71.22221612930298,0.0,37.486389133381884,0.035573577058726345,0.00028026378017732465,7.32800056194437e-05,5.3581018561999825e-05,1.0,0,1.0,71.26324009895325,0.1244458271758575,499789.53711268306,54.60839279646619,0.0,18.761791229248047,71.30827713012695,37.01159381866455,1596.8279318699686,26.74957053011114,1086.4127437488005,64.0,0.0,515.0666070423156,621.9672235982678,64.0,51364.0,0.9988211077844311,1.0,sustained_overload,contiguous
1779703960.1495068,43343,64,51169,43007,5.8254250021150256e-05,37.536985899317415,68.28928232192993,71.33761954307556,0.0,37.55378861814281,0.035621171678815566,0.00027899469648088725,7.32800056194437e-05,5.36006569260596e-05,1.0,0,1.0,71.38094925880432,0.12507572944556272,441809.2871089794,54.33337580699966,0.0,18.761791229248047,71.42598628997803,31.61579704284668,2048.43232397621,26.793410408604252,1095.0795868139123,0.0,259.0,467.2533562348595,2200.338532087793,321.0,51684.0,0.9988225179425837,1.0,sustained_overload,contiguous
1779703960.253186,43398,64,51233,42943,4.9568171931468896e-05,37.59362003522172,68.39028596878052,71.44213628768921,0.0,37.610370333356244,0.035621171678815566,0.00027899469648088725,7.304100141133347e-05,5.365064538776117e-05,1.0,0,1.0,71.48462843894958,0.12491948548786914,494149.35504136945,54.401333673122664,0.0,18.761791229248047,71.52966547012329,31.61579704284668,2048.43232397621,26.793410408604252,1095.0795868139123,64.0,0.0,530.4825898790881,617.2888318593025,64.0,51169.0,0.9988239247311828,1.0,sustained_overload,contiguous
1779703960.3587868,43457,64,51297,42879,5.151412509007969e-05,37.64663242565917,68.48970866203308,71.54648971557617,0.0,37.66467736093834,0.035621171678815566,0.00027899469648088725,7.304100141133347e-05,5.355277464295129e-05,1.0,0,1.0,71.59022927284241,0.12476363140144647,485763.2095222184,54.46929153924567,0.0,18.761791229248047,71.63526630401611,31.61579704284668,2048.43232397621,26.793410408604252,1095.0795868139123,64.0,0.0,558.7077092580635,606.0558202121367,64.0,51233.0,0.9988253281622912,1.0,sustained_overload,contiguous
1779703960.4640067,43514,64,51361,42815,5.176282812158206e-05,37.703603353838496,68.59271287918091,71.65308928489685,0.0,37.72103409214801,0.035621171678815566,0.00027899469648088725,7.304100141133347e-05,5.355248554505116e-05,1.0,0,1.0,71.69544911384583,0.12460816572886042,488130.3707570855,54.53724940536867,0.0,18.761791229248047,71.74048614501953,31.61579704284668,2048.43232397621,26.793410408604252,1095.0795868139123,64.0,0.0,541.7229246539957,608.2503013658899,64.0,51297.0,0.9988267282479142,1.0,sustained_overload,contiguous
1779703960.5682943,43569,64,51425,42751,5.582410935289772e-05,37.75927829385436,68.6922881603241,71.75666499137878,0.0,37.77691859336467,0.035621171678815566,0.00027899469648088725,7.304100141133347e-05,5.354602932101472e-05,1.0,0,1.0,71.79973673820496,0.12445308701993195,493107.406713091,54.60520727149167,0.0,18.761791229248047,71.84477376937866,31.61579704284668,2048.43232397621,26.793410408604252,1095.0795868139123,64.0,0.0,527.3876007626642,613.6873899783728,64.0,51361.0,0.998828125,1.0,sustained_overload,contiguous
1779703960.671081,43623,64,51489,42687,5.4112625022639804e-05,37.815539594567355,68.7930417060852,71.85997295379639,0.0,37.832353243062826,0.035621171678815566,0.00027899469648088725,7.304100141133347e-05,5.361139506602408e-05,1.0,0,1.0,71.90252351760864,0.1242983938316922,500930.1808920507,54.673165137614674,0.0,18.761791229248047,71.94756054878235,31.61579704284668,2048.43232397621,26.793410408604252,1095.0795868139123,64.0,0.0,525.3593926502891,622.6481690670093,64.0,51425.0,0.99882951843044,1.0,sustained_overload,contiguous
1779703960.7726886,43679,64,51553,42623,4.523876560824647e-05,37.8684957538806,68.88979005813599,71.96170449256897,0.0,37.88514391724191,0.035621171678815566,0.00027899469648088725,7.304100141133347e-05,5.357404325982226e-05,1.0,0,1.0,72.00413107872009,0.12414408472833784,507373.6583781704,54.74112300373768,0.0,18.761791229248047,72.0491681098938,31.61579704284668,2048.43232397621,26.793410408604252,1095.0795868139123,64.0,0.0,551.1400863029802,629.8743843462631,64.0,51489.0,0.9988309085510689,1.0,sustained_overload,contiguous
1779703960.8739936,43728,64,51617,42559,4.4524437484483315e-05,37.927480801209214,68.98786807060242,72.06342840194702,0.0,37.94398546632111,0.035621171678815566,0.00027899469648088725,7.304100141133347e-05,5.355699610915415e-05,1.0,0,1.0,72.10543608665466,0.12399015828118644,509520.7142507484,54.80908086986068,0.0,18.761791229248047,72.15047311782837,31.61579704284668,2048.43232397621,26.793410408604252,1095.0795868139123,64.0,0.0,483.6878353698718,631.7555400749346,64.0,51553.0,0.9988322953736655,1.0,sustained_overload,contiguous
1779703960.979703,43784,64,51681,42495,6.999926560524727e-05,37.98364803094052,69.09015345573425,72.16840982437134,0.0,38.00054853443323,0.035621171678815566,0.00027899469648088725,7.304100141133347e-05,5.356757192419687e-05,1.0,0,1.0,72.21114540100098,0.12383661306863258,488897.3154313372,54.87703873598369,0.0,18.761791229248047,72.25618243217468,31.61579704284668,2048.43232397621,26.793410408604252,1095.0795868139123,64.0,0.0,529.7546422119325,605.4338768136372,64.0,51617.0,0.9988336789099526,1.0,sustained_overload,contiguous
1779703961.092413,43842,64,51428,42748,4.39568906074328e-05,38.04437958455388,69.19645166397095,72.27939748764038,0.0,38.06254858807616,0.035656362771987915,0.0002777589993043379,7.304100141133347e-05,5.353684843531789e-05,1.0,0,1.0,72.32385540008545,0.1244458271758575,463650.0791809451,54.60839279646619,0.0,18.761791229248047,72.36889243125916,31.21334934234619,2058.409442836344,26.83287414908409,1103.6807462426839,0.0,253.0,514.5949824427804,2244.698802724542,321.0,51937.0,0.9988350591715977,1.0,sustained_overload,contiguous
1779703961.1963162,43893,64,51492,42684,4.929781253792953e-05,38.104128383427515,69.29665780067444,72.38366723060608,0.0,38.12177741271941,0.035656362771987915,0.0002777589993043379,7.279713948567708e-05,5.3520619837354555e-05,1.0,0,1.0,72.42775869369507,0.12429115202361532,495576.20563466894,54.67635066258919,0.0,18.761791229248047,72.47279572486877,31.21334934234619,2058.409442836344,26.83287414908409,1103.6807462426839,64.0,0.0,490.8410333132937,615.9573751382509,64.0,51428.0,0.9988364361702128,1.0,sustained_overload,contiguous
1779703961.299814,43946,64,51556,42620,4.560440625311912e-05,38.16107959416829,69.39485049247742,72.48687767982483,0.0,38.17881018586349,0.035656362771987915,0.0002777589993043379,7.279713948567708e-05,5.338774296554211e-05,1.0,0,1.0,72.53125643730164,0.12413686088913027,498136.4636893258,54.744308528712196,0.0,18.761791229248047,72.57629346847534,31.21334934234619,2058.409442836344,26.83287414908409,1103.6807462426839,64.0,0.0,512.0884586766674,618.3709689680512,64.0,51492.0,0.9988378099173554,1.0,sustained_overload,contiguous
1779703961.4032836,44000,64,51620,42556,4.6632250047196067e-05,38.21759070340532,69.49555492401123,72.59052729606628,0.0,38.234919680338926,0.035656362771987915,0.0002777589993043379,7.279713948567708e-05,5.338071121390883e-05,1.0,0,1.0,72.63472604751587,0.12398295234405268,498890.44612346566,54.812266394835206,0.0,18.761791229248047,72.67976307868958,31.21334934234619,2058.409442836344,26.83287414908409,1103.6807462426839,64.0,0.0,521.8923690559308,618.5391040662884,64.0,51556.0,0.9988391804245284,1.0,sustained_overload,contiguous
1779703961.508331,44054,64,51684,42492,6.348915626119833e-05,38.275139804595796,69.59627795219421,72.69523096084595,0.0,38.292461024098664,0.035656362771987915,0.0002777589993043379,7.279713948567708e-05,5.341950145821578e-05,1.0,0,1.0,72.7397735118866,0.1238294249671078,492006.16416213306,54.88022426095821,0.0,18.761791229248047,72.7848105430603,31.21334934234619,2058.409442836344,26.83287414908409,1103.6807462426839,64.0,0.0,514.0533407777104,609.2484038846939,64.0,51620.0,0.9988405477031802,1.0,sustained_overload,contiguous
1779703961.6102028,44107,64,51748,42428,4.154214069274076e-05,38.331314270760664,69.69465351104736,72.79769682884216,0.0,38.34831623224494,0.035656362771987915,0.0002777589993043379,7.279713948567708e-05,5.3387097985808116e-05,1.0,0,1.0,72.84164524078369,0.12367627734405195,507972.1386909317,54.94818212708121,0.0,18.761791229248047,72.8866822719574,31.21334934234619,2058.409442836344,26.83287414908409,1103.6807462426839,64.0,0.0,520.2621038613934,628.2410310779089,64.0,51684.0,0.9988419117647059,1.0,sustained_overload,contiguous
1779703961.7118714,44161,64,51812,42364,5.0155328111145536e-05,38.385670941148696,69.79279565811157,72.8992178440094,0.0,38.40298307765213,0.035656362771987915,0.0002777589993043379,7.279713948567708e-05,5.3416545803413856e-05,1.0,0,1.0,72.94331383705139,0.12352350806762913,509616.55714784877,55.01613999320421,0.0,18.761791229248047,72.9883508682251,31.21334934234619,2058.409442836344,26.83287414908409,1103.6807462426839,64.0,0.0,531.1374601633566,629.4962490824968,64.0,51748.0,0.9988432726204466,1.0,sustained_overload,contiguous
1779703961.8148797,44216,64,51876,42300,4.9045203169839624e-05,38.44044215415679,69.89156937599182,73.0020318031311,0.0,38.45767105616271,0.035656362771987915,0.0002777589993043379,7.279713948567708e-05,5.370905464447676e-05,1.0,0,1.0,73.04632210731506,0.12337111573752794,503610.0486612599,55.084097859327215,0.0,18.761791229248047,73.09135913848877,31.21334934234619,2058.409442836344,26.83287414908409,1103.6807462426839,64.0,0.0,533.9377106247454,621.3093359997038,64.0,51812.0,0.9988446302816901,1.0,sustained_overload,contiguous
1779703961.9188,44268,64,51940,42236,5.061750005097565e-05,38.49925509065419,69.98829674720764,73.1063072681427,0.0,38.51625399900979,0.035656362771987915,0.0002777589993043379,7.279713948567708e-05,5.3670555389700646e-05,1.0,0,1.0,73.15024256706238,0.12321909896033886,499805.3331008502,55.152055725450225,0.0,18.761791229248047,73.19527959823608,31.21334934234619,2058.409442836344,26.83287414908409,1103.6807462426839,64.0,0.0,500.3826977521027,615.8556280025879,64.0,51876.0,0.9988459847596718,1.0,sustained_overload,contiguous
1779703962.0208974,44322,64,52004,42172,4.588378121184178e-05,38.55432079027377,70.08792853355408,73.20857405662537,0.0,38.57178753020254,0.035656362771987915,0.0002777589993043379,7.279713948567708e-05,5.363778927777085e-05,1.0,0,1.0,73.2523398399353,0.12306745634951158,509357.3857229927,55.22001359157323,0.0,18.761791229248047,73.29737687110901,31.21334934234619,2058.409442836344,26.83287414908409,1103.6807462426839,64.0,0.0,528.9073692223984,626.8531783376574,64.0,51940.0,0.9988473360655737,1.0,sustained_overload,contiguous
1779703962.1229577,44375,64,52068,42108,4.933826571118516e-05,38.60914326343993,70.18556642532349,73.30973696708679,0.0,38.6264590902924,0.035656362771987915,0.0002777589993043379,7.279713948567708e-05,5.3605997966782596e-05,1.0,0,1.0,73.35440015792847,0.12291618652531305,510168.8983909249,55.28797145769623,0.0,18.761791229248047,73.39943718910217,31.21334934234619,2058.409442836344,26.83287414908409,1103.6807462426839,64.0,0.0,519.3007531443309,627.080154740324,64.0,52004.0,0.9988486842105263,1.0,sustained_overload,contiguous
1779703962.2419224,44433,64,51677,42499,5.4259546885759846e-05,38.674173620858284,70.29844856262207,73.42498517036438,0.0,38.693479489015694,0.03569907791870462,0.00027671506849385926,7.279713948567708e-05,5.3600540198099836e-05,1.0,0,1.0,73.47336483001709,0.12384619850223504,446830.13088457513,54.872791369351006,0.0,18.761791229248047,73.5184018611908,43.89821100234985,1890.0276551377228,26.98389482920149,1110.6395684452948,0.0,391.0,487.5396954550738,3286.6900159126526,577.0,52580.0,0.9988500292056075,1.0,sustained_overload,contiguous
1779703962.3470402,44488,64,51741,42435,4.6641890648402295e-05,38.73238131276413,70.40098261833191,73.53131818771362,0.0,38.749357191693484,0.03569907791870462,0.00027671506849385926,7.254368550068623e-05,5.356474730420919e-05,1.0,0,1.0,73.57848262786865,0.12369300941226494,492219.21556103934,54.94074923547401,0.0,18.761791229248047,73.62351965904236,43.89821100234985,1890.0276551377228,26.98389482920149,1110.6395684452948,64.0,0.0,523.2225286688924,608.840760632893,64.0,51677.0,0.9988513710618436,1.0,sustained_overload,contiguous
1779703962.463207,44545,64,51805,42371,5.833035937996556e-05,38.798107545139075,70.51369500160217,73.64667916297913,0.0,38.816067343571,0.035743332980723866,0.0002754712372683407,7.254368550068623e-05,5.358648103659316e-05,1.0,0,1.0,73.69464945793152,0.12354019882250748,472406.79607338493,55.00870710159701,0.0,22.87727665901184,73.73968648910522,48.87975335121155,1600.3779832125533,27.175963763605083,1114.9355194520253,64.0,0.0,490.6736283425588,550.9317932267327,1601.0,53277.0,0.9988527097902098,1.0,sustained_overload,contiguous
1779703962.5807397,44604,64,50588,43588,7.602214058977097e-05,38.86309930947244,70.62744927406311,73.76202583312988,0.0,38.881163325368526,0.03579396508925454,0.0002742759342300159,7.254368550068623e-05,5.36143827402962e-05,1.0,0,1.0,73.81218218803406,0.12651221633588994,445680.1093133834,53.716445803601765,0.0,22.87727665901184,73.85721921920776,0.00022149085998535156,4.004310344827586,26.93965296123339,1105.2752480684844,0.0,1217.0,501.98782882458903,10354.562503042795,321.0,52061.0,0.9988540454016298,1.0,sustained_overload,contiguous
1779703962.682649,44658,64,50652,43524,5.6363874932685576e-05,38.91889842079201,70.7280740737915,73.86511874198914,0.0,38.93604365755787,0.03579396508925454,0.0002742759342300159,7.231443520360345e-05,5.357225032733444e-05,1.0,0,1.0,73.91409134864807,0.1263523651583353,497030.8821583481,53.78440366972477,0.0,22.87727665901184,73.95912837982178,0.00022149085998535156,4.004310344827586,26.93965296123339,1105.2752480684844,64.0,0.0,529.8836696784095,628.0102751744113,64.0,50588.0,0.9988553779069768,1.0,sustained_overload,contiguous
1779703962.7957022,44716,64,50519,43657,5.111504684407464e-05,38.980018419495714,70.83611392974854,73.97676181793213,0.0,38.99796559719409,0.03582727114359538,0.0002730780177646213,7.231443520360345e-05,5.354872115579498e-05,1.0,0,1.0,74.02714467048645,0.1266850096003484,457668.9933442996,53.6431787291879,0.0,22.87727665901184,74.07218170166016,43.82937788963318,1914.303123606896,27.08525403820235,1112.2496263058845,0.0,133.0,513.0322493567843,1176.4360200767642,577.0,51164.0,0.9988567073170732,1.0,sustained_overload,contiguous
1779703962.899829,44770,64,50583,43593,5.2139421924835005e-05,39.03684932230312,70.93649959564209,74.08091568946838,0.0,39.05404830789353,0.03582727114359538,0.0002730780177646213,7.210572560628255e-05,5.351044965821452e-05,1.0,0,1.0,74.13127136230469,0.12652472174445958,485783.2234629836,53.711136595310904,0.0,22.87727665901184,74.1763083934784,43.82937788963318,1914.303123606896,27.08525403820235,1112.2496263058845,64.0,0.0,518.5990168040867,614.6358717678064,64.0,50519.0,0.9988580336426914,1.0,sustained_overload,contiguous
1779703963.001972,44820,64,50647,43529,4.5885859336181056e-05,39.094273211065925,71.03389716148376,74.1821870803833,0.0,39.111996140381606,0.03582727114359538,0.0002730780177646213,7.210572560628255e-05,5.335834566914326e-05,1.0,0,1.0,74.2334144115448,0.12636483898355283,495843.82272494916,53.77909446143391,0.0,22.87727665901184,74.2784514427185,43.82937788963318,1914.303123606896,27.08525403820235,1112.2496263058845,64.0,0.0,489.50956890334,626.5722481962752,64.0,50583.0,0.9988593568945539,1.0,sustained_overload,contiguous
1779703963.105248,44875,64,50711,43465,4.721554685716001e-05,39.150248874102964,71.13460540771484,74.28638052940369,0.0,39.16823673817126,0.03582727114359538,0.0002730780177646213,7.210572560628255e-05,5.3313337393299425e-05,1.0,0,1.0,74.3366904258728,0.12620535978387332,491023.9839324424,53.84705232755691,0.0,22.87727665901184,74.38172745704651,43.82937788963318,1914.303123606896,27.08525403820235,1112.2496263058845,64.0,0.0,532.5534719544937,619.6985855470473,64.0,50647.0,0.9988606770833334,1.0,sustained_overload,contiguous
1779703963.2108572,44926,64,50775,43401,6.0074531319287416e-05,39.20914597667326,71.23108434677124,74.39003086090088,0.0,39.2279981808856,0.03582727114359538,0.0002730780177646213,7.210572560628255e-05,5.3344117995909785e-05,1.0,0,1.0,74.4422996044159,0.12604628261939932,480782.07500953815,53.91501019367991,0.0,22.87727665901184,74.4873366355896,43.82937788963318,1914.303123606896,27.08525403820235,1112.2496263058845,64.0,0.0,482.91257164916686,606.0079330499349,64.0,50711.0,0.9988619942196532,1.0,sustained_overload,contiguous
1779703963.3154247,44984,64,50839,43337,4.8140828070586394e-05,39.26370639966151,71.33118033409119,74.4954469203949,0.0,39.281524273467,0.03582727114359538,0.0002730780177646213,7.210572560628255e-05,5.337356473190365e-05,1.0,0,1.0,74.54686713218689,0.1258876059717933,486183.436519011,53.98296805980293,0.0,22.87727665901184,74.5919041633606,43.82937788963318,1914.303123606896,27.08525403820235,1112.2496263058845,64.0,0.0,554.6654992840662,612.0446888651765,64.0,50775.0,0.9988633083140878,1.0,sustained_overload,contiguous
1779703963.4194171,45041,64,50903,43273,4.2534484435918785e-05,39.31795725872852,71.42969369888306,74.599684715271,0.0,39.335414199081114,0.03582727114359538,0.0002730780177646213,7.210572560628255e-05,5.3359223138302833e-05,1.0,0,1.0,74.65085959434509,0.1257293283303538,489487.4007556583,54.05092592592593,0.0,22.87727665901184,74.6958966255188,43.82937788963318,1914.303123606896,27.08525403820235,1112.2496263058845,64.0,0.0,548.1166501595686,615.4292212317963,64.0,50839.0,0.9988646193771626,1.0,sustained_overload,contiguous
1779703963.5228522,45102,64,50967,43209,5.3782250006406684e-05,39.368253347909594,71.52968573570251,74.70344519615173,0.0,39.38654436836941,0.03582727114359538,0.0002730780177646213,7.210572560628255e-05,5.341933583038449e-05,1.0,0,1.0,74.75429463386536,0.12557144819196733,492744.0472434411,54.11888379204893,0.0,22.87727665901184,74.79933166503906,43.82937788963318,1914.303123606896,27.08525403820235,1112.2496263058845,64.0,0.0,589.742124940646,618.7458360033007,64.0,50903.0,0.9988659274193549,1.0,sustained_overload,contiguous
1779703963.625607,45157,64,51031,43145,5.3806906308295765e-05,39.423248821524176,71.62944769859314,74.80668878555298,0.0,39.44118767052961,0.03582727114359538,0.0002730780177646213,7.210572560628255e-05,5.339055629014077e-05,1.0,0,1.0,74.85704946517944,0.12541396406106092,496628.71660034574,54.186841658171936,0.0,22.87727665901184,74.90208649635315,43.82937788963318,1914.303123606896,27.08525403820235,1112.2496263058845,64.0,0.0,535.2546376324002,622.8417601540657,64.0,50967.0,0.9988672324510932,1.0,sustained_overload,contiguous
1779703963.7272024,45210,64,51095,43081,4.230487506617919e-05,39.47806296666358,71.72706389427185,74.90801215171814,0.0,39.49594984853041,0.03582727114359538,0.0002730780177646213,7.210572560628255e-05,5.33550871647012e-05,1.0,0,1.0,74.95864486694336,0.12525687444955474,502926.30486104917,54.25479952429494,0.0,22.87727665901184,75.00368189811707,43.82937788963318,1914.303123606896,27.08525403820235,1112.2496263058845,64.0,0.0,521.6771534912536,629.9497702535893,64.0,51031.0,0.9988685344827586,1.0,sustained_overload,contiguous
1779703963.8430054,45265,64,50972,43204,4.8983390655621406e-05,39.544455422495986,71.83883595466614,75.02243542671204,0.0,39.56207889923968,0.03586859992854503,0.00027185382105368935,7.210572560628255e-05,5.333912991116583e-05,1.0,0,1.0,75.07444787025452,0.12555913050302125,450627.3456465032,54.124193000339794,0.0,22.87727665901184,75.11948490142822,43.12256360054016,1970.1278434066376,27.222325060102676,1119.581918759737,0.0,123.0,474.94450426486424,1062.1486186286963,577.0,51607.0,0.9988698335246843,1.0,sustained_overload,contiguous
1779703963.9467237,45317,64,51036,43140,4.62783906129971e-05,39.601771873680335,71.93954110145569,75.12543058395386,0.0,39.619719016421236,0.03586859992854503,0.00027185382105368935,7.186188603079082e-05,5.33802722757542e-05,1.0,0,1.0,75.17816615104675,0.12540167724743317,492063.69031736034,54.192150866462796,0.0,22.87727665901184,75.22320318222046,43.12256360054016,1970.1278434066376,27.222325060102676,1119.581918759737,64.0,0.0,501.3580981366631,617.0561207835854,64.0,50972.0,0.998871129587156,1.0,sustained_overload,contiguous
1779703964.048633,45370,64,51100,43076,4.305284377892349e-05,39.657127767474805,72.03643941879272,75.22734332084656,0.0,39.6751798220774,0.03586859992854503,0.00027185382105368935,7.186188603079082e-05,5.3204226412033965e-05,1.0,0,1.0,75.28007555007935,0.12524461839530332,501425.7809886323,54.2601087325858,0.0,22.87727665901184,75.32511258125305,43.12256360054016,1970.1278434066376,27.222325060102676,1119.581918759737,64.0,0.0,520.0697924148241,628.0088059348819,64.0,51036.0,0.9988724226804123,1.0,sustained_overload,contiguous
1779703964.1657124,45422,64,50798,43378,5.9544078112594434e-05,39.72772493018737,72.14978265762329,75.34337186813354,0.0,39.74545249498899,0.03591327483837421,0.0002709090054690183,7.186188603079082e-05,5.3289490944078574e-05,1.0,0,1.0,75.39715480804443,0.12598921217370762,441384.7584805301,53.939432551817866,0.0,22.87727665901184,75.44219183921814,36.10262942314148,2015.8972025765536,27.297581876738597,1127.1778109954728,0.0,302.0,444.14357336895654,2579.449214565863,321.0,51356.0,0.9988737128146453,1.0,sustained_overload,contiguous
1779703964.2742553,45481,64,50862,43314,5.2087859344851495e-05,39.784257438392046,72.25314617156982,75.45175313949585,0.0,39.801850088540775,0.03591327483837421,0.0002709090054690183,7.188790722897178e-05,5.32686922823895e-05,1.0,0,1.0,75.50569772720337,0.12583067909244622,468588.83466663153,54.00739041794088,0.0,22.87727665901184,75.55073475837708,36.10262942314148,2015.8972025765536,27.297581876738597,1127.1778109954728,64.0,0.0,543.5637852489335,589.6285128124025,64.0,50798.0,0.998875,1.0,sustained_overload,contiguous
1779703964.379192,45537,64,50926,43250,4.5555640582506385e-05,39.83877885164078,72.35433983802795,75.55549764633179,0.0,39.85746793752476,0.03591327483837421,0.0002709090054690183,7.188790722897178e-05,5.3278389866558295e-05,1.0,0,1.0,75.6106345653534,0.12567254447629894,485301.45273857913,54.075348284063885,0.0,22.87727665901184,75.6556715965271,36.10262942314148,2015.8972025765536,27.297581876738597,1127.1778109954728,64.0,0.0,533.6543485323888,609.8906840370157,64.0,50862.0,0.9988762842465754,1.0,sustained_overload,contiguous
1779703964.4819543,45595,64,50990,43186,5.743862497809005e-05,39.892425972061694,72.45516705513,75.66011929512024,0.0,39.91010857653337,0.03591327483837421,0.0002709090054690183,7.188790722897178e-05,5.325032620889473e-05,1.0,0,1.0,75.71339678764343,0.12551480682486763,496194.01822670153,54.14330615018689,0.0,22.87727665901184,75.75843381881714,36.10262942314148,2015.8972025765536,27.297581876738597,1127.1778109954728,64.0,0.0,564.4097481299998,622.796963453793,64.0,50926.0,0.9988775655644242,1.0,sustained_overload,contiguous
1779703964.5868585,45654,64,51054,43122,6.187865621143374e-05,39.94483761859092,72.5555694103241,75.76437783241272,0.0,39.962418327209,0.03591327483837421,0.0002709090054690183,7.188790722897178e-05,5.339141171053396e-05,1.0,0,1.0,75.81830096244812,0.12535746464527756,486672.7191272727,54.21126401630989,0.0,22.87727665901184,75.86333799362183,36.10262942314148,2015.8972025765536,27.297581876738597,1127.1778109954728,64.0,0.0,562.4180363636364,610.0805818181818,64.0,50990.0,0.9988788439635535,1.0,sustained_overload,contiguous
1779703964.689957,45708,64,51118,43058,4.887473443204726e-05,40.000293871716856,72.65437722206116,75.86732053756714,0.0,40.01840210495513,0.03591327483837421,0.0002709090054690183,7.188790722897178e-05,5.334710283748125e-05,1.0,0,1.0,75.92139935493469,0.12520051645213037,495817.62399115687,54.27922188243289,0.0,22.87727665901184,75.9664363861084,36.10262942314148,2015.8972025765536,27.297581876738597,1127.1778109954728,64.0,0.0,523.7715031011086,620.7662258976102,64.0,51054.0,0.998880119453925,1.0,sustained_overload,contiguous
1779703964.7943456,45764,64,51182,42994,4.928064056741732e-05,40.055222249283254,72.75149369239807,75.9714937210083,0.0,40.073120964990245,0.03591327483837421,0.0002709090054690183,7.188790722897178e-05,5.330340421186888e-05,1.0,0,1.0,76.02578806877136,0.1250439607674573,490302.04625455075,54.347179748555895,0.0,22.87727665901184,76.07082509994507,36.10262942314148,2015.8972025765536,27.297581876738597,1127.1778109954728,64.0,0.0,536.4564610655083,613.0930983605808,64.0,51118.0,0.9988813920454546,1.0,sustained_overload,contiguous
1779703964.900411,45826,64,51246,42930,4.8343156265673315e-05,40.10816992418991,72.85390162467957,76.07893371582031,0.0,40.12543038018062,0.03591327483837421,0.0002709090054690183,7.188790722897178e-05,5.328061328689413e-05,1.0,0,1.0,76.13185334205627,0.12488779612067284,483155.3100546227,54.4151376146789,0.0,22.87727665901184,76.17689037322998,36.10262942314148,2015.8972025765536,27.297581876738597,1127.1778109954728,64.0,0.0,584.5457054869962,603.4020185672218,64.0,51182.0,0.9988826617480137,1.0,sustained_overload,contiguous
1779703965.012542,45886,64,51310,42866,7.537229689091873e-05,40.16656178408865,72.96113538742065,76.19008803367615,0.0,40.1854654074802,0.03591327483837421,0.0002709090054690183,7.188790722897178e-05,5.329122461012986e-05,1.0,0,1.0,76.24398446083069,0.12473202104852855,457589.29867832415,54.4830954808019,0.0,22.87727665901184,76.2890214920044,36.10262942314148,2015.8972025765536,27.297581876738597,1127.1778109954728,64.0,0.0,535.0878565718076,570.7603803432615,64.0,51246.0,0.9988839285714286,1.0,sustained_overload,contiguous
1779703965.1156387,45936,64,51374,42802,4.1104593861973626e-05,40.22454856121249,73.06061816215515,76.29209542274475,0.0,40.24296249919121,0.03591327483837421,0.0002709090054690183,7.188790722897178e-05,5.3275455688399884e-05,1.0,0,1.0,76.3470811843872,0.12457663409506754,498308.75538771425,54.5510533469249,0.0,22.87727665901184,76.39211821556091,36.10262942314148,2015.8972025765536,27.297581876738597,1127.1778109954728,64.0,0.0,484.98146473674836,620.7762748630379,64.0,51310.0,0.9988851925254814,1.0,sustained_overload,contiguous
1779703965.230711,45989,64,50805,43371,4.4431515618725825e-05,40.2910876539879,73.17272901535034,76.40367889404297,0.0,40.30942698056427,0.035968637984731926,0.00026846450308094853,7.188790722897178e-05,5.324119994198684e-05,1.0,0,1.0,76.46215343475342,0.12597185316405865,473719.7702010575,53.946865443425075,0.0,22.87727665901184,76.50719046592712,39.55829119682312,1985.6680754019108,27.566154605150224,1140.3176303599944,0.0,569.0,460.58019923422455,4944.719497439128,1602.0,52910.0,0.9988864536199095,1.0,sustained_overload,contiguous
1779703965.3365853,46045,64,50869,43307,4.879093741294582e-05,40.34831308226734,73.27673673629761,76.51021480560303,0.0,40.36647531989434,0.035968637984731926,0.00026846450308094853,7.147603220753856e-05,5.325402630792645e-05,1.0,0,1.0,76.56802773475647,0.12581336373822957,480465.9865381281,54.01482330954808,0.0,22.87727665901184,76.61306476593018,39.55829119682312,1985.6680754019108,27.566154605150224,1140.3176303599944,64.0,0.0,528.9291168714772,604.4904192816882,64.0,50805.0,0.9988877118644067,1.0,sustained_overload,contiguous
1779703965.4407856,46104,64,50933,43243,5.2869562566115746e-05,40.40121583810551,73.3759400844574,76.61504578590393,0.0,40.41923082604406,0.035968637984731926,0.00026846450308094853,7.147603220753856e-05,5.3192043695605844e-05,1.0,0,1.0,76.67222809791565,0.12565527261304066,488798.6803097143,54.08278117567108,0.0,22.87727665901184,76.71726512908936,39.55829119682312,1985.6680754019108,27.566154605150224,1140.3176303599944,64.0,0.0,566.2168365946075,614.2013142721165,64.0,50869.0,0.998888967268623,1.0,sustained_overload,contiguous
1779703965.5442567,46162,64,50997,43179,5.111781246114333e-05,40.45308294498642,73.47376132011414,76.7179627418518,0.0,40.47139906798364,0.035968637984731926,0.00026846450308094853,7.147603220753856e-05,5.343676951847782e-05,1.0,0,1.0,76.77569913864136,0.12549757828891897,492862.54049757024,54.15073904179408,0.0,22.87727665901184,76.82073616981506,39.55829119682312,1985.6680754019108,27.566154605150224,1140.3176303599944,64.0,0.0,560.5433133097844,618.530552617693,64.0,50933.0,0.9988902198421646,1.0,sustained_overload,contiguous
1779703965.6483245,46215,64,51061,43115,5.8091796859116585e-05,40.51084012099259,73.5756151676178,76.82241582870483,0.0,40.52899601118744,0.035968637984731926,0.00026846450308094853,7.147603220753856e-05,5.3296363460520916e-05,1.0,0,1.0,76.87976694107056,0.12534027927380975,490651.2754964581,54.2186969079171,0.0,22.87727665901184,76.92480397224426,39.55829119682312,1985.6680754019108,27.566154605150224,1140.3176303599944,64.0,0.0,509.2833591451848,614.9836789677703,64.0,50997.0,0.9988914695945946,1.0,sustained_overload,contiguous
1779703965.7509623,46275,64,51125,43051,4.453523428082917e-05,40.56091105104296,73.66988325119019,76.92529511451721,0.0,40.57938833148534,0.035968637984731926,0.00026846450308094853,7.147603220753856e-05,5.327875401387353e-05,1.0,0,1.0,76.9824047088623,0.12518337408312957,498110.98877103976,54.2866547740401,0.0,22.87727665901184,77.02744174003601,39.55829119682312,1985.6680754019108,27.566154605150224,1140.3176303599944,64.0,0.0,584.5801335210247,623.5521424224263,64.0,51061.0,0.9988927165354331,1.0,sustained_overload,contiguous
1779703965.85739,46332,64,51189,42987,5.87382655936608e-05,40.61614640579249,73.77041673660278,77.03073120117188,0.0,40.63461938164,0.035968637984731926,0.00026846450308094853,7.147603220753856e-05,5.334169997768109e-05,1.0,0,1.0,77.08883237838745,0.12502686123971948,480974.5457021887,54.354612640163104,0.0,22.87727665901184,77.13386940956116,39.55829119682312,1985.6680754019108,27.566154605150224,1140.3176303599944,64.0,0.0,535.5750084007258,601.3473778534466,64.0,51125.0,0.9988939606741573,1.0,sustained_overload,contiguous
1779703965.9599402,46385,64,51253,42923,4.008731247040487e-05,40.67303796535775,73.87024521827698,77.13432884216309,0.0,40.69085510461731,0.035968637984731926,0.00026846450308094853,7.147603220753856e-05,5.33136912409935e-05,1.0,0,1.0,77.19138264656067,0.12487073927379862,499784.16354239563,54.42257050628611,0.0,22.87727665901184,77.23641967773438,39.55829119682312,1985.6680754019108,27.566154605150224,1140.3176303599944,64.0,0.0,516.8197113875669,624.08417978876,64.0,51189.0,0.998895202020202,1.0,sustained_overload,contiguous
1779703966.0655932,46440,64,51317,42859,5.039457802524794e-05,40.729028055437965,73.96959805488586,77.23878622055054,0.0,40.74719317525885,0.035968637984731926,0.00026846450308094853,7.147603220753856e-05,5.325992602864098e-05,1.0,0,1.0,77.29703569412231,0.12471500672291834,485712.4444996062,54.49052837240911,0.0,22.87727665901184,77.34207272529602,39.55829119682312,1985.6680754019108,27.566154605150224,1140.3176303599944,64.0,0.0,520.5718270257097,605.7563078117348,64.0,51253.0,0.9988964405829597,1.0,sustained_overload,contiguous
1779703966.169579,46492,64,51381,42795,4.197631255919987e-05,40.78702663822114,74.0708498954773,77.3426399230957,0.0,40.805743084976605,0.035968637984731926,0.00026846450308094853,7.147603220753856e-05,5.322027053761181e-05,1.0,0,1.0,77.4010214805603,0.12455966213191647,494115.6071425296,54.55848623853211,0.0,22.87727665901184,77.44605851173401,39.55829119682312,1985.6680754019108,27.566154605150224,1140.3176303599944,64.0,0.0,500.0683437732146,615.4687307978026,64.0,51317.0,0.9988976763717805,1.0,sustained_overload,contiguous
1779703966.2766352,46546,64,51445,42731,5.595965623683696e-05,40.844815454405484,74.17147326469421,77.44805407524109,0.0,40.86397903473626,0.035968637984731926,0.00026846450308094853,7.147603220753856e-05,5.3227152077477914e-05,1.0,0,1.0,77.50807762145996,0.124404704052872,480542.2609826602,54.626444104655114,0.0,22.87727665901184,77.55311465263367,39.55829119682312,1985.6680754019108,27.566154605150224,1140.3176303599944,64.0,0.0,504.40824362063665,597.8171776244583,64.0,51381.0,0.9988989093959731,1.0,sustained_overload,contiguous
1779703966.3844945,46602,64,51509,42667,5.391492184969593e-05,40.90290094166453,74.27505874633789,77.55553030967712,0.0,40.92094520646605,0.035968637984731926,0.00026846450308094853,7.147603220753856e-05,5.32215863598256e-05,1.0,0,1.0,77.61593699455261,0.12425013104506008,477557.01264602836,54.69440197077812,0.0,22.87727665901184,77.66097402572632,39.55829119682312,1985.6680754019108,27.566154605150224,1140.3176303599944,64.0,0.0,519.1945622741189,593.3652140275644,64.0,51445.0,0.9989001396648045,1.0,sustained_overload,contiguous
1779703966.489045,46658,64,51573,42603,5.0346249977906155e-05,40.96107015810383,74.37892365455627,77.6631007194519,0.0,40.9790271019933,0.035968637984731926,0.00026846450308094853,7.147603220753856e-05,5.320168981789383e-05,1.0,0,1.0,77.72048735618591,0.12409594167490741,493283.8030813015,54.76235983690112,0.0,22.87727665901184,77.76552438735962,39.55829119682312,1985.6680754019108,27.566154605150224,1140.3176303599944,64.0,0.0,535.6270329930949,612.145180563537,64.0,51509.0,0.9989013671875,1.0,sustained_overload,contiguous
1779703966.594554,46717,64,51637,42539,5.2369937549201495e-05,41.01387523541341,74.48012638092041,77.76792645454407,0.0,41.0318872926332,0.035968637984731926,0.00026846450308094853,7.147603220753856e-05,5.3197829080666844e-05,1.0,0,1.0,77.82599639892578,0.12394213451594786,489408.28822900687,54.83031770302412,0.0,22.87727665901184,77.87103343009949,39.55829119682312,1985.6680754019108,27.566154605150224,1140.3176303599944,64.0,0.0,559.1937758876659,606.5830789289935,64.0,51573.0,0.9989025919732442,1.0,sustained_overload,contiguous
1779703966.6987326,46772,64,51701,42475,4.4285453128622976e-05,41.06979871840135,74.581951379776,77.87237596511841,0.0,41.08791443929398,0.035968637984731926,0.00026846450308094853,7.147603220753856e-05,5.31866693032361e-05,1.0,0,1.0,77.93017506599426,0.12378870814877856,496272.4275020196,54.898275569147124,0.0,22.87727665901184,77.97521209716797,39.55829119682312,1985.6680754019108,27.566154605150224,1140.3176303599944,64.0,0.0,527.9391793700524,614.3292269033337,64.0,51637.0,0.9989038140311804,1.0,sustained_overload,contiguous
1779703966.8045058,46835,64,51765,42411,4.731209378405765e-05,41.12022734757255,74.68319058418274,77.97833442687988,0.0,41.1384626901782,0.035968637984731926,0.00026846450308094853,7.147603220753856e-05,5.316054130105499e-05,1.0,0,1.0,78.03594827651978,0.12363566116101612,489396.1310507275,54.96623343527013,0.0,22.87727665901184,78.08098530769348,39.55829119682312,1985.6680754019108,27.566154605150224,1140.3176303599944,64.0,0.0,595.6139525972343,605.0681423209999,64.0,51701.0,0.9989050333704116,1.0,sustained_overload,contiguous
1779703966.9093082,46893,64,51829,42347,5.4025578151595255e-05,41.17363183176841,74.78378510475159,78.08288788795471,0.0,41.19171314829472,0.035968637984731926,0.00026846450308094853,7.147603220753856e-05,5.313950257630531e-05,1.0,0,1.0,78.14075064659119,0.12348299214725347,494540.3425961103,55.03419130139313,0.0,22.87727665901184,78.18578767776489,39.55829119682312,1985.6680754019108,27.566154605150224,1140.3176303599944,64.0,0.0,553.4225987492407,610.6732124129553,64.0,51765.0,0.99890625,1.0,sustained_overload,contiguous
1779703967.0141268,46951,64,51893,42283,4.186137499573306e-05,41.22736339409758,74.88491010665894,78.18777370452881,0.0,41.244767975105674,0.035968637984731926,0.00026846450308094853,7.147603220753856e-05,5.310771426571209e-05,1.0,0,1.0,78.24556922912598,0.12333069970901663,495074.4299826449,55.10214916751613,0.0,22.87727665901184,78.29060626029968,39.55829119682312,1985.6680754019108,27.566154605150224,1140.3176303599944,64.0,0.0,553.3369999613321,610.5787585780216,64.0,51829.0,0.9989074639289678,1.0,sustained_overload,contiguous
1779703967.122051,47012,64,51957,42219,5.395109378980578e-05,41.28119582645024,74.98714900016785,78.29539489746094,0.0,41.29956518781117,0.035968637984731926,0.00026846450308094853,7.147603220753856e-05,5.313061281217276e-05,1.0,0,1.0,78.35349345207214,0.12317878245472218,481421.11735116545,55.17010703363915,0.0,22.87727665901184,78.39853048324585,39.55829119682312,1985.6680754019108,27.566154605150224,1140.3176303599944,64.0,0.0,565.2113893877839,593.0086708330848,64.0,51893.0,0.9989086751662971,1.0,sustained_overload,contiguous
1779703967.2279503,47065,64,52021,42155,4.191167197120649e-05,41.339015672041825,75.08788204193115,78.40000033378601,0.0,41.35667125517216,0.035968637984731926,0.00026846450308094853,7.147603220753856e-05,5.3129686083316995e-05,1.0,0,1.0,78.459392786026,0.12302723899963476,491230.6627222665,55.23806489976215,0.0,22.87727665901184,78.5044298171997,39.55829119682312,1985.6680754019108,27.566154605150224,1140.3176303599944,64.0,0.0,500.47529121470416,604.3475214668125,64.0,51957.0,0.9989098837209303,1.0,sustained_overload,contiguous
1779703967.335438,47121,64,52085,42091,5.276721870473011e-05,41.397769803978676,75.192209482193,78.50819230079651,0.0,41.41774942857924,0.035968637984731926,0.00026846450308094853,7.147603220753856e-05,5.312976071264586e-05,1.0,0,1.0,78.56688046455383,0.12287606796582509,484567.1681941992,55.30602276588515,0.0,22.87727665901184,78.61191749572754,39.55829119682312,1985.6680754019108,27.566154605150224,1140.3176303599944,64.0,0.0,520.9899475640809,595.4170829303782,64.0,52021.0,0.9989110896017699,1.0,sustained_overload,contiguous
1779703967.440532,47175,64,52149,42027,4.612657811264853e-05,41.45541735781229,75.29476380348206,78.61352968215942,0.0,41.47377830225543,0.035968637984731926,0.00026846450308094853,7.147603220753856e-05,5.311697885577055e-05,1.0,0,1.0,78.67197442054749,0.12272526798212814,496213.1219339558,55.373980632008156,0.0,22.87727665901184,78.71701145172119,39.55829119682312,1985.6680754019108,27.566154605150224,1140.3176303599944,64.0,0.0,513.8259330846922,608.9788836559316,64.0,52085.0,0.9989122928176796,1.0,sustained_overload,contiguous
1779703967.547122,47229,64,52213,41963,4.548301561158041e-05,41.5147150727347,75.39676690101624,78.7205331325531,0.0,41.53291560326074,0.035968637984731926,0.00026846450308094853,7.147603220753856e-05,5.3107657186815856e-05,1.0,0,1.0,78.778564453125,0.12257483768410166,489848.80422125343,55.44193849813116,0.0,22.87727665901184,78.8236014842987,39.55829119682312,1985.6680754019108,27.566154605150224,1140.3176303599944,64.0,0.0,506.613974066759,600.4313766717144,64.0,52149.0,0.9989134933774835,1.0,sustained_overload,contiguous
1779703967.6543822,47287,64,52277,41899,5.295128126192594e-05,41.56984673768137,75.49822187423706,78.82687973976135,0.0,41.5885465665098,0.035968637984731926,0.00026846450308094853,7.147603220753856e-05,5.312184194729925e-05,1.0,0,1.0,78.88582468032837,0.12242477571398512,487384.75913239474,55.50989636425416,0.0,22.87727665901184,78.93086171150208,39.55829119682312,1985.6680754019108,27.566154605150224,1140.3176303599944,64.0,0.0,540.7409765227326,596.6796982319809,64.0,52213.0,0.9989146912899669,1.0,sustained_overload,contiguous
1779703967.761526,47344,64,52341,41835,5.499660939278783e-05,41.627102526861336,75.6020200252533,78.934485912323,0.0,41.64558768067243,0.035968637984731926,0.00026846450308094853,7.147603220753856e-05,5.312124637076094e-05,1.0,0,1.0,78.99296855926514,0.12227508072065875,488511.3411928063,55.57785423037716,0.0,22.87727665901184,79.03800559043884,39.55829119682312,1985.6680754019108,27.566154605150224,1140.3176303599944,64.0,0.0,531.9949265010214,597.3276367730766,64.0,52277.0,0.9989158865638766,1.0,sustained_overload,contiguous
1779703967.8663657,47397,64,52405,41771,4.169918751983914e-05,41.685197742601495,75.70301723480225,79.03942680358887,0.0,41.70277920655121,0.035968637984731926,0.00026846450308094853,7.147603220753856e-05,5.309497069091282e-05,1.0,0,1.0,79.09780812263489,0.12212575135960309,499859.00661543815,55.645812096500165,0.0,22.87727665901184,79.1428451538086,39.55829119682312,1985.6680754019108,27.566154605150224,1140.3176303599944,64.0,0.0,505.5343450170446,610.4565675677519,64.0,52341.0,0.9989170792079208,1.0,sustained_overload,contiguous
1779703967.9714782,47454,64,52469,41707,5.3153937457750544e-05,41.74058500746695,75.80605506896973,79.14517760276794,0.0,41.75866750023762,0.035968637984731926,0.00026846450308094853,7.147603220753856e-05,5.313137924368285e-05,1.0,0,1.0,79.20292067527771,0.12197678629285863,499169.6869763243,55.713769962623175,0.0,22.87727665901184,79.24795770645142,39.55829119682312,1985.6680754019108,27.566154605150224,1140.3176303599944,64.0,0.0,542.275861130391,608.8711423218425,64.0,52405.0,0.9989182692307692,1.0,sustained_overload,contiguous
1779703968.0792792,47510,64,52533,41643,4.558510939034477e-05,41.79721930357237,75.9073793888092,79.25130820274353,0.0,41.8156447738942,0.035968637984731926,0.00026846450308094853,7.147603220753856e-05,5.311293865682872e-05,1.0,0,1.0,79.31072163581848,0.12182818418898597,487314.7672940396,55.78172782874618,0.0,22.87727665901184,79.35575866699219,39.55829119682312,1985.6680754019108,27.566154605150224,1140.3176303599944,64.0,0.0,519.475890744222,593.686732279111,64.0,52469.0,0.9989194566410537,1.0,sustained_overload,contiguous
1779703968.1855755,47568,64,52597,41579,5.614435929146566e-05,41.85329510835991,76.01188373565674,79.35864615440369,0.0,41.87200630779304,0.035968637984731926,0.00026846450308094853,7.147603220753856e-05,5.310488205951972e-05,1.0,0,1.0,79.41701793670654,0.12167994372302603,494814.96120348375,55.84968569486918,0.0,22.87727665901184,79.46205496788025,39.55829119682312,1985.6680754019108,27.566154605150224,1140.3176303599944,64.0,0.0,545.6445757324954,602.0905663255121,64.0,52533.0,0.9989206414473685,1.0,sustained_overload,contiguous
1779703968.2941935,47628,64,52661,41515,5.0566453097644626e-05,41.90801536236549,76.1153016090393,79.46638774871826,0.0,41.92712512379796,0.035968637984731926,0.00026846450308094853,7.147603220753856e-05,5.311197441160939e-05,1.0,0,1.0,79.5256359577179,0.12153206357646076,484827.46702313767,55.91764356099218,0.0,22.87727665901184,79.5706729888916,39.55829119682312,1985.6680754019108,27.566154605150224,1140.3176303599944,64.0,0.0,552.394523867535,589.220825458704,64.0,52597.0,0.9989218236582694,1.0,sustained_overload,contiguous
1779703968.4233856,47688,64,52196,41980,4.8318249994849793e-05,41.97997556428864,76.23619866371155,79.59005427360535,0.0,42.00169450334463,0.03600279060569969,0.0002674296095564559,7.147603220753856e-05,5.310329568862473e-05,1.0,0,1.0,79.65482807159424,0.12261475975170512,412083.97635599616,55.423887189942235,0.0,22.87727665901184,79.69986510276794,27.87968158721924,2289.309211299782,27.56874573723344,1149.8134285495794,0.0,465.0,464.424632430966,3599.2909013399867,321.0,52917.0,0.9989230032822757,1.0,sustained_overload,contiguous
1779703968.5296896,47743,64,52260,41916,4.618845314041664e-05,42.04119510963333,76.34222054481506,79.69995331764221,0.0,42.060487396565705,0.03600279060569969,0.0002674296095564559,7.125023872621598e-05,5.3117956053599284e-05,1.0,0,1.0,79.76113200187683,0.12246460007654038,491609.29291207547,55.49184505606524,0.0,22.87727665901184,79.80616903305054,27.87968158721924,2289.309211299782,27.56874573723344,1149.8134285495794,64.0,0.0,517.3844452767729,602.0473545038811,64.0,52196.0,0.9989241803278689,1.0,sustained_overload,contiguous
1779703968.6387756,47796,64,52324,41852,4.318575000183955e-05,42.102515046353695,76.44332575798035,79.80820393562317,0.0,42.12270949813704,0.03600279060569969,0.0002674296095564559,7.125023872621598e-05,5.304769322597543e-05,1.0,0,1.0,79.87021803855896,0.12231480773641158,479658.08999431744,55.55980292218824,0.0,22.87727665901184,79.91525506973267,27.87968158721924,2289.309211299782,27.56874573723344,1149.8134285495794,64.0,0.0,485.85503343969924,586.6928705686935,64.0,52260.0,0.9989253548034934,1.0,sustained_overload,contiguous
1779703968.7461588,47850,64,52388,41788,4.992332821984746e-05,42.162264372315484,76.54852366447449,79.91577386856079,0.0,42.18122766431739,0.03600279060569969,0.0002674296095564559,7.125023872621598e-05,5.3081166593037266e-05,1.0,0,1.0,79.97760128974915,0.12216538138505001,487860.065879511,55.62776078831124,0.0,22.87727665901184,80.02263832092285,27.87968158721924,2289.309211299782,27.56874573723344,1149.8134285495794,64.0,0.0,502.8717179028326,595.9961101070609,64.0,52324.0,0.9989265267175572,1.0,sustained_overload,contiguous
1779703968.852825,47909,64,52452,41724,5.559309374802979e-05,42.21699813895302,76.65070605278015,80.02272415161133,0.0,42.23585013821583,0.03600279060569969,0.0002674296095564559,7.125023872621598e-05,5.303995335354335e-05,1.0,0,1.0,80.0842673778534,0.12201631968275757,491740.1672098169,55.695718654434245,0.0,22.87727665901184,80.1293044090271,27.87968158721924,2289.309211299782,27.56874573723344,1149.8134285495794,64.0,0.0,553.1280001788149,600.0032544312569,64.0,52388.0,0.9989276960784313,1.0,sustained_overload,contiguous
1779703968.9717195,47967,64,52004,42172,5.0302015637271325e-05,42.28263267041728,76.76381707191467,80.13932132720947,0.0,42.3023593972238,0.036032595942097324,0.00026629945283295007,7.125023872621598e-05,5.30392579027079e-05,1.0,0,1.0,80.20316195487976,0.12306745634951158,458935.98652442446,55.22001359157323,0.0,22.87727665901184,80.24819898605347,50.080618381500244,1927.548709549302,27.75326928349792,1156.1883079020363,0.0,448.0,487.8271276169086,3768.044020213363,1089.0,53476.0,0.9989288628944505,1.0,sustained_overload,contiguous
1779703969.0767431,48022,64,52068,42108,4.4737843737152616e-05,42.34053832006205,76.86543202400208,80.24595379829407,0.0,42.35917633888977,0.036032595942097324,0.00026629945283295007,7.10288683573405e-05,5.303120063883151e-05,1.0,0,1.0,80.30818557739258,0.12291618652531305,495774.17683955317,55.28797145769623,0.0,22.87727665901184,80.35322260856628,50.080618381500244,1927.548709549302,27.75326928349792,1156.1883079020363,64.0,0.0,523.6917055806911,609.3867119484405,64.0,52004.0,0.998930027173913,1.0,sustained_overload,contiguous
1779703969.184837,48077,64,52132,42044,5.559504694474526e-05,42.399191551587094,76.9688663482666,80.35334968566895,0.0,42.41804105664082,0.036032595942097324,0.00026629945283295007,7.10288683573405e-05,5.296027869928905e-05,1.0,0,1.0,80.41627955436707,0.12276528811478556,482284.0407870678,55.35592932381923,0.0,22.87727665901184,80.46131658554077,50.080618381500244,1927.548709549302,27.75326928349792,1156.1883079020363,64.0,0.0,508.81650892520383,592.0773922038736,64.0,52068.0,0.9989311889250815,1.0,sustained_overload,contiguous
1779703969.2919688,48131,64,52196,41980,5.058585934136772e-05,42.457830535770164,77.07277321815491,80.45985817909241,0.0,42.47735250495029,0.036032595942097324,0.00026629945283295007,7.10288683573405e-05,5.2944635300196266e-05,1.0,0,1.0,80.5234112739563,0.12261475975170512,487213.31273436995,55.423887189942235,0.0,22.87727665901184,80.56844830513,50.080618381500244,1927.548709549302,27.75326928349792,1156.1883079020363,64.0,0.0,504.05239649888836,597.3954328875714,64.0,52132.0,0.9989323481561823,1.0,sustained_overload,contiguous
1779703969.4201317,48187,64,52314,41862,7.267168750502151e-05,42.53425284627599,77.19597029685974,80.58543181419373,0.0,42.554373957785195,0.03610227452242438,0.0002652119825230563,7.10288683573405e-05,5.296132883312352e-05,1.0,0,1.0,80.65157413482666,0.12233818863019458,423749.9040766137,55.54918450560652,0.0,22.87727665901184,80.69661116600037,45.275675773620605,1785.1336847344405,27.89572787284851,1161.301684949454,118.0,0.0,436.94405399271517,920.7035423417926,1089.0,53220.0,0.9989335048754063,1.0,sustained_overload,contiguous
1779703969.528792,48239,64,52378,41798,4.854079683980217e-05,42.59651416822008,77.30040788650513,80.6938591003418,0.0,42.61690007655925,0.03610227452242438,0.0002652119825230563,7.085891286278985e-05,5.300786474645264e-05,1.0,0,1.0,80.76023435592651,0.12218870518156477,482034.72687458585,55.617142371729535,0.0,22.87727665901184,80.80527138710022,45.275675773620605,1785.1336847344405,27.89572787284851,1161.301684949454,64.0,0.0,478.55599292600834,588.9919912935487,64.0,52314.0,0.9989346590909091,1.0,sustained_overload,contiguous
1779703969.6392286,48292,64,52442,41734,5.2622218689180045e-05,42.65817480403113,77.4064872264862,80.80258321762085,0.0,42.67921565427407,0.03610227452242438,0.0002652119825230563,7.085891286278985e-05,5.311495364488365e-05,1.0,0,1.0,80.87067103385925,0.12203958659090042,474860.35420170333,55.68510023785254,0.0,22.87727665901184,80.91570806503296,45.275675773620605,1785.1336847344405,27.89572787284851,1161.301684949454,64.0,0.0,479.913023391371,579.5176131518442,64.0,52378.0,0.9989358108108108,1.0,sustained_overload,contiguous
1779703969.7489295,48349,64,52506,41670,4.953754692849088e-05,42.71730516922421,77.5124237537384,80.91231489181519,0.0,42.73862243115198,0.03610227452242438,0.0002652119825230563,7.085891286278985e-05,5.30833390071558e-05,1.0,0,1.0,80.98037195205688,0.12189083152401631,478628.6282983315,55.75305810397554,0.0,22.87727665901184,81.02540898323059,45.275675773620605,1785.1336847344405,27.89572787284851,1161.301684949454,64.0,0.0,519.5945570602388,583.4044149448295,64.0,52442.0,0.9989369600431965,1.0,sustained_overload,contiguous
1779703969.8582513,48405,64,52570,41606,5.596964059861875e-05,42.77962952446478,77.62088370323181,81.02438259124756,0.0,42.79906918506758,0.03610227452242438,0.0002652119825230563,7.085891286278985e-05,5.308975933337374e-05,1.0,0,1.0,81.08969378471375,0.12174243865322427,480873.7534158145,55.82101597009854,0.0,22.87727665901184,81.13473081588745,45.275675773620605,1785.1336847344405,27.89572787284851,1161.301684949454,64.0,0.0,512.2490049702418,585.4274342517049,64.0,52506.0,0.9989381067961165,1.0,sustained_overload,contiguous
1779703969.9675243,48462,64,52634,41542,5.1784546940325527e-05,42.83839866750843,77.72632670402527,81.13377547264099,0.0,42.857697019282604,0.03610227452242438,0.0002652119825230563,7.085891286278985e-05,5.311265045327391e-05,1.0,0,1.0,81.19896674156189,0.12159440665729378,481674.52879622276,55.888973836221545,0.0,22.87727665901184,81.2440037727356,45.275675773620605,1785.1336847344405,27.89572787284851,1161.301684949454,64.0,0.0,521.6295197284018,585.6892853090826,64.0,52570.0,0.9989392510775862,1.0,sustained_overload,contiguous
1779703970.0731874,48513,64,52698,41478,3.728134372238401e-05,42.89902645538475,77.8274257183075,81.23974132537842,0.0,42.91811520499698,0.03610227452242438,0.0002652119825230563,7.085891286278985e-05,5.3072551329855856e-05,1.0,0,1.0,81.30462980270386,0.12144673422141258,498736.26062371524,55.95693170234455,0.0,22.87727665901184,81.34966683387756,45.275675773620605,1785.1336847344405,27.89572787284851,1161.301684949454,64.0,0.0,482.66631165906637,605.6989009054951,64.0,52634.0,0.9989403928955867,1.0,sustained_overload,contiguous
1779703970.1962917,48571,64,53308,40868,5.429839059445385e-05,42.96844936503185,77.94681572914124,81.36035871505737,0.0,42.988390525793264,0.03614881317666237,0.00026409803552830474,7.085891286278985e-05,5.305093870131032e-05,1.0,0,1.0,81.42773413658142,0.12005702708786674,453558.36176760524,56.60465511382943,0.0,22.87727665901184,81.47277116775513,47.25099968910217,1860.2251975373495,28.05181877459249,1166.938164889679,610.0,0.0,471.14506998336356,4955.1464256870995,1601.0,54234.0,0.9989415322580645,1.0,sustained_overload,contiguous
1779703970.3170397,48630,64,52859,41317,5.26720781408585e-05,43.036832528438694,78.06464982032776,81.48095703125,0.0,43.05658523480967,0.03619359031556144,0.00026299839928036644,7.085891286278985e-05,5.307486090708852e-05,1.0,0,1.0,81.54848217964172,0.12107682703040165,458980.5233723102,56.12788820931023,0.0,22.87727665901184,81.59351921081543,0.00021338462829589844,3.824786324786325,27.82740593147278,1157.6332578611598,0.0,449.0,488.62075529070756,3718.4867648394525,1089.0,54332.0,0.9989426691729323,1.0,sustained_overload,contiguous
1779703970.4261773,48685,64,52923,41253,4.305223434641903e-05,43.093742355048796,78.1664309501648,81.58678388595581,0.0,43.1156681619831,0.03619359031556144,0.00026299839928036644,7.065640220159216e-05,5.304678938384013e-05,1.0,0,1.0,81.65761971473694,0.12093040832908188,484920.242644553,56.19584607543323,0.0,22.87727665901184,81.70265674591064,0.00021338462829589844,3.824786324786325,27.82740593147278,1157.6332578611598,64.0,0.0,503.9512753519342,586.4160295004325,64.0,52859.0,0.9989438036480687,1.0,sustained_overload,contiguous
1779703970.5321715,48742,64,52987,41189,3.86778749827954e-05,43.15183819213218,78.27130079269409,81.69558143615723,0.0,43.17177225013346,0.03619359031556144,0.00026299839928036644,7.065640220159216e-05,5.291913604618987e-05,1.0,0,1.0,81.76361393928528,0.1207843433294959,499904.59598895116,56.26380394155623,0.0,22.87727665901184,81.80865097045898,0.00021338462829589844,3.824786324786325,27.82740593147278,1157.6332578611598,64.0,0.0,537.7651494021216,603.8064835392242,64.0,52923.0,0.9989449356913184,1.0,sustained_overload,contiguous
1779703970.6378863,48798,64,53051,41125,4.2105921892243714e-05,43.208188618891775,78.37154459953308,81.8017475605011,0.0,43.22812761691803,0.03619359031556144,0.00026299839928036644,7.065640220159216e-05,5.2873614461883684e-05,1.0,0,1.0,81.86932873725891,0.12063863075154097,501831.35206134414,56.331761807679236,0.0,22.87727665901184,81.91436576843262,0.00021338462829589844,3.824786324786325,27.82740593147278,1157.6332578611598,64.0,0.0,529.7271628326567,605.4024718087505,64.0,52987.0,0.9989460653104925,1.0,sustained_overload,contiguous
1779703970.7465892,48855,64,53115,41061,6.105576558468329e-05,43.265626018728504,78.4758689403534,81.90989685058594,0.0,43.28514591616092,0.03619359031556144,0.00026299839928036644,7.065640220159216e-05,5.2866316496883055e-05,1.0,0,1.0,81.97803163528442,0.12049326932128401,488625.42733252473,56.39971967380224,0.0,22.87727665901184,82.02306866645813,0.00021338462829589844,3.824786324786325,27.82740593147278,1157.6332578611598,64.0,0.0,524.3650448640481,588.7607521280539,64.0,53051.0,0.9989471925133689,1.0,sustained_overload,contiguous
1779703970.8558023,48913,64,53179,40997,5.031554685785977e-05,43.32359403165692,78.58141350746155,82.01947498321533,0.0,43.343077761383334,0.03619359031556144,0.00026299839928036644,7.065640220159216e-05,5.288771896187084e-05,1.0,0,1.0,82.08724474906921,0.12034825777092462,486928.7044117422,56.46767753992524,0.0,22.87727665901184,82.13228178024292,0.00021338462829589844,3.824786324786325,27.82740593147278,1157.6332578611598,64.0,0.0,531.0717549386234,586.0102123460671,64.0,53115.0,0.9989483173076923,1.0,sustained_overload,contiguous
1779703970.976274,48970,64,52113,42063,4.914176567183404e-05,43.39247937041924,78.69757056236267,82.13787698745728,0.0,43.41209064652058,0.03623331346009907,0.0002618902607967979,7.065640220159216e-05,5.2870212211074234e-05,1.0,0,1.0,82.20771646499634,0.12281004739700266,446212.62000217696,55.33575433231397,0.0,22.87727665901184,82.25275349617004,36.87956094741821,1975.7718751646983,27.89924843159933,1164.126421490553,0.0,1066.0,473.1401023164686,8848.549983672903,321.0,53435.0,0.998949439701174,1.0,sustained_overload,contiguous
1779703971.0864637,49024,64,52177,41999,5.2504499961969486e-05,43.45389625098136,78.80328249931335,82.24740386009216,0.0,43.47344385373088,0.03623331346009907,0.0002618902607967979,7.042944806176911e-05,5.286693499056302e-05,1.0,0,1.0,82.31790614128113,0.12265940931828201,473519.85920301883,55.40371219843697,0.0,22.87727665901184,82.36294317245483,36.87956094741821,1975.7718751646983,27.89924843159933,1164.126421490553,64.0,0.0,490.064058818311,580.8166623031834,64.0,52113.0,0.9989505597014925,1.0,sustained_overload,contiguous
1779703971.194421,49079,64,52241,41935,4.2969218810640086e-05,43.51405688373435,78.90863513946533,82.35656929016113,0.0,43.53350453625776,0.03623331346009907,0.0002618902607967979,7.042944806176911e-05,5.286052677137325e-05,1.0,0,1.0,82.42586350440979,0.12250914033039184,483904.00141340884,55.47167006455997,0.0,22.87727665901184,82.4709005355835,36.87956094741821,1975.7718751646983,27.89924843159933,1164.126421490553,64.0,0.0,509.46038700900607,592.8266321559344,64.0,52177.0,0.998951677316294,1.0,sustained_overload,contiguous
1779703971.3010304,49134,64,52305,41871,5.027185933670353e-05,43.570692470933906,79.01051497459412,82.46220684051514,0.0,43.59048821187714,0.03623331346009907,0.0002618902607967979,7.042944806176911e-05,5.2789551709018333e-05,1.0,0,1.0,82.53247284889221,0.12235923907848198,490623.033599313,55.539627930682975,0.0,22.87727665901184,82.57750988006592,36.87956094741821,1975.7718751646983,27.89924843159933,1164.126421490553,64.0,0.0,515.9022435324006,600.3226106558843,64.0,52241.0,0.9989527925531915,1.0,sustained_overload,contiguous
1779703971.409387,49188,64,52369,41807,5.31002500139266e-05,43.630450485765564,79.11592268943787,82.57010316848755,0.0,43.65001328130874,0.03623331346009907,0.0002618902607967979,7.042944806176911e-05,5.274940644069822e-05,1.0,0,1.0,82.64082956314087,0.12220970421432528,483301.8457889329,55.60758579680598,0.0,22.87727665901184,82.68586659431458,36.87956094741821,1975.7718751646983,27.89924843159933,1164.126421490553,64.0,0.0,498.3539817946185,590.6417562010294,64.0,52305.0,0.9989539054197663,1.0,sustained_overload,contiguous
1779703971.5165243,49242,64,52433,41743,4.490259375700134e-05,43.69092549258479,79.22106528282166,82.67873334884644,0.0,43.709867033823876,0.03623331346009907,0.0002618902607967979,7.042944806176911e-05,5.272927614681849e-05,1.0,0,1.0,82.74796676635742,0.12206053439627715,489400.49232029123,55.67554366292898,0.0,22.87727665901184,82.79300379753113,36.87956094741821,1975.7718751646983,27.89924843159933,1164.126421490553,64.0,0.0,504.026597472884,597.3648562641588,64.0,52369.0,0.9989550159235668,1.0,sustained_overload,contiguous
1779703971.6251109,49299,64,52497,41679,4.806449993566275e-05,43.747259284302,79.32346606254578,82.78587794303894,0.0,43.76719322202567,0.03623331346009907,0.0002618902607967979,7.042944806176911e-05,5.2746093505107424e-05,1.0,0,1.0,82.85655331611633,0.12191172828923558,483457.66687086254,55.74350152905198,0.0,22.87727665901184,82.90159034729004,36.87956094741821,1975.7718751646983,27.89924843159933,1164.126421490553,64.0,0.0,524.9268912821526,589.3915972290837,64.0,52433.0,0.9989561240721103,1.0,sustained_overload,contiguous
1779703971.7325566,49357,64,52561,41615,4.249050007842925e-05,43.80370610189079,79.42790055274963,82.89403104782104,0.0,43.8239564444911,0.03623331346009907,0.0002618902607967979,7.042944806176911e-05,5.278664512420623e-05,1.0,0,1.0,82.96399903297424,0.12176328456460113,489186.55426263704,55.81145939517499,0.0,22.87727665901184,83.00903606414795,36.87956094741821,1975.7718751646983,27.89924843159933,1164.126421490553,64.0,0.0,539.8074646074646,595.6496161185817,64.0,52497.0,0.9989572298728814,1.0,sustained_overload,contiguous
1779703971.8420398,49412,64,52625,41551,5.945618757152715e-05,43.86336537590095,79.53116965293884,83.00275540351868,0.0,43.8830554237458,0.03623331346009907,0.0002618902607967979,7.042944806176911e-05,5.282912578836805e-05,1.0,0,1.0,83.07348227500916,0.12161520190023753,480667.1689829837,55.879417261297995,0.0,22.87727665901184,83.11851930618286,36.87956094741821,1975.7718751646983,27.89924843159933,1164.126421490553,64.0,0.0,502.35998658554115,584.5643480268114,64.0,52561.0,0.9989583333333333,1.0,sustained_overload,contiguous
1779703971.9481654,49471,64,52689,41487,4.515907799884644e-05,43.918316372382684,79.63292527198792,83.11031103134155,0.0,43.93751778217398,0.03623331346009907,0.0002618902607967979,7.042944806176911e-05,5.280261478326602e-05,1.0,0,1.0,83.17960786819458,0.12146747898043235,496477.79030964477,55.947375127421,0.0,22.87727665901184,83.22464489936829,36.87956094741821,1975.7718751646983,27.89924843159933,1164.126421490553,64.0,0.0,555.9450668691575,603.0590555868828,64.0,52625.0,0.998959434460888,1.0,sustained_overload,contiguous
1779703972.0561955,49526,64,52753,41423,5.568515622655923e-05,43.975963054572084,79.73608040809631,83.2170262336731,0.0,43.996182935926825,0.03623331346009907,0.0002618902607967979,7.042944806176911e-05,5.2810000198732894e-05,1.0,0,1.0,83.28763794898987,0.12132011449585807,488317.6945869776,56.015332993544,0.0,22.87727665901184,83.33267498016357,36.87956094741821,1975.7718751646983,27.89924843159933,1164.126421490553,64.0,0.0,509.1174568703916,592.4275861764556,64.0,52689.0,0.9989605332629355,1.0,sustained_overload,contiguous
1779703972.1614861,49582,64,52817,41359,3.9989234338122515e-05,44.03217282136096,79.83758497238159,83.32319521903992,0.0,44.051458966328475,0.03623331346009907,0.0002618902607967979,7.042944806176911e-05,5.278702277116631e-05,1.0,0,1.0,83.39292860031128,0.12117310714353333,501630.48036212043,56.083290859667,0.0,22.87727665901184,83.43796563148499,36.87956094741821,1975.7718751646983,27.89924843159933,1164.126421490553,64.0,0.0,531.8610845045865,607.8412394338131,64.0,52753.0,0.9989616297468354,1.0,sustained_overload,contiguous
1779703972.2707343,49633,64,52881,41295,5.7677734403682734e-05,44.09513531916427,79.94198060035706,83.43171501159668,0.0,44.115172661140804,0.03623331346009907,0.0002618902607967979,7.042944806176911e-05,5.281009609941438e-05,1.0,0,1.0,83.5021767616272,0.12102645562678466,484044.75977478066,56.15124872579001,0.0,22.87727665901184,83.5472137928009,36.87956094741821,1975.7718751646983,27.89924843159933,1164.126421490553,64.0,0.0,466.827078695823,585.8222164026014,64.0,52817.0,0.9989627239199157,1.0,sustained_overload,contiguous
1779703972.378222,49689,64,52945,41231,4.263475001664574e-05,44.15272429482748,80.0451877117157,83.5392963886261,0.0,44.172750125073385,0.03623331346009907,0.0002618902607967979,7.042944806176911e-05,5.2791529062847965e-05,1.0,0,1.0,83.60966444015503,0.12088015865520824,492568.08524607617,56.21920659191302,0.0,22.87727665901184,83.65470147132874,36.87956094741821,1975.7718751646983,27.89924843159933,1164.126421490553,64.0,0.0,520.9899475640809,595.4170829303782,64.0,52881.0,0.9989638157894737,1.0,sustained_overload,contiguous
1779703972.492673,49744,64,53009,41167,5.8374140579076084e-05,44.21496749119062,80.15178966522217,83.65067338943481,0.0,44.23714204363727,0.03623331346009907,0.0002618902607967979,7.042944806176911e-05,5.2898659124169104e-05,1.0,0,1.0,83.7241153717041,0.12073421494463205,463159.1834381158,56.287164458036024,0.0,22.87727665901184,83.76915240287781,36.87956094741821,1975.7718751646983,27.89924843159933,1164.126421490553,64.0,0.0,480.5552847459181,559.1916040679774,64.0,52945.0,0.998964905362776,1.0,sustained_overload,contiguous
1779703972.6022384,49801,64,53073,41103,5.316417190215361e-05,44.27684333880954,80.26100564002991,83.76347351074219,0.0,44.29656026550983,0.03623331346009907,0.0002618902607967979,7.042944806176911e-05,5.28918925128121e-05,1.0,0,1.0,83.8336808681488,0.12058862321707836,484395.19485758926,56.35512232415903,0.0,22.87727665901184,83.87871789932251,36.87956094741821,1975.7718751646983,27.89924843159933,1164.126421490553,64.0,0.0,520.2367702387766,584.1254964084509,64.0,53009.0,0.9989659926470589,1.0,sustained_overload,contiguous
1779703972.7102046,49860,64,53137,41039,4.7189515640866375e-05,44.33142063596746,80.36333084106445,83.8707332611084,0.0,44.351577177206444,0.03623331346009907,0.0002618902607967979,7.042944806176911e-05,5.288960712097995e-05,1.0,0,1.0,83.94164705276489,0.12044338220072644,492163.35826765565,56.42308019028203,0.0,22.87727665901184,83.9866840839386,36.87956094741821,1975.7718751646983,27.89924843159933,1164.126421490553,64.0,0.0,546.4673981931928,592.778194650243,64.0,53073.0,0.9989670776495279,1.0,sustained_overload,contiguous
1779703972.8320534,49918,64,51990,42186,5.0859390640312085e-05,44.40056324353888,80.48138499259949,83.99103164672852,0.0,44.42165754139287,0.03626557420061521,0.0002608436564500419,7.042944806176911e-05,5.28812356061497e-05,1.0,0,1.0,84.06349587440491,0.12310059626851318,440824.94419757725,55.20514780835881,0.0,22.87727665901184,84.10853290557861,44.4730498790741,2205.550335190649,28.02975080520149,1172.326609787404,0.0,1147.0,475.9996791052515,9413.303998857302,321.0,53393.0,0.9989681603773585,1.0,sustained_overload,contiguous
1779703972.938884,49972,64,52054,42122,5.129207811194192e-05,44.46009635472819,80.58046674728394,84.09884548187256,0.0,44.48037607392511,0.03626557420061521,0.0002608436564500419,7.023662328720093e-05,5.288250540958054e-05,1.0,0,1.0,84.17032647132874,0.12294924501479233,487257.41031958576,55.273105674481826,0.0,22.87727665901184,84.21536350250244,44.4730498790741,2205.550335190649,28.02975080520149,1172.326609787404,64.0,0.0,505.4731655061596,599.0793072665596,64.0,51990.0,0.9989692408376963,1.0,sustained_overload,contiguous
1779703973.059189,50025,64,52118,42058,4.8251578121494276e-05,44.53108169691754,80.69715237617493,84.21690249443054,0.0,44.55115166315753,0.03629922245939573,0.0002597893277804057,7.023662328720093e-05,5.283885254941641e-05,1.0,0,1.0,84.29063153266907,0.12279826547450018,458758.7536643176,55.34106354060483,0.0,22.87727665901184,84.33566856384277,50.88178324699402,1980.4291135433007,28.208282308652997,1178.639910597997,64.0,0.0,440.5467185629692,531.9809431703779,1601.0,53590.0,0.9989703190376569,1.0,sustained_overload,contiguous
1779703973.1813285,50081,64,51157,43019,6.500176561985427e-05,44.603331502778495,80.8167417049408,84.33877182006836,0.0,44.62371754234204,0.03634476167550359,0.00025874592479646516,7.023662328720093e-05,5.2879719405898534e-05,1.0,0,1.0,84.412770986557,0.12510506871004945,435625.0032754885,54.32063370710159,0.0,22.87727665901184,84.45780801773071,0.00022411346435546875,3.836734693877551,27.989615190860835,1169.532909234399,0.0,961.0,458.49230709168637,7868.055484198403,577.0,52630.0,0.998971394984326,1.0,sustained_overload,contiguous
1779703973.289933,50135,64,51221,42955,5.6042203127049106e-05,44.66341778460225,80.9215784072876,84.44720721244812,0.0,44.68303468419662,0.03634476167550359,0.00025874592479646516,7.008025364846177e-05,5.2907217883511967e-05,1.0,0,1.0,84.52137541770935,0.12494875148864723,471629.00681419036,54.3885915732246,0.0,22.87727665901184,84.56641244888306,0.00022411346435546875,3.836734693877551,27.989615190860835,1169.532909234399,64.0,0.0,497.2172813487882,589.2945556726379,64.0,51157.0,0.9989724686847599,1.0,sustained_overload,contiguous
1779703973.399725,50192,64,51285,42891,5.305048435388926e-05,44.72181097450646,81.02431774139404,84.55662417411804,0.0,44.74174949004649,0.03634476167550359,0.00025874592479646516,7.008025364846177e-05,5.285307987769795e-05,1.0,0,1.0,84.6311674118042,0.12479282441259629,467110.5614102901,54.456549439347604,0.0,22.87727665901184,84.6762044429779,0.00022411346435546875,3.836734693877551,27.989615190860835,1169.532909234399,64.0,0.0,519.163537104154,582.920462713436,64.0,51221.0,0.9989735401459854,1.0,sustained_overload,contiguous
1779703973.5217764,50249,64,50837,43339,6.171034371504902e-05,44.791186105991585,81.14100193977356,84.67666864395142,0.0,44.81174121222791,0.036385598870896804,0.00025777841351695897,7.008025364846177e-05,5.286695894123171e-05,1.0,0,1.0,84.75321888923645,0.1258925585695458,437503.9214878858,53.98084437648658,0.0,22.87727665901184,84.79825592041016,50.98396110534668,1900.6469828362951,28.16649477481842,1175.1568636467214,0.0,448.0,467.0160591184968,3670.5823593874834,1089.0,52309.0,0.998974609375,1.0,sustained_overload,contiguous
1779703973.6288981,50303,64,50901,43275,4.5010984308646584e-05,44.85080060386718,81.24662208557129,84.78467011451721,0.0,44.870466195635274,0.036385598870896804,0.00025777841351695897,7.000675907841435e-05,5.286606122907699e-05,1.0,0,1.0,84.86034059524536,0.12573426848195515,475169.80354817817,54.04880224260958,0.0,22.87727665901184,84.90537762641907,50.98396110534668,1900.6469828362951,28.16649477481842,1175.1568636467214,64.0,0.0,504.0995145793132,597.4512765384453,64.0,50837.0,0.9989756763787722,1.0,sustained_overload,contiguous
1779703973.7363172,50362,64,50965,43211,5.057103125238882e-05,44.9052688105969,81.34781789779663,84.89197111129761,0.0,44.92488735769813,0.036385598870896804,0.00025777841351695897,7.000675907841435e-05,5.277336793220288e-05,1.0,0,1.0,84.96775960922241,0.12557637594427548,474450.45446878026,54.116760108732585,0.0,22.87727665901184,85.01279664039612,50.98396110534668,1900.6469828362951,28.16649477481842,1175.1568636467214,64.0,0.0,549.2509921251453,595.797686373039,64.0,50901.0,0.9989767411642412,1.0,sustained_overload,contiguous
1779703973.8476064,50422,64,51029,43147,5.320634380723277e-05,44.9629312368136,81.454265832901,85.00337481498718,0.0,44.98306850998538,0.036385598870896804,0.00025777841351695897,7.000675907841435e-05,5.2857894558355836e-05,1.0,0,1.0,85.07904887199402,0.12541887946069882,458525.815780848,54.18471797485559,0.0,22.87727665901184,85.12408590316772,50.98396110534668,1900.6469828362951,28.16649477481842,1175.1568636467214,64.0,0.0,539.1355689284696,575.0779401903676,64.0,50965.0,0.9989778037383178,1.0,sustained_overload,contiguous
1779703973.9570887,50476,64,51093,43083,7.166401564973057e-05,45.023800789088874,81.55868315696716,85.11265468597412,0.0,45.0438124950253,0.036385598870896804,0.00025777841351695897,7.000675907841435e-05,5.320601596462734e-05,1.0,0,1.0,85.18853116035461,0.12526177754291196,466678.2249903093,54.25267584097859,0.0,22.87727665901184,85.23356819152832,50.98396110534668,1900.6469828362951,28.16649477481842,1175.1568636467214,64.0,0.0,493.23046502410705,584.5694400285713,64.0,51029.0,0.9989788641078838,1.0,sustained_overload,contiguous
1779703974.062671,50527,64,51157,43019,4.358685940530904e-05,45.08416391820252,81.66094183921814,85.21876072883606,0.0,45.10359654099151,0.036385598870896804,0.00025777841351695897,7.000675907841435e-05,5.3140022016252166e-05,1.0,0,1.0,85.29411339759827,0.12510506871004945,484522.7884492056,54.32063370710159,0.0,22.87727665901184,85.33915042877197,50.98396110534668,1900.6469828362951,28.16649477481842,1175.1568636467214,64.0,0.0,483.03579590103965,606.1625674052262,64.0,51093.0,0.9989799222797927,1.0,sustained_overload,contiguous
1779703974.1704,50582,64,51221,42955,5.601984375402935e-05,45.142770162070285,81.76535153388977,85.3266875743866,0.0,45.162299158973234,0.036385598870896804,0.00025777841351695897,7.000675907841435e-05,5.309079701269355e-05,1.0,0,1.0,85.40184235572815,0.12494875148864723,475461.7596713939,54.3885915732246,0.0,22.87727665901184,85.44687938690186,50.98396110534668,1900.6469828362951,28.16649477481842,1175.1568636467214,64.0,0.0,510.54053575538677,594.0835325153591,64.0,51157.0,0.9989809782608695,1.0,sustained_overload,contiguous
1779703974.2776597,50637,64,51285,42891,4.8763453094125e-05,45.19979430002029,81.8679552078247,85.43303751945496,0.0,45.220418133455276,0.036385598870896804,0.00025777841351695897,7.000675907841435e-05,5.3048358937097666e-05,1.0,0,1.0,85.50910210609436,0.12479282441259629,478138.3494265137,54.456549439347604,0.0,22.87727665901184,85.55413913726807,50.98396110534668,1900.6469828362951,28.16649477481842,1175.1568636467214,64.0,0.0,512.7738952609585,596.6823508491153,64.0,51221.0,0.998982032057911,1.0,sustained_overload,contiguous
1779703974.3855507,50695,64,51349,42827,5.1613281286222445e-05,45.253884437269775,81.96927952766418,85.53912591934204,0.0,45.27653727039801,0.036385598870896804,0.00025777841351695897,7.000675907841435e-05,5.320445166889562e-05,1.0,0,1.0,85.61699318885803,0.12463728602309684,475933.679454089,54.52450730547061,0.0,22.87727665901184,85.66203022003174,50.98396110534668,1900.6469828362951,28.16649477481842,1175.1568636467214,64.0,0.0,537.5791818406817,593.1908213414418,64.0,51285.0,0.998983083677686,1.0,sustained_overload,contiguous
1779703974.4944117,50751,64,51413,42763,4.095521880742581e-05,45.31265334184463,82.07422685623169,85.64813160896301,0.0,45.333018229695064,0.036385598870896804,0.00025777841351695897,7.000675907841435e-05,5.317223419172117e-05,1.0,0,1.0,85.72585415840149,0.124482134868613,472281.2980227597,54.59246517159361,0.0,22.87727665901184,85.7708911895752,50.98396110534668,1900.6469828362951,28.16649477481842,1175.1568636467214,64.0,0.0,514.4176120684368,587.9058423639278,64.0,51349.0,0.998984133126935,1.0,sustained_overload,contiguous
1779703974.6040978,50811,64,51477,42699,5.1506859321648335e-05,45.370162974852065,82.1792721748352,85.75945115089417,0.0,45.39013653794488,0.036385598870896804,0.00025777841351695897,7.000675907841435e-05,5.3123087622389914e-05,1.0,0,1.0,85.83554029464722,0.1243273695048274,469311.81790082535,54.66042303771662,0.0,22.87727665901184,85.88057732582092,50.98396110534668,1900.6469828362951,28.16649477481842,1175.1568636467214,64.0,0.0,547.0153480981704,583.4830379713818,64.0,51413.0,0.9989851804123712,1.0,sustained_overload,contiguous
1779703974.7109735,50865,64,51541,42635,4.789199998356253e-05,45.428767427331344,82.28361535072327,85.86651873588562,0.0,45.448735491167966,0.036385598870896804,0.00025777841351695897,7.000675907841435e-05,5.308977444361495e-05,1.0,0,1.0,85.9424159526825,0.12417298849459653,482252.00150802307,54.72838090383962,0.0,22.87727665901184,85.9874529838562,50.98396110534668,1900.6469828362951,28.16649477481842,1175.1568636467214,64.0,0.0,505.26004698071915,598.826722347519,64.0,51477.0,0.9989862255406797,1.0,sustained_overload,contiguous
1779703974.8330028,50920,64,51096,43080,5.311745312042149e-05,45.49998831693456,82.3983542919159,85.98666667938232,0.0,45.521114789957096,0.03641756620162573,0.00025673646193284254,7.000675907841435e-05,5.305372509597585e-05,1.0,0,1.0,86.06444525718689,0.12525442304681383,431289.846432786,54.25586136595311,0.0,22.87727665901184,86.1094822883606,50.87422561645508,2015.3168262958081,28.33983623162481,1181.5702984761037,0.0,445.0,450.7114108645873,3646.665051540752,577.0,52053.0,0.9989872685185185,1.0,sustained_overload,contiguous
1779703974.954095,50975,64,50136,44040,5.537999997784482e-05,45.56998898074401,82.51515913009644,86.10571503639221,0.0,45.59111031221701,0.03644721240413432,0.0002557112246143575,6.983324062604846e-05,5.3039920238508474e-05,1.0,0,1.0,86.18553733825684,0.1276527844263603,430953.03622584895,53.23649337410805,0.0,22.87727665901184,86.23057436943054,51.1862256526947,1985.1196271123426,28.512914939360186,1187.6577933900148,0.0,960.0,454.1998082288338,7927.851198176008,577.0,51608.0,0.998988309352518,1.0,sustained_overload,contiguous
1779703975.0608788,51030,64,50200,43976,4.8886156250205204e-05,45.628102610913906,82.61787152290344,86.2132396697998,0.0,45.647721184419275,0.03644721240413432,0.0002557112246143575,6.962985527224657e-05,5.291963056443399e-05,1.0,0,1.0,86.29232120513916,0.12749003984063745,470108.4673710157,53.30445124023105,0.0,22.87727665901184,86.33735823631287,51.1862256526947,1985.1196271123426,28.512914939360186,1187.6577933900148,64.0,0.0,515.0590777969296,599.341472345518,64.0,50136.0,0.9989893480492813,1.0,sustained_overload,contiguous
1779703975.1680784,51089,64,50264,43912,4.518470315417744e-05,45.68281316423411,82.72164225578308,86.32093095779419,0.0,45.703222131883464,0.03644721240413432,0.0002557112246143575,6.962985527224657e-05,5.2856757981915864e-05,1.0,0,1.0,86.39952087402344,0.12732770969282192,468882.04528187745,53.372409106354056,0.0,22.87727665901184,86.44455790519714,51.1862256526947,1985.1196271123426,28.512914939360186,1187.6577933900148,64.0,0.0,550.3748343074719,597.0167694182746,64.0,50200.0,0.9989903846153846,1.0,sustained_overload,contiguous
1779703975.2765207,51145,64,50328,43848,5.968489060137472e-05,45.74113941218632,82.82645273208618,86.4295768737793,0.0,45.760841983306925,0.03644721240413432,0.0002557112246143575,6.962985527224657e-05,5.287478701486787e-05,1.0,0,1.0,86.50796318054199,0.12716579240184392,464099.3134113095,53.44036697247706,0.0,22.87727665901184,86.5530002117157,51.1862256526947,1985.1196271123426,28.512914939360186,1187.6577933900148,64.0,0.0,516.4036232521327,590.1755694310087,64.0,50264.0,0.9989914190573771,1.0,sustained_overload,contiguous
1779703975.385027,51202,64,50392,43784,6.610532818740467e-05,45.79784779152688,82.93177556991577,86.53749799728394,0.0,45.817930521203124,0.03644721240413432,0.0002557112246143575,6.962985527224657e-05,5.284874649060291e-05,1.0,0,1.0,86.61646938323975,0.12700428639466582,464415.84671770217,53.50832483860006,0.0,22.87727665901184,86.66150641441345,51.1862256526947,1985.1196271123426,28.512914939360186,1187.6577933900148,64.0,0.0,525.315591024548,589.8280320275627,64.0,50328.0,0.9989924513817809,1.0,sustained_overload,contiguous
1779703975.5043995,51254,64,49753,44423,4.4191968754603295e-05,45.8690500961898,83.04562854766846,86.65498495101929,0.0,45.88919432479622,0.03646824928709698,0.0002547097085091063,6.962985527224657e-05,5.2817337619823096e-05,1.0,0,1.0,86.73584198951721,0.12863545916829136,426974.0067627351,52.8298080190282,0.0,22.87727665901184,86.78087902069092,67.64590716362,1009.3631451073506,28.80714796360274,1186.3172321247316,0.0,639.0,435.61082916404524,5352.98691991971,321.0,50648.0,0.998993481595092,1.0,sustained_overload,contiguous
1779703975.61197,51309,64,49817,44359,5.02057656319721e-05,45.92773426593737,83.1489953994751,86.7631356716156,0.0,45.94797558421504,0.03646824928709698,0.0002547097085091063,6.9427490234375e-05,5.323029198462176e-05,1.0,0,1.0,86.84341239929199,0.12847020093542366,463110.6277674469,52.8977658851512,0.0,22.87727665901184,86.8884494304657,67.64590716362,1009.3631451073506,28.80714796360274,1186.3172321247316,64.0,0.0,511.2930230084024,594.959154046141,64.0,49753.0,0.9989945097037793,1.0,sustained_overload,contiguous
1779703975.718968,51365,64,49881,44295,3.702251565584902e-05,45.982867545848684,83.24932146072388,86.86862587928772,0.0,46.00350035430503,0.03646824928709698,0.0002547097085091063,6.9427490234375e-05,5.299811436367925e-05,1.0,0,1.0,86.95041036605835,0.12830536677291954,466186.42865355563,52.965723751274204,0.0,22.87727665901184,86.99544739723206,67.64590716362,1009.3631451073506,28.80714796360274,1186.3172321247316,64.0,0.0,523.3744312383295,598.1422071295194,64.0,49817.0,0.9989955357142857,1.0,sustained_overload,contiguous
1779703975.8266637,51422,64,49945,44231,5.0645062515286554e-05,46.040205854718224,83.35540390014648,86.97723031044006,0.0,46.06081057735629,0.03646824928709698,0.0002547097085091063,6.9427490234375e-05,5.2946731876589997e-05,1.0,0,1.0,87.05810618400574,0.12814095505055562,463759.8836419022,53.03368161739721,0.0,22.87727665901184,87.10314321517944,67.64590716362,1009.3631451073506,28.80714796360274,1186.3172321247316,64.0,0.0,529.2684626606953,594.2663440400789,64.0,49881.0,0.9989965596330275,1.0,sustained_overload,contiguous
1779703975.9335318,51474,64,50009,44167,5.813490626849216e-05,46.10049706559616,83.45744395256042,87.0843300819397,0.0,46.121173956406466,0.03646824928709698,0.0002547097085091063,6.9427490234375e-05,5.288885072812766e-05,1.0,0,1.0,87.16497421264648,0.12797696414645365,467950.9918547554,53.101639483520216,0.0,22.87727665901184,87.21001124382019,67.64590716362,1009.3631451073506,28.80714796360274,1186.3172321247316,64.0,0.0,486.5814468685093,598.8694730689346,64.0,49945.0,0.9989975814663951,1.0,sustained_overload,contiguous
1779703976.0418506,51529,64,50073,44103,4.4450968701426063e-05,46.1589817152367,83.56062531471252,87.1923177242279,0.0,46.17935252953346,0.03646824928709698,0.0002547097085091063,6.9427490234375e-05,5.2858429596264345e-05,1.0,0,1.0,87.27329301834106,0.12781339244702733,462274.2992679201,53.16959734964322,0.0,22.87727665901184,87.31833004951477,67.64590716362,1009.3631451073506,28.80714796360274,1186.3172321247316,64.0,0.0,507.7603990121544,590.8484643050524,64.0,50009.0,0.9989986012207528,1.0,sustained_overload,contiguous
1779703976.1504815,51587,64,50137,44039,4.9784234448679854e-05,46.21530204116792,83.66553568840027,87.30082702636719,0.0,46.234978791138396,0.03646824928709698,0.0002547097085091063,6.9427490234375e-05,5.282237418441298e-05,1.0,0,1.0,87.38192391395569,0.12765023834692943,461535.3644681771,53.23755521576623,0.0,22.87727665901184,87.4269609451294,67.64590716362,1009.3631451073506,28.80714796360274,1186.3172321247316,64.0,0.0,533.9180872240914,589.1509927989974,64.0,50073.0,0.998999618902439,1.0,sustained_overload,contiguous
1779703976.2562516,51639,64,50201,43975,4.216479689489461e-05,46.27492528935809,83.76848459243774,87.4072835445404,0.0,46.295169844860375,0.03646824928709698,0.0002547097085091063,6.9427490234375e-05,5.280093993676927e-05,1.0,0,1.0,87.48769402503967,0.12748750024899902,474623.6860821582,53.30551308188923,0.0,22.87727665901184,87.53273105621338,67.64590716362,1009.3631451073506,28.80714796360274,1186.3172321247316,64.0,0.0,491.6322717928373,605.0858729757998,64.0,50137.0,0.9990006345177666,1.0,sustained_overload,contiguous
1779703976.3660078,51696,64,50265,43911,6.125479683305457e-05,46.33137401558077,83.87248635292053,87.51504564285278,0.0,46.35232258059403,0.03646824928709698,0.0002547097085091063,6.9427490234375e-05,5.2774658604851875e-05,1.0,0,1.0,87.59745025634766,0.1273251765642097,457969.44192583486,53.37347094801223,0.0,22.87727665901184,87.64248728752136,67.64590716362,1009.3631451073506,28.80714796360274,1186.3172321247316,64.0,0.0,519.3327004828924,583.110400542195,64.0,50201.0,0.9990016480730223,1.0,sustained_overload,contiguous
1779703976.4767716,51748,64,50329,43847,4.9705125064747335e-05,46.39405270269968,83.975510597229,87.62458825111389,0.0,46.41601354145468,0.03646824928709698,0.0002547097085091063,6.9427490234375e-05,5.275082008278633e-05,1.0,0,1.0,87.70821404457092,0.12716326571161754,454381.35339459335,53.441428814135236,0.0,22.87727665901184,87.75325107574463,67.64590716362,1009.3631451073506,28.80714796360274,1186.3172321247316,64.0,0.0,469.46751130598375,577.8061677612108,64.0,50265.0,0.9990026595744681,1.0,sustained_overload,contiguous
1779703976.58896,51802,64,50393,43783,4.8018609405175994e-05,46.45772011038106,84.08512687683105,87.7369339466095,0.0,46.479432284930574,0.03646824928709698,0.0002547097085091063,6.9427490234375e-05,5.2768379538116064e-05,1.0,0,1.0,87.82040238380432,0.1270017661183101,449182.15515394683,53.509386680258245,0.0,22.87727665901184,87.86543941497803,67.64590716362,1009.3631451073506,28.80714796360274,1186.3172321247316,64.0,0.0,481.333446675394,570.4692701338003,64.0,50329.0,0.99900366902834,1.0,sustained_overload,contiguous
1779703976.6996293,51860,64,50457,43719,6.200254679811223e-05,46.51783843016834,84.1925675868988,87.8493185043335,0.0,46.53854674246052,0.03646824928709698,0.0002547097085091063,6.9427490234375e-05,5.283992642451662e-05,1.0,0,1.0,87.93107175827026,0.1268406762193551,455925.5913706076,53.57734454638125,0.0,22.87727665901184,87.97610878944397,67.64590716362,1009.3631451073506,28.80714796360274,1186.3172321247316,64.0,0.0,524.0835622311124,578.2991031515724,64.0,50393.0,0.9990046764408493,1.0,sustained_overload,contiguous
1779703976.810324,51920,64,50521,43655,5.77665001060268e-05,46.57454274724848,84.29832744598389,87.96007704734802,0.0,46.59551697028479,0.03646824928709698,0.0002547097085091063,6.9427490234375e-05,5.2855153636087015e-05,1.0,0,1.0,88.04176640510559,0.12667999445775024,456399.66741261334,53.64530241250425,0.0,22.87727665901184,88.0868034362793,67.64590716362,1009.3631451073506,28.80714796360274,1186.3172321247316,64.0,0.0,542.031631297021,578.1670733834891,64.0,50457.0,0.9990056818181818,1.0,sustained_overload,contiguous
1779703976.9190085,51977,64,50585,43591,5.409446868043233e-05,46.63252989137305,84.40284585952759,88.06943488121033,0.0,46.65400128990037,0.03646824928709698,0.0002547097085091063,6.9427490234375e-05,5.293000361731387e-05,1.0,0,1.0,88.15045094490051,0.12651971928437283,465429.58267523075,53.71326027862725,0.0,22.87727665901184,88.19548797607422,67.64590716362,1009.3631451073506,28.80714796360274,1186.3172321247316,64.0,0.0,524.4536169316626,588.86020146713,64.0,50521.0,0.9990066851664985,1.0,sustained_overload,contiguous
1779703977.0282452,52030,64,50649,43527,5.905595317301504e-05,46.693882118948714,84.5079460144043,88.17859220504761,0.0,46.715186581852386,0.03646824928709698,0.0002547097085091063,6.9427490234375e-05,5.2970278267893065e-05,1.0,0,1.0,88.25968766212463,0.12635984915793005,463662.7801262408,53.781218144750255,0.0,22.87727665901184,88.30472469329834,67.64590716362,1009.3631451073506,28.80714796360274,1186.3172321247316,64.0,0.0,485.1848476118139,585.8835895689829,64.0,50585.0,0.9990076864919355,1.0,sustained_overload,contiguous
1779703977.152108,52087,64,51152,43024,5.321076565678595e-05,46.76481491074093,84.62751889228821,88.30043411254883,0.0,46.785783372787506,0.03650339564891777,0.00025368098056677616,6.9427490234375e-05,5.2981514244969835e-05,1.0,0,1.0,88.38355040550232,0.12511729746637473,425971.5113778541,54.31532449881074,0.0,22.87727665901184,88.42858743667603,34.36159563064575,2119.718044124503,28.848599065595597,1193.2829098262225,503.0,0.0,460.186803922097,4060.9467082949964,1089.0,51673.0,0.9990086858006042,1.0,sustained_overload,contiguous
1779703977.2591774,52143,64,51216,42960,3.90263281389025e-05,46.82117062954555,84.72925686836243,88.4073007106781,0.0,46.8423347838625,0.03650339564891777,0.00025368098056677616,6.927352353750942e-05,5.294332009676105e-05,1.0,0,1.0,88.49061989784241,0.12496094970321774,478343.5400750865,54.38328236493374,0.0,22.87727665901184,88.53565692901611,34.36159563064575,2119.718044124503,28.848599065595597,1193.2829098262225,64.0,0.0,523.0248017065926,597.74263052182,64.0,51152.0,0.9990096830985915,1.0,sustained_overload,contiguous
1779703977.3712928,52199,64,51280,42896,5.607753116976255e-05,46.8820733647425,84.83820271492004,88.51873993873596,0.0,46.902608489173986,0.03650339564891777,0.00025368098056677616,6.927352353750942e-05,5.284767540926783e-05,1.0,0,1.0,88.6027352809906,0.12480499219968799,457385.9408054508,54.451240231056744,0.0,22.87727665901184,88.6477723121643,34.36159563064575,2119.718044124503,28.848599065595597,1193.2829098262225,64.0,0.0,499.4854267766233,570.8404877447124,64.0,51216.0,0.9990106783919598,1.0,sustained_overload,contiguous
1779703977.4818294,52260,64,51344,42832,5.871643745081201e-05,46.938762837089136,84.94622039794922,88.63044881820679,0.0,46.95948990248772,0.03650339564891777,0.00025368098056677616,6.927352353750942e-05,5.310168041088101e-05,1.0,0,1.0,88.71327185630798,0.12464942349641632,464497.83569444204,54.519198097179746,0.0,22.87727665901184,88.75830888748169,34.36159563064575,2119.718044124503,28.848599065595597,1193.2829098262225,64.0,0.0,551.8535364864632,578.9938743464531,64.0,51280.0,0.999011671686747,1.0,sustained_overload,contiguous
1779703977.5928705,52319,64,51408,42768,6.052531243483372e-05,46.99469635642637,85.0495994091034,88.73960494995117,0.0,47.01608458013364,0.03650339564891777,0.00025368098056677616,6.927352353750942e-05,5.305185511867799e-05,1.0,0,1.0,88.82431292533875,0.12449424214130098,462963.84255593247,54.58715596330275,0.0,22.87727665901184,88.86934995651245,34.36159563064575,2119.718044124503,28.848599065595597,1193.2829098262225,64.0,0.0,531.3349422424528,576.3633271782539,64.0,51344.0,0.9990126629889668,1.0,sustained_overload,contiguous
1779703977.7005634,52374,64,51472,42704,5.031723441106806e-05,47.05536567769819,85.15554714202881,88.84992909431458,0.0,47.076222671000224,0.03650339564891777,0.00025368098056677616,6.927352353750942e-05,5.301725610729611e-05,1.0,0,1.0,88.93200588226318,0.12433944668946223,477951.4043440625,54.65511382942576,0.0,22.87727665901184,88.97704291343689,34.36159563064575,2119.718044124503,28.848599065595597,1193.2829098262225,64.0,0.0,510.7112068488389,594.2821316059217,64.0,51408.0,0.9990136523046093,1.0,sustained_overload,contiguous
1779703977.808138,52428,64,51536,42640,3.8807781237437666e-05,47.112691594416944,85.25735902786255,88.95600748062134,0.0,47.1335800591489,0.03650339564891777,0.00025368098056677616,6.927352353750942e-05,5.297341014923304e-05,1.0,0,1.0,89.03958034515381,0.12418503570319776,479072.8079432624,54.72307169554876,0.0,22.87727665901184,89.08461737632751,34.36159563064575,2119.718044124503,28.848599065595597,1193.2829098262225,64.0,0.0,501.9778723404255,594.9367375886525,64.0,51472.0,0.9990146396396397,1.0,sustained_overload,contiguous
1779703977.917819,52481,64,51600,42576,4.40767343832249e-05,47.17541711953039,85.36531805992126,89.06661868095398,0.0,47.19604231833706,0.03650339564891777,0.00025368098056677616,6.927352353750942e-05,5.29395750417988e-05,1.0,0,1.0,89.14926147460938,0.124031007751938,470454.6739820362,54.79102956167176,0.0,22.87727665901184,89.19429850578308,34.36159563064575,2119.718044124503,28.848599065595597,1193.2829098262225,64.0,0.0,483.218948082324,583.5096731560138,64.0,51536.0,0.999015625,1.0,sustained_overload,contiguous
1779703978.026664,52533,64,51664,42512,5.611651567960507e-05,47.23710723806853,85.46947574615479,89.17530488967896,0.0,47.25759914350233,0.03650339564891777,0.00025368098056677616,6.927352353750942e-05,5.292791421391233e-05,1.0,0,1.0,89.25810647010803,0.12387736141220192,474656.641431322,54.85898742779477,0.0,22.87727665901184,89.30314350128174,34.36159563064575,2119.718044124503,28.848599065595597,1193.2829098262225,64.0,0.0,477.7436000779797,587.9921231728981,64.0,51600.0,0.9990166083916084,1.0,sustained_overload,contiguous
1779703978.136401,52591,64,51728,42448,4.8444671932657e-05,47.29402224867918,85.57473278045654,89.28460597991943,0.0,47.31566409565107,0.03650339564891777,0.00025368098056677616,6.927352353750942e-05,5.291822312273857e-05,1.0,0,1.0,89.36784338951111,0.12372409526755336,471381.9221587329,54.926945293917775,0.0,22.87727665901184,89.41288042068481,34.36159563064575,2119.718044124503,28.848599065595597,1193.2829098262225,64.0,0.0,528.536797966411,583.213018445695,64.0,51664.0,0.9990175898203593,1.0,sustained_overload,contiguous
1779703978.2472715,52643,64,51792,42384,5.5787015682540186e-05,47.35813039876599,85.6821858882904,89.395742893219,0.0,47.3787140783088,0.03650339564891777,0.00025368098056677616,6.927352353750942e-05,5.292411467354744e-05,1.0,0,1.0,89.47871398925781,0.1235712079085573,467139.17051341326,54.99490316004078,0.0,22.87727665901184,89.52375102043152,34.36159563064575,2119.718044124503,28.848599065595597,1193.2829098262225,64.0,0.0,469.01523143916995,577.2495156174399,64.0,51728.0,0.9990185692921236,1.0,sustained_overload,contiguous
1779703978.3559856,52696,64,51856,42320,4.841724997106667e-05,47.41888188934914,85.78782439231873,89.50442409515381,0.0,47.439572290718225,0.03650339564891777,0.00025368098056677616,6.927352353750942e-05,5.290392020517733e-05,1.0,0,1.0,89.58742809295654,0.12341869793273681,476994.22830825916,55.06286102616378,0.0,22.87727665901184,89.63246512413025,34.36159563064575,2119.718044124503,28.848599065595597,1193.2829098262225,64.0,0.0,487.5172419842976,588.7000657923593,64.0,51792.0,0.999019546812749,1.0,sustained_overload,contiguous
1779703978.4647443,52753,64,51920,42256,5.218060925926693e-05,47.47582911888094,85.8915433883667,89.61289525032043,0.0,47.4970152206677,0.03650339564891777,0.00025368098056677616,6.927352353750942e-05,5.290526848561553e-05,1.0,0,1.0,89.69618678092957,0.12326656394453005,477387.1491800152,55.13081889228678,0.0,22.87727665901184,89.74122381210327,34.36159563064575,2119.718044124503,28.848599065595597,1193.2829098262225,64.0,0.0,524.0960613108796,588.4587355069525,64.0,51856.0,0.9990205223880597,1.0,sustained_overload,contiguous
1779703978.5734997,52808,64,51984,42192,4.727629682577117e-05,47.53531174257072,85.9944908618927,89.72212052345276,0.0,47.55658237551981,0.03650339564891777,0.00025368098056677616,6.927352353750942e-05,5.289002105089704e-05,1.0,0,1.0,89.80494213104248,0.12311480455524776,477990.2776831458,55.198776758409785,0.0,22.87727665901184,89.84997916221619,34.36159563064575,2119.718044124503,28.848599065595597,1193.2829098262225,64.0,0.0,505.7222467023126,588.476796162691,64.0,51920.0,0.9990214960238568,1.0,sustained_overload,contiguous
1779703978.6842082,52861,64,52048,42128,4.6961609399431836e-05,47.597170123418756,86.10046124458313,89.83194184303284,0.0,47.6195394116187,0.03650339564891777,0.00025368098056677616,6.927352353750942e-05,5.287188431784736e-05,1.0,0,1.0,89.9156506061554,0.12296341838303104,470135.6418008162,55.26673462453279,0.0,22.87727665901184,89.9606876373291,34.36159563064575,2119.718044124503,28.848599065595597,1193.2829098262225,64.0,0.0,478.7348027867211,578.0948561952858,64.0,51984.0,0.9990224677259185,1.0,sustained_overload,contiguous
1779703978.7941048,52918,64,52112,42064,4.81135624994522e-05,47.655475238722595,86.20636892318726,89.941810131073,0.0,47.67679355882795,0.03650339564891777,0.00025368098056677616,6.927352353750942e-05,5.285389163169683e-05,1.0,0,1.0,90.02554726600647,0.12281240405280934,474190.936017703,55.33469249065579,0.0,22.87727665901184,90.07058429718018,34.36159563064575,2119.718044124503,28.848599065595597,1193.2829098262225,64.0,0.0,518.6690849134378,582.3652883238599,64.0,52048.0,0.9990234375,1.0,sustained_overload,contiguous
1779703978.9050813,52971,64,52176,42000,5.316018754797369e-05,47.71757510913345,86.31245160102844,90.05189228057861,0.0,47.739164639544306,0.03650339564891777,0.00025368098056677616,6.927352353750942e-05,5.287106898354651e-05,1.0,0,1.0,90.1365237236023,0.12266176019625882,470153.77072157327,55.40265035677879,0.0,22.87727665901184,90.181560754776,34.36159563064575,2119.718044124503,28.848599065595597,1193.2829098262225,64.0,0.0,477.5787689405739,576.6988907961647,64.0,52112.0,0.9990244053518335,1.0,sustained_overload,contiguous
1779703979.0150955,53026,64,52240,41936,4.411429684125778e-05,47.77779789768214,86.41821789741516,90.16190576553345,0.0,47.799303806849146,0.03650339564891777,0.00025368098056677616,6.927352353750942e-05,5.2892934159368927e-05,1.0,0,1.0,90.24653792381287,0.1225114854517611,474847.79146701685,55.470608222901795,0.0,22.87727665901184,90.29157495498657,34.36159563064575,2119.718044124503,28.848599065595597,1193.2829098262225,64.0,0.0,499.9354619197153,581.7430829611233,64.0,52176.0,0.9990253712871288,1.0,sustained_overload,contiguous
1779703979.1236062,53078,64,52304,41872,4.0794953108047594e-05,47.84032387336155,86.52525687217712,90.27154111862183,0.0,47.86130092315804,0.03650339564891777,0.00025368098056677616,6.927352353750942e-05,5.286478906926577e-05,1.0,0,1.0,90.35504865646362,0.1223615784643622,482016.83577550884,55.53856608902481,0.0,22.87727665901184,90.40008568763733,34.36159563064575,2119.718044124503,28.848599065595597,1193.2829098262225,64.0,0.0,479.21526958409413,589.8034087188851,64.0,52240.0,0.9990263353115727,1.0,sustained_overload,contiguous
1779703979.2307613,53128,64,52368,41808,4.154467185912836e-05,47.90291991924769,86.62830400466919,90.37945985794067,0.0,47.9236228952805,0.03650339564891777,0.00025368098056677616,6.927352353750942e-05,5.2840268151945095e-05,1.0,0,1.0,90.46220374107361,0.12221203788573175,488712.2266815889,55.606523955147814,0.0,22.87727665901184,90.50724077224731,34.36159563064575,2119.718044124503,28.848599065595597,1193.2829098262225,64.0,0.0,466.61341533148953,597.2651716243066,64.0,52304.0,0.9990272974308301,1.0,sustained_overload,contiguous
1779703979.3568335,53186,64,51920,42256,4.526567185791919e-05,47.97443815102076,86.74751830101013,90.50309705734253,0.0,47.995887032455116,0.03652811649456695,0.00025271291109784765,6.927352353750942e-05,5.2855471774656445e-05,1.0,0,1.0,90.58827590942383,0.12326656394453005,432141.37357148936,55.13081889228678,0.0,22.87727665901184,90.63331294059753,51.92453145980835,1945.10766051111,29.019531898145324,1198.8519820535178,0.0,448.0,460.05395765764916,3553.5202246659796,1089.0,53392.0,0.9990282576505429,1.0,sustained_overload,contiguous
1779703979.4668176,53245,64,51984,42192,4.7641406254683716e-05,48.031151906105315,86.85180592536926,90.61326003074646,0.0,48.05335185952303,0.03652811649456695,0.00025271291109784765,6.907571575598802e-05,5.284317786518704e-05,1.0,0,1.0,90.69826006889343,0.12311480455524776,472649.88204384496,55.198776758409785,0.0,22.87727665901184,90.74329710006714,51.92453145980835,1945.10766051111,29.019531898145324,1198.8519820535178,64.0,0.0,536.4408864378819,581.9019785088889,64.0,51920.0,0.9990292159763313,1.0,sustained_overload,contiguous
1779703979.5757074,53297,64,52048,42128,3.9098093665757006e-05,48.091761706672976,86.95563769340515,90.72102642059326,0.0,48.11283070245754,0.03652811649456695,0.00025271291109784765,6.907571575598802e-05,5.272113313325373e-05,1.0,0,1.0,90.80714988708496,0.12296341838303104,477987.7573902439,55.26673462453279,0.0,22.87727665901184,90.85218691825867,51.92453145980835,1945.10766051111,29.019531898145324,1198.8519820535178,64.0,0.0,477.5469448257893,587.750085939433,64.0,51984.0,0.9990301724137931,1.0,sustained_overload,contiguous
1779703979.6891603,53355,64,52112,42064,5.468792181773097e-05,48.151552097014836,87.06407904624939,90.83339667320251,0.0,48.174081572554684,0.03652811649456695,0.00025271291109784765,6.907571575598802e-05,5.272236524652816e-05,1.0,0,1.0,90.92060279846191,0.12281240405280934,459327.1284758414,55.33469249065579,0.0,22.87727665901184,90.96563982963562,51.92453145980835,1945.10766051111,29.019531898145324,1198.8519820535178,64.0,0.0,511.2253118590498,564.110688947917,64.0,52048.0,0.9990311269685039,1.0,sustained_overload,contiguous
1779703979.8005054,53415,64,52176,42000,6.585243754386738e-05,48.210784641032426,87.17397284507751,90.94701886177063,0.0,48.23191677207128,0.03652811649456695,0.00025271291109784765,6.907571575598802e-05,5.272037191626803e-05,1.0,0,1.0,91.03194785118103,0.12266176019625882,468597.38017836685,55.40265035677879,0.0,22.87727665901184,91.07698488235474,51.92453145980835,1945.10766051111,29.019531898145324,1198.8519820535178,64.0,0.0,538.8654325878184,574.7897947603396,64.0,52112.0,0.9990320796460177,1.0,sustained_overload,contiguous
1779703979.9111762,53469,64,52240,41936,4.29204374654546e-05,48.27197703689597,87.28163957595825,91.05719900131226,0.0,48.29340118190552,0.03652811649456695,0.00025271291109784765,6.907571575598802e-05,5.2706625448887505e-05,1.0,0,1.0,91.14261865615845,0.1225114854517611,472030.54148435866,55.470608222901795,0.0,22.87727665901184,91.18765568733215,51.92453145980835,1945.10766051111,29.019531898145324,1198.8519820535178,64.0,0.0,487.93356125871685,578.2916281584793,64.0,52176.0,0.9990330304518664,1.0,sustained_overload,contiguous
1779703980.0210085,53524,64,52304,41872,5.060946868695737e-05,48.33089198069937,87.3865442276001,91.16600728034973,0.0,48.35264727881858,0.03652811649456695,0.00025271291109784765,6.907571575598802e-05,5.268597860100563e-05,1.0,0,1.0,91.25245094299316,0.1223615784643622,476216.98051967786,55.53856608902481,0.0,22.87727665901184,91.29748797416687,51.92453145980835,1945.10766051111,29.019531898145324,1198.8519820535178,64.0,0.0,500.76349664618925,582.7066142792021,64.0,52240.0,0.9990339793915604,1.0,sustained_overload,contiguous
1779703980.1323347,53581,64,52368,41808,5.0725078253321954e-05,48.389822947198724,87.49120116233826,91.27664685249329,0.0,48.4117503675104,0.03652811649456695,0.00025271291109784765,6.907571575598802e-05,5.268578200450956e-05,1.0,0,1.0,91.36377716064453,0.12221203788573175,470401.3223910772,55.606523955147814,0.0,22.87727665901184,91.40881419181824,51.92453145980835,1945.10766051111,29.019531898145324,1198.8519820535178,64.0,0.0,512.0087720801138,574.8870423355663,64.0,52304.0,0.9990349264705882,1.0,sustained_overload,contiguous
1779703980.2451794,53637,64,52432,41744,5.227917188221909e-05,48.451554839833726,87.60114288330078,91.38920402526855,0.0,48.474110959390536,0.03652811649456695,0.00025271291109784765,6.907571575598802e-05,5.267543889165066e-05,1.0,0,1.0,91.4766218662262,0.12206286237412267,464638.5466623002,55.67448182127082,0.0,22.87727665901184,91.5216588973999,51.92453145980835,1945.10766051111,29.019531898145324,1198.8519820535178,64.0,0.0,496.2572210308364,567.1511097495272,64.0,52368.0,0.9990358716944172,1.0,sustained_overload,contiguous
1779703980.3696887,53694,64,52164,42012,4.763671876162334e-05,48.52536017280627,87.72384476661682,91.51416254043579,0.0,48.54669736908577,0.036552242040634154,0.00025170087814331056,6.907571575598802e-05,5.267360735132428e-05,1.0,0,1.0,91.6011312007904,0.12268997776244152,429855.32118798234,55.38990825688074,0.0,22.87727665901184,91.64616823196411,59.07644772529602,1794.027647212318,29.24053863216849,1203.2282737090973,0.0,268.0,457.7970013212569,2152.4490588438043,577.0,52944.0,0.9990368150684932,1.0,sustained_overload,contiguous
1779703980.4815211,53754,64,52228,41948,5.1387625049414964e-05,48.582438855783316,87.83178424835205,91.62569642066956,0.0,48.60415485572596,0.036552242040634154,0.00025170087814331056,6.893702915736608e-05,5.2716561063427415e-05,1.0,0,1.0,91.7129635810852,0.12253963391284368,467020.3733688086,55.45786612300374,0.0,22.87727665901184,91.75800061225891,59.07644772529602,1794.027647212318,29.24053863216849,1203.2282737090973,64.0,0.0,536.5172398355004,572.2850558245339,64.0,52164.0,0.9990377565982405,1.0,sustained_overload,contiguous
1779703980.593379,53813,64,52292,41884,5.603051562275141e-05,48.64022350281705,87.93933296203613,91.73703789710999,0.0,48.662919645641374,0.036552242040634154,0.00025170087814331056,6.893702915736608e-05,5.261500619643983e-05,1.0,0,1.0,91.82482147216797,0.12238965807389275,467486.0172476266,55.52582398912674,0.0,22.87727665901184,91.86985850334167,59.07644772529602,1794.027647212318,29.24053863216849,1203.2282737090973,64.0,0.0,527.4549647672678,572.1545380526295,64.0,52228.0,0.9990386962890625,1.0,sustained_overload,contiguous
1779703980.7076147,53871,64,52356,41820,5.601893745676989e-05,48.69932841121874,88.04697012901306,91.8488073348999,0.0,48.72209856739653,0.036552242040634154,0.00025170087814331056,6.893702915736608e-05,5.2625792817938584e-05,1.0,0,1.0,91.93905711174011,0.12224004889601957,458315.8127891906,55.593781855249745,0.0,22.87727665901184,91.98409414291382,59.07644772529602,1794.027647212318,29.24053863216849,1203.2282737090973,64.0,0.0,507.7224604968496,560.2454736516961,64.0,52292.0,0.9990396341463414,1.0,sustained_overload,contiguous
1779703980.8204267,53928,64,52420,41756,6.535046873068495e-05,48.76321114056603,88.15892910957336,91.96447849273682,0.0,48.78512512986341,0.036552242040634154,0.00025170087814331056,6.893702915736608e-05,5.2638462315707926e-05,1.0,0,1.0,92.05186915397644,0.1220908050362457,464666.7054407737,55.66173972137275,0.0,22.87727665901184,92.09690618515015,59.07644772529602,1794.027647212318,29.24053863216849,1203.2282737090973,64.0,0.0,505.26520812903664,567.3153214080411,64.0,52356.0,0.9990405701754386,1.0,sustained_overload,contiguous
1779703980.9318886,53983,64,52484,41692,4.838917183747071e-05,48.82435180506252,88.26516342163086,92.07559990882874,0.0,48.846036513879646,0.036552242040634154,0.00025170087814331056,6.893702915736608e-05,5.263417537910367e-05,1.0,0,1.0,92.16333103179932,0.12194192515814344,470869.5118469321,55.72969758749575,0.0,22.87727665901184,92.20836806297302,59.07644772529602,1794.027647212318,29.24053863216849,1203.2282737090973,64.0,0.0,493.4422519545245,574.1873477289013,64.0,52420.0,0.9990415043816943,1.0,sustained_overload,contiguous
1779703981.0569513,54039,64,52897,41279,4.14200937939313e-05,48.896672611255035,88.38500356674194,92.19853210449219,0.0,48.9189538421474,0.03657724845468702,0.0002507439893276537,6.893702915736608e-05,5.260842515609053e-05,1.0,0,1.0,92.28839373588562,0.12098984819554984,436557.00873318326,56.168238192320764,0.0,22.87727665901184,92.33343076705933,43.628987312316895,2206.7933840601813,29.345563805016287,1210.5535664853826,413.0,0.0,447.775381230805,3302.343436577187,1089.0,53508.0,0.999042436770428,1.0,sustained_overload,contiguous
1779703981.1675737,54095,64,52961,41215,4.181392188229438e-05,48.95665602888558,88.49315023422241,92.30942988395691,0.0,48.97821616770367,0.03657724845468702,0.0002507439893276537,6.874214262651974e-05,5.259510451382913e-05,1.0,0,1.0,92.39901614189148,0.12084363965937199,478754.72892168694,56.23619605844377,0.0,22.87727665901184,92.44405317306519,43.628987312316895,2206.7933840601813,29.345563805016287,1210.5535664853826,64.0,0.0,506.2265595365357,578.5446394703266,64.0,52897.0,0.9990433673469388,1.0,sustained_overload,contiguous
1779703981.2813802,54153,64,53025,41151,5.1281015629456306e-05,49.017377219931085,88.60291647911072,92.4228892326355,0.0,49.03968645420717,0.03657724845468702,0.0002507439893276537,6.874214262651974e-05,5.251469386591196e-05,1.0,0,1.0,92.51282262802124,0.1206977840641207,465922.4777359487,56.30415392456677,0.0,22.87727665901184,92.55785965919495,43.628987312316895,2206.7933840601813,29.345563805016287,1210.5535664853826,64.0,0.0,509.6370336385671,562.3581060839361,64.0,52961.0,0.9990442961165048,1.0,sustained_overload,contiguous
1779703981.3922064,54214,64,53089,41087,5.074285942896495e-05,49.07463074902516,88.7115683555603,92.53558921813965,0.0,49.09601549591994,0.03657724845468702,0.0002507439893276537,6.874214262651974e-05,5.257313235313849e-05,1.0,0,1.0,92.62364888191223,0.12055228013336096,479029.0940648267,56.37211179068977,0.0,22.87727665901184,92.66868591308594,43.628987312316895,2206.7933840601813,29.345563805016287,1210.5535664853826,64.0,0.0,550.4110971755812,577.4804953973311,64.0,53025.0,0.9990452230843841,1.0,sustained_overload,contiguous
1779703981.5018058,54274,64,53153,41023,4.178395309395455e-05,49.12971493199311,88.81704545021057,92.64520573616028,0.0,49.15117763658947,0.03657724845468702,0.0002507439893276537,6.874214262651974e-05,5.2547204374733944e-05,1.0,0,1.0,92.73324823379517,0.12040712659680546,484975.4956286043,56.440069656812774,0.0,22.87727665901184,92.77828526496887,43.628987312316895,2206.7933840601813,29.345563805016287,1210.5535664853826,64.0,0.0,547.4484927984546,583.9450589850182,64.0,53089.0,0.999046148255814,1.0,sustained_overload,contiguous
1779703981.6148589,54335,64,53217,40959,5.937190633176215e-05,49.18591721670901,88.92413568496704,92.75685000419617,0.0,49.207806084056756,0.03657724845468702,0.0002507439893276537,6.874214262651974e-05,5.2593568105467484e-05,1.0,0,1.0,92.84630131721497,0.12026232219027753,470725.77226743486,56.50802752293578,0.0,22.87727665901184,92.89133834838867,43.628987312316895,2206.7933840601813,29.345563805016287,1210.5535664853826,64.0,0.0,539.5695380858283,566.1057448769346,64.0,53153.0,0.9990470716360116,1.0,sustained_overload,contiguous
1779703981.7340062,54393,64,53281,40895,4.835973446404296e-05,49.2468773388018,89.03407168388367,92.87056112289429,0.0,49.271038805745434,0.03657724845468702,0.0002507439893276537,6.874214262651974e-05,5.2608375939941065e-05,1.0,0,1.0,92.96544861793518,0.12011786565567463,447185.95954696444,56.57598538905878,0.0,22.87727665901184,93.01048564910889,43.628987312316895,2206.7933840601813,29.345563805016287,1210.5535664853826,64.0,0.0,486.7923960459439,537.1502301196622,64.0,53217.0,0.9990479932301741,1.0,sustained_overload,contiguous
1779703981.8481085,54452,64,53345,40831,5.5386312482141875e-05,49.31164158965205,89.14871144294739,92.98900604248047,0.0,49.33405906789805,0.03657724845468702,0.0002507439893276537,6.874214262651974e-05,5.2593395412884824e-05,1.0,0,1.0,93.0795509815216,0.11997375574093168,467518.79911404575,56.64394325518178,0.0,22.87727665901184,93.12458801269531,43.628987312316895,2206.7933840601813,29.345563805016287,1210.5535664853826,64.0,0.0,517.079560366083,560.8998620920222,64.0,53281.0,0.9990489130434783,1.0,sustained_overload,contiguous
1779703981.9627974,54516,64,53409,40767,6.221971877096166e-05,49.36873976730308,89.25853490829468,93.1042914390564,0.0,49.39051303149241,0.03657724845468702,0.0002507439893276537,6.874214262651974e-05,5.2593301314696815e-05,1.0,0,1.0,93.19423985481262,0.11982999119998503,465685.9769166805,56.711901121304784,0.0,22.87727665901184,93.23927688598633,43.628987312316895,2206.7933840601813,29.345563805016287,1210.5535664853826,64.0,0.0,558.0314651588226,558.0314651588226,64.0,53345.0,0.999049831081081,1.0,sustained_overload,contiguous
1779703982.075188,54573,64,53473,40703,4.0928406221496516e-05,49.42937805872695,89.36634969711304,93.21679306030273,0.0,49.451772432493364,0.03657724845468702,0.0002507439893276537,6.874214262651974e-05,5.259203895679751e-05,1.0,0,1.0,93.3066303730011,0.11968657079273652,475778.5697751379,56.77985898742779,0.0,22.87727665901184,93.3516674041748,43.628987312316895,2206.7933840601813,29.345563805016287,1210.5535664853826,64.0,0.0,507.16022061943147,569.4430547305898,64.0,53409.0,0.9990507473481196,1.0,sustained_overload,contiguous
1779703982.2033067,54632,64,52757,41419,4.258620307950878e-05,49.50351398161709,89.49143099784851,93.34440541267395,0.0,49.52551235920391,0.036611560547705924,0.0002498201804585976,6.874214262651974e-05,5.257285817335353e-05,1.0,0,1.0,93.43474912643433,0.12131091608696476,421874.22646263556,56.01958036017669,0.0,22.87727665901184,93.47978615760803,53.54059386253357,2183.03766052187,29.520890109780908,1217.6005526740526,0.0,716.0,460.51025645320067,5588.565146110029,321.0,53729.0,0.999051661849711,1.0,sustained_overload,contiguous
1779703982.3155053,54690,64,52821,41355,4.825264068131219e-05,49.56227978347108,89.5993115901947,93.45596146583557,0.0,49.58464160728611,0.036611560547705924,0.0002498201804585976,6.856778088737937e-05,5.257179126473574e-05,1.0,0,1.0,93.54694771766663,0.12116393101228677,470781.3121346381,56.08753822629969,0.0,22.87727665901184,93.59198474884033,53.54059386253357,2183.03766052187,29.520890109780908,1217.6005526740526,64.0,0.0,516.9405369797809,570.4171442535513,64.0,52757.0,0.9990525745909529,1.0,sustained_overload,contiguous
1779703982.427559,54749,64,52885,41291,4.707550002081007e-05,49.62177401446239,89.70883202552795,93.569162607193,0.0,49.64374117161087,0.036611560547705924,0.0002498201804585976,6.856778088737937e-05,5.255470652227651e-05,1.0,0,1.0,93.65900135040283,0.12101730169235134,471961.4947647488,56.155496092422695,0.0,22.87727665901184,93.70403838157654,53.54059386253357,2183.03766052187,29.520890109780908,1217.6005526740526,64.0,0.0,526.5335764606255,571.155065991187,64.0,52821.0,0.9990534855769231,1.0,sustained_overload,contiguous
1779703982.541334,54808,64,52949,41227,4.233110942664098e-05,49.67839604545736,89.81428360939026,93.67948746681213,0.0,49.70209370463513,0.036611560547705924,0.0002498201804585976,6.856778088737937e-05,5.2496836045366346e-05,1.0,0,1.0,93.77277636528015,0.12087102683714518,465383.37135876046,56.2234539585457,0.0,22.87727665901184,93.81781339645386,53.54059386253357,2183.03766052187,29.520890109780908,1217.6005526740526,64.0,0.0,518.5672800273256,562.5136596906583,64.0,52885.0,0.9990543948126801,1.0,sustained_overload,contiguous
1779703982.6540976,54869,64,53013,41163,4.1438828120021753e-05,49.73671998377361,89.92330288887024,93.79333710670471,0.0,49.75924735664077,0.036611560547705924,0.0002498201804585976,6.856778088737937e-05,5.2458309180726294e-05,1.0,0,1.0,93.88554000854492,0.12072510516288458,470124.93091877835,56.2914118246687,0.0,22.87727665901184,93.93057703971863,53.54059386253357,2183.03766052187,29.520890109780908,1217.6005526740526,64.0,0.0,540.954497690104,567.5588172486337,64.0,52949.0,0.999055302303263,1.0,sustained_overload,contiguous
1779703982.769873,54932,64,53077,41099,4.574184376338053e-05,49.79229095804897,90.03242993354797,93.90623807907104,0.0,49.8172012783938,0.036611560547705924,0.0002498201804585976,6.856778088737937e-05,5.2457570700330183e-05,1.0,0,1.0,94.0013153553009,0.12057953539197769,458448.2058332321,56.3593696907917,0.0,22.87727665901184,94.04635238647461,53.54059386253357,2183.03766052187,29.520890109780908,1217.6005526740526,64.0,0.0,544.1572991595912,552.7947166065688,64.0,53013.0,0.9990562080536913,1.0,sustained_overload,contiguous
1779703982.8827055,54990,64,53141,41035,4.407554686736148e-05,49.85723628570056,90.14637398719788,94.0240204334259,0.0,49.87890555571145,0.036611560547705924,0.0002498201804585976,6.856778088737937e-05,5.2456546440024333e-05,1.0,0,1.0,94.11414790153503,0.12043431625298734,470972.266191094,56.427327556914705,0.0,22.87727665901184,94.15918493270874,53.54059386253357,2183.03766052187,29.520890109780908,1217.6005526740526,64.0,0.0,514.0360821039019,567.2122285284435,64.0,53077.0,0.9990571120689655,1.0,sustained_overload,contiguous
1779703982.997644,55047,64,53205,40971,4.6727124939138776e-05,49.917718923444234,90.25396919250488,94.13642501831055,0.0,49.93998027492937,0.036611560547705924,0.0002498201804585976,6.856778088737937e-05,5.246273144171728e-05,1.0,0,1.0,94.22908639907837,0.12028944648059393,462899.7345292447,56.49528542303772,0.0,22.87727665901184,94.27412343025208,53.54059386253357,2183.03766052187,29.520890109780908,1217.6005526740526,64.0,0.0,495.9173925038427,556.8195284253673,64.0,53141.0,0.9990580143540669,1.0,sustained_overload,contiguous
1779703983.1076949,55100,64,53269,40907,4.387531254224086e-05,49.9814263736183,90.36321234703064,94.2484483718872,0.0,50.003164994415954,0.036611560547705924,0.0002498201804585976,6.856778088737937e-05,5.2440255263630396e-05,1.0,0,1.0,94.33913731575012,0.12014492481555877,484039.5846850106,56.563243289160724,0.0,22.87727665901184,94.38417434692383,53.54059386253357,2183.03766052187,29.520890109780908,1217.6005526740526,64.0,0.0,481.5952615649921,581.5489950973489,64.0,53205.0,0.9990589149139579,1.0,sustained_overload,contiguous
1779703983.217737,55155,64,53333,40843,4.227493755593059e-05,50.04203340312396,90.47027897834778,94.3591890335083,0.0,50.063943990810934,0.036611560547705924,0.0002498201804585976,6.856778088737937e-05,5.242767735638294e-05,1.0,0,1.0,94.44917941093445,0.12000075000468753,484659.9831697541,56.631201155283726,0.0,22.87727665901184,94.49421644210815,53.54059386253357,2183.03766052187,29.520890109780908,1217.6005526740526,64.0,0.0,499.80873144838046,581.5956147762972,64.0,53269.0,0.9990598137535817,1.0,sustained_overload,contiguous
1779703983.3455288,55215,64,53016,41160,4.284381247998681e-05,50.11406011824322,90.59403324127197,94.48541498184204,0.0,50.135952765008824,0.03664059709445596,0.0002488549706971117,6.856778088737937e-05,5.241042827742129e-05,1.0,0,1.0,94.57697129249573,0.12071827372868568,421857.7842454636,56.29459734964322,0.0,22.87727665901184,94.62200832366943,40.245967626571655,1930.150495648577,29.598048940836954,1222.7268112566032,0.0,317.0,469.5133937066929,2480.5957634170277,321.0,53589.0,0.9990607108778626,1.0,sustained_overload,contiguous
1779703983.4603653,55272,64,53080,41096,5.51202500389536e-05,50.175835454308164,90.70389652252197,94.59917187690735,0.0,50.198227260764185,0.03664059709445596,0.0002488549706971117,6.841358385587994e-05,5.242570986319935e-05,1.0,0,1.0,94.6918077468872,0.12057272042200451,462222.5606082311,56.36255521576623,0.0,22.87727665901184,94.73684477806091,40.245967626571655,1930.150495648577,29.598048940836954,1222.7268112566032,64.0,0.0,496.3580624466687,557.314315729593,64.0,53016.0,0.9990616062917064,1.0,sustained_overload,contiguous
1779703983.5858343,55332,64,52894,41282,4.5349874952194114e-05,50.245695413343846,90.82560133934021,94.72323226928711,0.0,50.268349956660366,0.036665792558707444,0.00024790156121347464,6.841358385587994e-05,5.231129944041415e-05,1.0,0,1.0,94.8172767162323,0.12099671040193595,439893.6269907174,56.16505266734625,0.0,22.87727665901184,94.862313747406,74.68333911895752,1232.6278835906264,29.92008672782353,1222.7975332018461,0.0,186.0,478.2058887801541,1482.4382552184777,1089.0,54104.0,0.9990625,1.0,sustained_overload,contiguous
1779703983.698508,55388,64,52958,41218,4.702514065968444e-05,50.307273979765306,90.93263244628906,94.83591222763062,0.0,50.32937980284418,0.036665792558707444,0.00024790156121347464,6.822375364081805e-05,5.229729765356757e-05,1.0,0,1.0,94.92995047569275,0.12085048529023,470011.8310917755,56.233010533469255,0.0,22.87727665901184,94.97498750686646,74.68333911895752,1232.6278835906264,29.92008672782353,1222.7975332018461,64.0,0.0,497.0101314464184,568.0115787959068,64.0,52894.0,0.9990633920076119,1.0,sustained_overload,contiguous
1779703983.8154118,55444,64,53022,41154,4.472448434000853e-05,50.36787224676655,91.04067516326904,94.94761776924133,0.0,50.39412045109532,0.036665792558707444,0.00024790156121347464,6.822375364081805e-05,5.2186028193152814e-05,1.0,0,1.0,95.04685425758362,0.12070461317943496,453552.4783064467,56.30096839959226,0.0,22.87727665901184,95.09189128875732,74.68333911895752,1232.6278835906264,29.92008672782353,1222.7975332018461,64.0,0.0,479.02641894234495,547.458764505537,64.0,52958.0,0.9990642823193916,1.0,sustained_overload,contiguous
1779703983.9287372,55500,64,53086,41090,5.8520140626683315e-05,50.43520674659023,91.15510487556458,95.06609892845154,0.0,50.456873789375095,0.036665792558707444,0.00024790156121347464,6.822375364081805e-05,5.220824437589875e-05,1.0,0,1.0,95.16017961502075,0.12055909279282673,468438.8489967832,56.36892626571526,0.0,22.87727665901184,95.20521664619446,74.68333911895752,1232.6278835906264,29.92008672782353,1222.7975332018461,64.0,0.0,494.1524233097212,564.7456266396814,64.0,53022.0,0.9990651709401709,1.0,sustained_overload,contiguous
1779703984.042036,55555,64,53150,41026,5.6332031235228897e-05,50.4978338376883,91.26538610458374,95.17895865440369,0.0,50.52055328037932,0.036665792558707444,0.00024790156121347464,6.822375364081805e-05,5.219954353112091e-05,1.0,0,1.0,95.2734785079956,0.12041392285983066,469113.14492540143,56.43688413183826,0.0,22.87727665901184,95.31851553916931,74.68333911895752,1232.6278835906264,29.92008672782353,1222.7975332018461,64.0,0.0,485.4416363292018,564.8775404557985,64.0,53086.0,0.9990660578747628,1.0,sustained_overload,contiguous
1779703984.1544852,55611,64,53214,40962,4.3232250035885045e-05,50.55890241776873,91.37491393089294,95.29117441177368,0.0,50.5813826463553,0.036665792558707444,0.00024790156121347464,6.822375364081805e-05,5.2190505434820435e-05,1.0,0,1.0,95.38592767715454,0.12026910211598452,473227.1514144083,56.504841997961265,0.0,22.87727665901184,95.43096470832825,74.68333911895752,1232.6278835906264,29.92008672782353,1222.7975332018461,64.0,0.0,498.0027902282644,569.1460459751594,64.0,53150.0,0.9990669431279621,1.0,sustained_overload,contiguous
1779703984.2845025,55668,64,53385,40791,5.291112499605788e-05,50.63669388912914,91.50071358680725,95.42075419425964,0.0,50.658953884201935,0.03671148928200326,0.0002470504946824981,6.822375364081805e-05,5.224645456984558e-05,1.0,0,1.0,95.51594495773315,0.11988386250819519,425535.7422780985,56.686416921508666,0.0,22.87727665901184,95.56098198890686,66.47899889945984,1821.2616353174742,30.179369792870595,1227.0419594579853,171.0,0.0,438.40326259966406,1315.2097877989922,1089.0,54238.0,0.9990678267045454,1.0,sustained_overload,contiguous
1779703984.4107556,55727,64,52522,41654,5.096685944749879e-05,50.708220907362744,91.62335658073425,95.5458619594574,0.0,50.73033332297029,0.03674628086460447,0.00024612320279612126,6.805127755754944e-05,5.2230915826327575e-05,1.0,0,1.0,95.64219808578491,0.12185369940215529,431466.537428429,55.770047570506286,0.0,22.87727665901184,95.68723511695862,43.75597381591797,2162.610444584994,30.274979680356847,1233.6304699166265,0.0,863.0,467.31515417038054,6835.47420422099,577.0,53897.0,0.9990687086092715,1.0,sustained_overload,contiguous
1779703984.526834,55787,64,52586,41590,4.76635312338658e-05,50.76818594915013,91.73453783988953,95.66066455841064,0.0,50.79058367077372,0.03674628086460447,0.00024612320279612126,6.79931421389525e-05,5.2207627250517616e-05,1.0,0,1.0,95.75827646255493,0.12170539687369263,453021.49688211177,55.83800543662929,0.0,22.87727665901184,95.80331349372864,43.75597381591797,2162.610444584994,30.274979680356847,1233.6304699166265,64.0,0.0,516.8921350345473,551.3516107035172,64.0,52522.0,0.9990695888468809,1.0,sustained_overload,contiguous
1779703984.6375744,55846,64,52650,41526,4.5216281250759494e-05,50.827183749591875,91.84243321418762,95.773592710495,0.0,50.84886511921425,0.03674628086460447,0.00024612320279612126,6.79931421389525e-05,5.207674970718852e-05,1.0,0,1.0,95.86901688575745,0.12155745489078823,475436.145875271,55.90596330275229,0.0,22.87727665901184,95.91405391693115,43.75597381591797,2162.610444584994,30.274979680356847,1233.6304699166265,64.0,0.0,532.7774474195819,577.9280785568346,64.0,52586.0,0.9990704674220963,1.0,sustained_overload,contiguous
1779703984.75121,55903,64,52714,41462,4.4400609382933e-05,50.88699792105733,91.95070719718933,95.88552522659302,0.0,50.909181819220095,0.03674628086460447,0.00024612320279612126,6.79931421389525e-05,5.2075520370857134e-05,1.0,0,1.0,95.98265242576599,0.12140987214022841,463886.5622149208,55.97392116887529,0.0,22.87727665901184,96.0276894569397,43.75597381591797,2162.610444584994,30.274979680356847,1233.6304699166265,64.0,0.0,501.60363558543247,563.2040820608365,64.0,52650.0,0.9990713443396226,1.0,sustained_overload,contiguous
1779703984.8676982,55960,64,52778,41398,5.561093750827695e-05,50.949966992449994,92.06225848197937,96.00063252449036,0.0,50.9734750910905,0.03674628086460447,0.00024612320279612126,6.79931421389525e-05,5.2054918101754445e-05,1.0,0,1.0,96.09914064407349,0.1212626473151692,453075.8626651958,56.041879034998296,0.0,22.87727665901184,96.14417767524719,43.75597381591797,2162.610444584994,30.274979680356847,1233.6304699166265,64.0,0.0,489.3198713842161,549.4117854138567,64.0,52714.0,0.999072219604147,1.0,sustained_overload,contiguous
1779703984.9834948,56019,64,52842,41334,4.730717185452704e-05,51.0132691078432,92.17449808120728,96.11790752410889,0.0,51.03583167780088,0.03674628086460447,0.00024612320279612126,6.79931421389525e-05,5.2065487805650633e-05,1.0,0,1.0,96.21493721008301,0.12111577911509783,456334.7759004789,56.1098369011213,0.0,22.87727665901184,96.25997424125671,43.75597381591797,2162.610444584994,30.274979680356847,1233.6304699166265,64.0,0.0,509.5142458296101,552.6934192050007,64.0,52778.0,0.999073093220339,1.0,sustained_overload,contiguous
1779703985.0961049,56073,64,52906,41270,4.672971871855225e-05,51.07602527620747,92.2843189239502,96.23009157180786,0.0,51.098257318275955,0.03674628086460447,0.00024612320279612126,6.79931421389525e-05,5.235436717537057e-05,1.0,0,1.0,96.32754731178284,0.12096926624579442,469815.7554375097,56.17779476724431,0.0,22.87727665901184,96.37258434295654,43.75597381591797,2162.610444584994,30.274979680356847,1233.6304699166265,64.0,0.0,479.53069205053345,568.3326720598915,64.0,52842.0,0.9990739651928504,1.0,sustained_overload,contiguous
1779703985.2221556,56130,64,52420,41756,4.320054694062492e-05,51.14897672467769,92.40562772750854,96.35496306419373,0.0,51.171195477821165,0.036769200062406235,0.0002451864417624358,6.79931421389525e-05,5.2295771959583726e-05,1.0,0,1.0,96.45359802246094,0.1220908050362457,428359.34608800913,55.66173972137275,0.0,22.87727665901184,96.49863505363464,56.55900192260742,2153.324982858103,30.458784031701256,1240.0619000770564,0.0,486.0,452.1989578112144,3855.5911139693017,577.0,53418.0,0.9990748355263158,1.0,sustained_overload,contiguous
1779703985.3498309,56189,64,50874,43302,5.600931254434727e-05,51.22117847702834,92.52908897399902,96.479501247406,0.0,51.24341374198498,0.03683895243412,0.0002433808796713797,6.785256522042411e-05,5.233000058467527e-05,1.0,0,1.0,96.58127331733704,0.12580099854542595,423120.2289560026,54.02013251783894,0.0,22.87727665901184,96.62631034851074,35.37370848655701,2344.3836849464583,30.649713289326634,1253.9182212176515,0.0,1546.0,462.10976099374614,12108.84221180223,834.0,53188.0,0.9990757042253521,1.0,sustained_overload,contiguous
1779703985.4610255,56244,64,50938,43238,4.439782816234583e-05,51.281791332553446,92.63666558265686,96.59049677848816,0.0,51.30376442118896,0.03683895243412,0.0002433808796713797,6.751152081678142e-05,5.220048815277641e-05,1.0,0,1.0,96.69246792793274,0.12564293847422356,458097.7416720985,54.08809038396194,0.0,22.87727665901184,96.73750495910645,35.37370848655701,2344.3836849464583,30.649713289326634,1253.9182212176515,64.0,0.0,494.6282891351333,575.5674637208824,64.0,50874.0,0.9990765712945591,1.0,sustained_overload,contiguous
1779703985.5756211,56298,64,51002,43174,5.4194499938375884e-05,51.346355107622685,92.74717664718628,96.70455813407898,0.0,51.36791749181709,0.03683895243412,0.0002433808796713797,6.751152081678142e-05,5.2185313686783244e-05,1.0,0,1.0,96.80706357955933,0.1254852750872515,445060.5173588211,54.15604825008494,0.0,22.87727665901184,96.85210061073303,35.37370848655701,2344.3836849464583,30.649713289326634,1253.9182212176515,64.0,0.0,471.2220684948892,558.4854145124613,64.0,50938.0,0.9990774367385192,1.0,sustained_overload,contiguous
1779703985.689205,56355,64,51066,43110,4.973596878699027e-05,51.40773051866302,92.85367107391357,96.81816673278809,0.0,51.430241230479595,0.03683895243412,0.0002433808796713797,6.751152081678142e-05,5.2123550505692256e-05,1.0,0,1.0,96.9206473827362,0.12532800689304038,449588.7492028841,54.224006116207946,0.0,22.87727665901184,96.96568441390991,35.37370848655701,2344.3836849464583,30.649713289326634,1253.9182212176515,64.0,0.0,501.8321134328985,563.4606185913246,64.0,51002.0,0.9990783005617978,1.0,sustained_overload,contiguous
1779703985.8029575,56410,64,51130,43046,6.099670311243699e-05,51.47136480898919,92.96513366699219,96.93222975730896,0.0,51.49373858080651,0.03683895243412,0.0002433808796713797,6.751152081678142e-05,5.227836375865123e-05,1.0,0,1.0,97.03439998626709,0.1251711324075885,449484.2176172102,54.29196398233096,0.0,22.87727665901184,97.0794370174408,35.37370848655701,2344.3836849464583,30.649713289326634,1253.9182212176515,64.0,0.0,483.5054169557317,562.6244851848514,64.0,51066.0,0.9990791627689429,1.0,sustained_overload,contiguous
1779703985.9166052,56466,64,51194,42982,5.537126570231976e-05,51.534042398884374,93.07528972625732,97.0462577342987,0.0,51.5564553479064,0.03683895243412,0.0002433808796713797,6.751152081678142e-05,5.221607599575223e-05,1.0,0,1.0,97.14804768562317,0.12501465015431495,450462.26443704596,54.359921848453965,0.0,22.87727665901184,97.19308471679688,35.37370848655701,2344.3836849464583,30.649713289326634,1253.9182212176515,64.0,0.0,492.75084596778083,563.1438239631781,64.0,51130.0,0.999080023364486,1.0,sustained_overload,contiguous
1779703986.0297048,56519,64,51258,42918,4.5791874939027366e-05,51.597509449307665,93.18255400657654,97.15835309028625,0.0,51.619844630525556,0.03683895243412,0.0002433808796713797,6.751152081678142e-05,5.2208910353539445e-05,1.0,0,1.0,97.2611472606659,0.12485855866401342,453211.2519488842,54.42787971457697,0.0,22.87727665901184,97.3061842918396,35.37370848655701,2344.3836849464583,30.649713289326634,1253.9182212176515,64.0,0.0,468.6136086716388,565.8730368865073,64.0,51194.0,0.9990808823529411,1.0,sustained_overload,contiguous
1779703986.144152,56574,64,51322,42854,5.3734812496486484e-05,51.66116958568232,93.292964220047,97.27248048782349,0.0,51.68373860078012,0.03683895243412,0.0002433808796713797,6.751152081678142e-05,5.216580810842856e-05,1.0,0,1.0,97.3755943775177,0.12470285647480613,448434.1887481095,54.49583758069997,0.0,22.87727665901184,97.4206314086914,35.37370848655701,2344.3836849464583,30.649713289326634,1253.9182212176515,64.0,0.0,480.57130238778734,559.2102427785162,64.0,51258.0,0.999081739738806,1.0,sustained_overload,contiguous
1779703986.2582912,56629,64,51386,42790,6.0010906238971984e-05,51.72530095929763,93.40349388122559,97.38709545135498,0.0,51.74742820095049,0.03683895243412,0.0002433808796713797,6.751152081678142e-05,5.224053576005616e-05,1.0,0,1.0,97.48973369598389,0.12454754213209825,450204.19510585186,54.56379544682297,0.0,22.87727665901184,97.53477072715759,35.37370848655701,2344.3836849464583,30.649713289326634,1253.9182212176515,64.0,0.0,481.8672543265063,560.7182595799346,64.0,51322.0,0.9990825955265611,1.0,sustained_overload,contiguous
1779703986.3692145,56687,64,51450,42726,4.804254686519016e-05,51.78345700983624,93.51104211807251,97.49846315383911,0.0,51.80610296589584,0.03683895243412,0.0002433808796713797,6.751152081678142e-05,5.2213409604674895e-05,1.0,0,1.0,97.60065698623657,0.12439261418853255,463834.0594008331,54.631753312945975,0.0,22.87727665901184,97.64569401741028,35.37370848655701,2344.3836849464583,30.649713289326634,1253.9182212176515,64.0,0.0,522.8838764868478,576.9753119854872,64.0,51386.0,0.9990834497206704,1.0,sustained_overload,contiguous
1779703986.4854264,56749,64,51514,42662,5.3995031251474757e-05,51.84194037806197,93.62164378166199,97.61381721496582,0.0,51.86478871519171,0.03683895243412,0.0002433808796713797,6.751152081678142e-05,5.2238711794417316e-05,1.0,0,1.0,97.71686887741089,0.12423807120394456,443276.4967461861,54.69971117906898,0.0,22.87727665901184,97.7619059085846,35.37370848655701,2344.3836849464583,30.649713289326634,1253.9182212176515,64.0,0.0,533.508226856069,550.7181696578776,64.0,51450.0,0.9990843023255814,1.0,sustained_overload,contiguous
1779703986.6179407,56807,64,51520,42656,6.412782812503792e-05,51.919800749777124,93.74733138084412,97.74466395378113,0.0,51.94315820464917,0.036877442541576565,0.00024256138574509393,6.751152081678142e-05,5.225576076213773e-05,1.0,0,1.0,97.84938311576843,0.12422360248447205,396961.1164203273,54.70608222901801,0.0,22.87727665901184,97.89442014694214,33.883488178253174,2451.434726923087,30.671862432401475,1262.1203890649492,6.0,0.0,437.68881532192046,45.27815330916418,577.0,52026.0,0.9990851533457249,1.0,sustained_overload,contiguous
1779703986.7303824,56866,64,51584,42592,4.894782816222687e-05,51.97958392492147,93.85737323760986,97.85861301422119,0.0,52.00249364432917,0.036877442541576565,0.00024256138574509393,6.733181771267666e-05,5.226048184026092e-05,1.0,0,1.0,97.96182489395142,0.12406947890818859,458761.86621714744,54.77404009514101,0.0,22.87727665901184,98.00686192512512,33.883488178253174,2451.434726923087,30.671862432401475,1262.1203890649492,64.0,0.0,524.715999279073,569.1834568450961,64.0,51520.0,0.9990860027855153,1.0,sustained_overload,contiguous
1779703986.8439307,56923,64,51648,42528,4.861645312814744e-05,52.03970767490513,93.96136808395386,97.97108006477356,0.0,52.062874039642885,0.036877442541576565,0.00024256138574509393,6.733181771267666e-05,5.215988760818576e-05,1.0,0,1.0,98.07537317276001,0.12391573729863693,454854.97923805687,54.84199796126402,0.0,22.87727665901184,98.12041020393372,33.883488178253174,2451.434726923087,30.671862432401475,1262.1203890649492,64.0,0.0,501.9891150977625,563.6369011624,64.0,51584.0,0.9990868506493507,1.0,sustained_overload,contiguous
1779703986.958842,56985,64,51712,42464,6.50602501366393e-05,52.098355138063205,94.07117486000061,98.0866425037384,0.0,52.120687252854246,0.036877442541576565,0.00024256138574509393,6.733181771267666e-05,5.2280920612595225e-05,1.0,0,1.0,98.19028449058533,0.12376237623762376,450016.5952200642,54.90995582738702,0.0,22.87727665901184,98.23532152175903,33.883488178253174,2451.434726923087,30.671862432401475,1262.1203890649492,64.0,0.0,539.5465057171252,556.9512317080003,64.0,51648.0,0.9990876969416126,1.0,sustained_overload,contiguous
1779703987.071515,57044,64,51776,42400,4.521421871572784e-05,52.157114112910605,94.17982602119446,98.19957709312439,0.0,52.17992852060078,0.036877442541576565,0.00024256138574509393,6.733181771267666e-05,5.2253572958739e-05,1.0,0,1.0,98.30295753479004,0.12360939431396785,459524.284317107,54.977913693510025,0.0,22.87727665901184,98.34799456596375,33.883488178253174,2451.434726923087,30.671862432401475,1262.1203890649492,64.0,0.0,523.6389982754425,568.0151845699716,64.0,51712.0,0.9990885416666667,1.0,sustained_overload,contiguous
1779703987.1840067,57098,64,51840,42336,3.949523443225189e-05,52.21987936505388,94.28866386413574,98.31196975708008,0.0,52.241962824975694,0.036877442541576565,0.00024256138574509393,6.733181771267666e-05,5.222260804059627e-05,1.0,0,1.0,98.41544914245605,0.12345679012345678,460834.37756451557,55.04587155963303,0.0,22.87727665901184,98.46048617362976,33.883488178253174,2451.434726923087,30.671862432401475,1262.1203890649492,64.0,0.0,480.0358099630371,568.9313303265625,64.0,51776.0,0.9990893848288621,1.0,sustained_overload,contiguous
1779703987.298358,57156,64,51904,42272,5.905131251893181e-05,52.28067353725749,94.39882183074951,98.42605328559875,0.0,52.303753022412494,0.036877442541576565,0.00024256138574509393,6.733181771267666e-05,5.2344072192748726e-05,1.0,0,1.0,98.52980041503906,0.12330456226880394,453899.62724133907,55.11382942575603,0.0,22.87727665901184,98.57483744621277,33.883488178253174,2451.434726923087,30.671862432401475,1262.1203890649492,64.0,0.0,507.2090470868847,559.6789485096659,64.0,51840.0,0.9990902264325323,1.0,sustained_overload,contiguous
1779703987.4108396,57217,64,51968,42208,4.676028132166721e-05,52.337220724026686,94.50543999671936,98.53862309455872,0.0,52.359462993957955,0.036877442541576565,0.00024256138574509393,6.733181771267666e-05,5.231377815538362e-05,1.0,0,1.0,98.64228200912476,0.12315270935960591,462013.36691946705,55.18178729187903,0.0,22.87727665901184,98.68731904029846,33.883488178253174,2451.434726923087,30.671862432401475,1262.1203890649492,64.0,0.0,542.310948700883,568.9819789648609,64.0,51904.0,0.9990910664819944,1.0,sustained_overload,contiguous
1779703987.524386,57276,64,52032,42144,4.9505625028700706e-05,52.39624689764881,94.61515927314758,98.65185308456421,0.0,52.41949537107319,0.036877442541576565,0.00024256138574509393,6.733181771267666e-05,5.232779136935464e-05,1.0,0,1.0,98.75582838058472,0.12300123001230012,458244.4980934303,55.24974515800204,0.0,22.87727665901184,98.80086541175842,33.883488178253174,2451.434726923087,30.671862432401475,1262.1203890649492,64.0,0.0,519.611496531219,563.6463691186104,64.0,51968.0,0.9990919049815498,1.0,sustained_overload,contiguous
1779703987.6395965,57335,64,52096,42080,4.557351557821221e-05,52.456812138109555,94.72485542297363,98.76663494110107,0.0,52.48037775920729,0.036877442541576565,0.00024256138574509393,6.733181771267666e-05,5.232410133004901e-05,1.0,0,1.0,98.8710389137268,0.12285012285012285,452180.87773059506,55.317703024125045,0.0,22.87727665901184,98.91607594490051,33.883488178253174,2451.434726923087,30.671862432401475,1262.1203890649492,64.0,0.0,512.1059541251749,555.5047637967998,64.0,52032.0,0.9990927419354839,1.0,sustained_overload,contiguous
1779703987.7539496,57393,64,52160,42016,4.70063436921464e-05,52.5182252486849,94.83541083335876,98.88135743141174,0.0,52.54130714098099,0.036877442541576565,0.00024256138574509393,6.733181771267666e-05,5.233959515923563e-05,1.0,0,1.0,98.98539209365845,0.1226993865030675,456130.7348967542,55.38566089024805,0.0,22.87727665901184,99.03042912483215,33.883488178253174,2451.434726923087,30.671862432401475,1262.1203890649492,64.0,0.0,507.20058711678956,559.6696133702505,64.0,52096.0,0.9990935773480663,1.0,sustained_overload,contiguous
1779703987.8863618,57453,64,52224,41952,0.00011204898441974365,52.58964684221951,94.95767498016357,99.00797033309937,0.0,52.61591658760822,0.036877442541576565,0.00024256138574509393,6.733181771267666e-05,5.24992397079105e-05,1.0,0,1.0,99.11780428886414,0.12254901960784313,394404.75946249126,55.45361875637105,0.0,22.87727665901184,99.16284132003784,33.883488178253174,2451.434726923087,30.671862432401475,1262.1203890649492,64.0,0.0,453.1304681324578,483.33916600795493,64.0,52160.0,0.999094411223551,1.0,sustained_overload,contiguous
1779703988.1702867,57509,64,51816,42360,5.155218754282487e-05,52.82501685492958,95.24198460578918,99.29505634307861,0.0,52.84837496787048,0.03690317230766983,0.00024166491359331032,6.733181771267666e-05,5.248387881175694e-05,1.0,0,1.0,99.40172910690308,0.12351397251814111,187771.53884690735,55.020387359836896,0.0,22.87727665901184,99.44676613807678,73.19752764701843,1589.3530727212885,30.961152671956693,1264.3464617428833,0.0,408.0,197.2353117518581,1437.0001284778234,577.0,52736.0,0.9990952435661765,1.0,sustained_overload,contiguous
1779703988.283135,57564,64,51880,42296,3.9743328102304076e-05,52.88761964293694,95.35278224945068,99.40843152999878,0.0,52.9115471220482,0.03690317230766983,0.00024166491359331032,6.721006425399354e-05,5.24760941569405e-05,1.0,0,1.0,99.51457738876343,0.1233616037008481,459732.2984872813,55.0883452259599,0.0,22.87727665901184,99.55961441993713,73.19752764701843,1589.3530727212885,30.961152671956693,1264.3464617428833,64.0,0.0,487.3800388743345,567.1331361446802,64.0,51816.0,0.9990960743801653,1.0,sustained_overload,contiguous
1779703988.3977232,57620,64,51944,42232,4.466059380092702e-05,52.95081215792315,95.46168637275696,99.52332782745361,0.0,52.97438228474979,0.03690317230766983,0.00024166491359331032,6.721006425399354e-05,5.235913672578112e-05,1.0,0,1.0,99.62916564941406,0.12320961034960726,453309.96129150386,55.1563030920829,0.0,22.87727665901184,99.67420268058777,73.19752764701843,1589.3530727212885,30.961152671956693,1264.3464617428833,64.0,0.0,488.70625736031525,558.5214369832174,64.0,51880.0,0.9990969036697248,1.0,sustained_overload,contiguous
1779703988.5118864,57673,64,52008,42168,4.668098432603074e-05,53.0157368905468,95.57015609741211,99.63721919059753,0.0,53.039211155254684,0.03690317230766983,0.00024166491359331032,6.721006425399354e-05,5.2376421977797344e-05,1.0,0,1.0,99.74332880973816,0.12305799107829565,455558.5168836865,55.22426095820592,0.0,22.87727665901184,99.78836584091187,73.19752764701843,1589.3530727212885,30.961152671956693,1264.3464617428833,64.0,0.0,464.24783484916514,560.6011590631429,64.0,51944.0,0.9990977314390468,1.0,sustained_overload,contiguous
1779703988.6278768,57730,64,52072,42104,4.2198062544684944e-05,53.07829602166988,95.68113088607788,99.7524254322052,0.0,53.101150986775714,0.03690317230766983,0.00024166491359331032,6.721006425399354e-05,5.236404330447689e-05,1.0,0,1.0,99.85931921005249,0.12290674450760486,448933.7036417341,55.29221882432892,0.0,22.87727665901184,99.9043562412262,73.19752764701843,1589.3530727212885,30.961152671956693,1264.3464617428833,64.0,0.0,491.4199782527816,551.7698001434741,64.0,52008.0,0.9990985576923077,1.0,sustained_overload,contiguous
1779703988.742413,57789,64,52136,42040,5.082517192533942e-05,53.1397218042201,95.79244709014893,99.86834287643433,0.0,53.16101363229501,0.03690317230766983,0.00024166491359331032,6.721006425399354e-05,5.234676233364166e-05,1.0,0,1.0,99.97385549545288,0.12275586926499923,455191.992805995,55.36017669045192,0.0,22.87727665901184,100.01889252662659,73.19752764701843,1589.3530727212885,30.961152671956693,1264.3464617428833,64.0,0.0,515.1205995004163,558.7748875936719,64.0,52072.0,0.9990993824336688,1.0,sustained_overload,contiguous
1779703988.856023,57843,64,52200,41976,4.316376559643231e-05,53.20319823257831,95.90339159965515,99.98172640800476,0.0,53.226526807875906,0.03690317230766983,0.00024166491359331032,6.721006425399354e-05,5.2323876987557255e-05,1.0,0,1.0,100.08746552467346,0.12260536398467432,459466.4780751917,55.428134556574925,0.0,22.87727665901184,100.13250255584717,73.19752764701843,1589.3530727212885,30.961152671956693,1264.3464617428833,64.0,0.0,475.310149732957,563.3305478316528,64.0,52136.0,0.9991002056672761,1.0,sustained_overload,contiguous
1779703988.9732726,57904,64,52264,41912,4.8576906195307856e-05,53.261790212727064,96.01308560371399,100.09665608406067,0.0,53.287490383162336,0.03690317230766983,0.00024166491359331032,6.721006425399354e-05,5.233539976954297e-05,1.0,0,1.0,100.20471501350403,0.1224552273075157,445750.3441701574,55.49609242269793,0.0,22.87727665901184,100.24975204467773,73.19752764701843,1589.3530727212885,30.961152671956693,1264.3464617428833,64.0,0.0,520.2581316848998,545.8445971775998,64.0,52200.0,0.9991010273972603,1.0,sustained_overload,contiguous
1779703989.104369,57962,64,53244,40932,5.718835940626832e-05,53.339374858487055,96.13838744163513,100.2276680469513,0.0,53.362314167202854,0.03693273944674798,0.00024080164027663896,6.721006425399354e-05,5.237275438737091e-05,1.0,0,1.0,100.33581137657166,0.12020133723987679,422597.5359165457,56.53669724770643,0.0,26.641161918640137,100.38084840774536,39.42841553688049,2401.4798428620697,31.0183639075305,1272.029795399094,980.0,0.0,442.422647301667,7475.417144062649,1601.0,53800.0,0.9991018476277372,1.0,sustained_overload,contiguous
1779703989.2349617,58020,64,52027,42149,5.7361187543847336e-05,53.41634613888739,96.26487874984741,100.358065366745,0.0,53.439272400703906,0.03696858155335619,0.00023994311480454996,6.721006425399354e-05,5.237906187828736e-05,1.0,0,1.0,100.46640419960022,0.12301305091587061,412128.3141894236,55.24443594971118,0.0,26.641161918640137,100.51144123077393,0.00022792816162109375,3.886178861788618,30.810188498272993,1263.5187644156222,0.0,1217.0,444.12854133120095,9319.041979311578,321.0,53500.0,0.9991026663628076,1.0,sustained_overload,contiguous
1779703989.3512366,58077,64,52091,42085,6.273920310206904e-05,53.479645573959935,96.37606167793274,100.47409629821777,0.0,53.502709328136454,0.03696858155335619,0.00023994311480454996,6.703270806206597e-05,5.237309434139607e-05,1.0,0,1.0,100.58267903327942,0.12286191472615231,447998.9207614642,55.312393815834184,0.0,26.641161918640137,100.62771606445312,0.00022792816162109375,3.886178861788618,30.810188498272993,1263.5187644156222,64.0,0.0,490.21785881252924,550.4200520000328,64.0,52027.0,0.9991034836065574,1.0,sustained_overload,contiguous
1779703989.4645903,58136,64,52155,42021,4.213029691868542e-05,53.538946422121455,96.4836311340332,100.58796286582947,0.0,53.561670118017005,0.03696858155335619,0.00023994311480454996,6.703270806206597e-05,5.224243757717097e-05,1.0,0,1.0,100.69603276252747,0.12271114945834531,460108.37354871276,55.38035168195719,0.0,26.641161918640137,100.74106979370117,0.00022792816162109375,3.886178861788618,30.810188498272993,1263.5187644156222,64.0,0.0,520.4945650344944,564.6042739357227,64.0,52091.0,0.9991042993630573,1.0,sustained_overload,contiguous
1779703989.5785458,58194,64,52219,41957,4.811795314196843e-05,53.59909741085006,96.59356737136841,100.70176720619202,0.0,53.62246930306955,0.03696858155335619,0.00023994311480454996,6.703270806206597e-05,5.227028567362833e-05,1.0,0,1.0,100.80998826026917,0.12256075374863556,458240.2870843829,55.44830954808019,0.0,26.641161918640137,100.85502529144287,0.00022792816162109375,3.886178861788618,30.810188498272993,1263.5187644156222,64.0,0.0,508.97061703391887,561.6227498305311,64.0,52155.0,0.9991051136363637,1.0,sustained_overload,contiguous
1779703989.6938078,58256,64,52283,41893,5.219243749365887e-05,53.656404831946524,96.70312643051147,100.81640815734863,0.0,53.679409587874396,0.03696858155335619,0.00023994311480454996,6.703270806206597e-05,5.226619183928895e-05,1.0,0,1.0,100.92525029182434,0.12241072623988677,453601.2361969535,55.51626741420319,0.0,26.641161918640137,100.97028732299805,0.00022792816162109375,3.886178861788618,30.810188498272993,1263.5187644156222,64.0,0.0,537.9047997286139,555.2565674617949,64.0,52219.0,0.9991059264305178,1.0,sustained_overload,contiguous
1779703989.8084807,58316,64,52347,41829,4.895256248005353e-05,53.71624401041415,96.81457757949829,100.93174767494202,0.0,53.739222992532284,0.03696858155335619,0.00023994311480454996,6.703270806206597e-05,5.225965763985474e-05,1.0,0,1.0,101.03992319107056,0.1222610655815997,456489.7228908899,55.584225280326194,0.0,26.641161918640137,101.08496022224426,0.00022792816162109375,3.886178861788618,30.810188498272993,1263.5187644156222,64.0,0.0,523.2273745095879,558.1091994768938,64.0,52283.0,0.9991067377495463,1.0,sustained_overload,contiguous
1779703989.9236548,58375,64,52411,41765,4.740895319343963e-05,53.7764275452623,96.92428612709045,101.04651689529419,0.0,53.79942823786966,0.03696858155335619,0.00023994311480454996,6.703270806206597e-05,5.2278471280749726e-05,1.0,0,1.0,101.15509724617004,0.1221117704298716,455059.08387724473,55.6521831464492,0.0,26.641161918640137,101.20013427734375,0.00022792816162109375,3.886178861788618,30.810188498272993,1263.5187644156222,64.0,0.0,512.2681488381721,555.6807038244579,64.0,52347.0,0.9991075475974615,1.0,sustained_overload,contiguous
1779703990.0411003,58433,64,52475,41701,6.339620315998218e-05,53.83956178661275,97.03734922409058,101.16333222389221,0.0,53.86317688414711,0.03696858155335619,0.00023994311480454996,6.703270806206597e-05,5.2284131727844733e-05,1.0,0,1.0,101.27254271507263,0.12196283944735588,446803.1035196771,55.72014101257221,0.0,26.641161918640137,101.31757974624634,0.00022792816162109375,3.886178861788618,30.810188498272993,1263.5187644156222,64.0,0.0,493.84621256105333,544.9337517915071,64.0,52411.0,0.9991083559782609,1.0,sustained_overload,contiguous
1779703990.157842,58492,64,52539,41637,4.796640618565107e-05,53.900439977808325,97.1488356590271,101.2788143157959,0.0,53.92397419967223,0.03696858155335619,0.00023994311480454996,6.703270806206597e-05,5.227312070998698e-05,1.0,0,1.0,101.38928437232971,0.12181427130322237,450045.00736444397,55.788098878695216,0.0,26.641161918640137,101.43432140350342,0.00022792816162109375,3.886178861788618,30.810188498272993,1263.5187644156222,64.0,0.0,505.38943326866126,548.2190462575309,64.0,52475.0,0.9991091628959275,1.0,sustained_overload,contiguous
1779703990.272375,58549,64,52603,41573,4.5100953130372545e-05,53.96403643935701,97.26135468482971,101.3951895236969,0.0,53.986914673762136,0.03696858155335619,0.00023994311480454996,6.703270806206597e-05,5.225787199401909e-05,1.0,0,1.0,101.50381755828857,0.1216660646731175,459281.7318370397,55.85605674481822,0.0,26.641161918640137,101.54885458946228,0.00022792816162109375,3.886178861788618,30.810188498272993,1263.5187644156222,64.0,0.0,497.6723516664689,558.7900088886669,64.0,52539.0,0.9991099683544303,1.0,sustained_overload,contiguous
1779703990.3861787,58604,64,52667,41509,4.5351999986564806e-05,54.02692310049275,97.37269616127014,101.50901770591736,0.0,54.049967582226486,0.03696858155335619,0.00023994311480454996,6.703270806206597e-05,5.223950700126558e-05,1.0,0,1.0,101.61762118339539,0.12151821823912508,462788.42128771264,55.92401461094122,0.0,26.641161918640137,101.66265821456909,0.00022792816162109375,3.886178861788618,30.810188498272993,1263.5187644156222,64.0,0.0,483.28864698623795,562.3722437658041,64.0,52603.0,0.9991107723577236,1.0,sustained_overload,contiguous
1779703990.5012894,58661,64,52731,41445,4.809482814494004e-05,54.08903712711123,97.48396706581116,101.62392568588257,0.0,54.11203062344012,0.03696858155335619,0.00023994311480454996,6.703270806206597e-05,5.2236720919486e-05,1.0,0,1.0,101.73273181915283,0.12137073068972712,458089.7295286542,55.99197247706422,0.0,26.641161918640137,101.77776885032654,0.00022792816162109375,3.886178861788618,30.810188498272993,1263.5187644156222,64.0,0.0,495.17579001219946,555.9868519435222,64.0,52667.0,0.9991115749097473,1.0,sustained_overload,contiguous
1779703990.6198308,58717,64,52795,41381,4.444206248876981e-05,54.15349512346204,97.59415340423584,101.74027371406555,0.0,54.179044253008975,0.03696858155335619,0.00023994311480454996,6.703270806206597e-05,5.222866079579025e-05,1.0,0,1.0,101.85127329826355,0.12122360071976514,445371.53067484044,56.059930343187226,0.0,26.641161918640137,101.89631032943726,0.00022792816162109375,3.886178861788618,30.810188498272993,1263.5187644156222,64.0,0.0,472.40848030667803,539.8954060647749,64.0,52731.0,0.9991123760144274,1.0,sustained_overload,contiguous
1779703990.7509625,58776,64,51631,42545,4.674920315039799e-05,54.23182490152471,97.72126913070679,101.87282705307007,0.0,54.25419232244916,0.03699830982172601,0.00023911935146723952,6.703270806206597e-05,5.223207332527983e-05,1.0,0,1.0,101.98240494728088,0.12395653773895528,407010.8200419632,54.8239466530751,0.0,26.641161918640137,102.02744197845459,49.300320863723755,2332.2322744870976,30.933456047375998,1270.6435211494318,0.0,1164.0,449.92952076886434,8876.575630084035,321.0,53051.0,0.9991131756756757,1.0,sustained_overload,contiguous
1779703990.8658543,58838,64,51695,42481,4.8352468695611606e-05,54.28835324433037,97.83244919776917,101.98678469657898,0.0,54.311871983205776,0.03699830982172601,0.00023911935146723952,6.691922140384906e-05,5.2255667998728306e-05,1.0,0,1.0,102.09729671478271,0.12380307573266273,449945.2060320695,54.8919045191981,0.0,26.641161918640137,102.14233374595642,49.300320863723755,2332.2322744870976,30.933456047375998,1270.6435211494318,64.0,0.0,539.6383165487631,557.0460041793683,64.0,51631.0,0.9991139738973898,1.0,sustained_overload,contiguous
1779703990.9806726,58894,64,51759,42417,4.6787062515818434e-05,54.35027656854389,97.9397325515747,102.10062193870544,0.0,54.37342981789864,0.03699830982172601,0.00023911935146723952,6.691922140384906e-05,5.214198866922609e-05,1.0,0,1.0,102.21211504936218,0.123649993237891,450790.374112043,54.9598623853211,0.0,26.641161918640137,102.25715208053589,49.300320863723755,2332.2322744870976,30.933456047375998,1270.6435211494318,64.0,0.0,487.7269837182791,557.4022671066047,64.0,51695.0,0.9991147706834532,1.0,sustained_overload,contiguous
1779703991.09398,58950,64,51823,42353,4.542820313702123e-05,54.41239370828903,98.04915976524353,102.21466445922852,0.0,54.43542194284253,0.03699830982172601,0.00023911935146723952,6.691922140384906e-05,5.212742674123913e-05,1.0,0,1.0,102.32542252540588,0.12349728884858074,457366.1139536156,55.027820251444105,0.0,26.641161918640137,102.37045955657959,49.300320863723755,2332.2322744870976,30.933456047375998,1270.6435211494318,64.0,0.0,494.23040698922244,564.8347508448256,64.0,51759.0,0.9991155660377359,1.0,sustained_overload,contiguous
1779703991.2091968,59014,64,51887,42289,4.8512203008499455e-05,54.4686671754716,98.16080832481384,102.33023190498352,0.0,54.49201843076094,0.03699830982172601,0.00023911935146723952,6.691922140384906e-05,5.2139857303719785e-05,1.0,0,1.0,102.44063925743103,0.12334496116560988,450342.57688089495,55.09577811756711,0.0,26.641161918640137,102.48567628860474,49.300320863723755,2332.2322744870976,30.933456047375998,1270.6435211494318,64.0,0.0,555.4748765659467,555.4748765659467,64.0,51823.0,0.9991163599640933,1.0,sustained_overload,contiguous
1779703991.3231602,59075,64,51951,42225,4.224781248751697e-05,54.5259682973049,98.27049708366394,102.44405889511108,0.0,54.54831453439988,0.03699830982172601,0.00023911935146723952,6.691922140384906e-05,5.2124678449603725e-05,1.0,0,1.0,102.55460262298584,0.12319300879675078,455857.0181486495,55.16373598369011,0.0,26.641161918640137,102.59963965415955,49.300320863723755,2332.2322744870976,30.933456047375998,1270.6435211494318,64.0,0.0,535.2597275715119,561.5839764684715,64.0,51887.0,0.9991171524663677,1.0,sustained_overload,contiguous
1779703991.4539049,59137,64,52015,42161,5.7356984441980785e-05,54.59755799236171,98.39682841300964,102.57260298728943,0.0,54.621176993881434,0.0370266504065935,0.00023833873660065408,6.691922140384906e-05,5.2174620758635317e-05,1.0,0,1.0,102.68534731864929,0.12304143035662789,421340.2289130042,55.23169384981311,0.0,26.641161918640137,102.730384349823,54.48883628845215,2163.1577032111372,31.089451943012264,1276.5542110968602,64.0,0.0,474.20661836709013,489.50360605635115,1601.0,53487.0,0.9991179435483871,1.0,sustained_overload,contiguous
1779703991.584339,59199,64,51566,42610,4.697537497122539e-05,54.66955950702169,98.52347159385681,102.70182800292969,0.0,54.693020827567324,0.03705467890810083,0.00023750132984585233,6.691922140384906e-05,5.217017607986027e-05,1.0,0,1.0,102.81578135490417,0.12411278749563666,414983.707889157,54.75492694529392,0.0,26.641161918640137,102.86081838607788,0.00025725364685058594,3.608695652173913,30.884917767424334,1268.179569547882,0.0,449.0,475.3360532280471,3442.353030635373,1089.0,53039.0,0.9991187332139659,1.0,sustained_overload,contiguous
1779703991.7001705,59258,64,51630,42546,5.181995310010734e-05,54.73086170616718,98.6360330581665,102.81785869598389,0.0,54.7550872936573,0.03705467890810083,0.00023750132984585233,6.676637209378756e-05,5.2181165989864405e-05,1.0,0,1.0,102.93161296844482,0.12395893860158821,445733.23656482785,54.82288481141692,0.0,26.641161918640137,102.97664999961853,0.00025725364685058594,3.608695652173913,30.884917767424334,1268.179569547882,64.0,0.0,509.36008052149606,552.5261890402669,64.0,51566.0,0.9991195214669052,1.0,sustained_overload,contiguous
1779703991.8170354,59316,64,51694,42482,5.8358828113114214e-05,54.79436586141138,98.74858903884888,102.93518590927124,0.0,54.81704952874326,0.03705467890810083,0.00023750132984585233,6.676637209378756e-05,5.2110958537440014e-05,1.0,0,1.0,103.0484778881073,0.12380547065423454,442339.7555853413,54.89084267753993,0.0,26.641161918640137,103.093514919281,0.00025725364685058594,3.608695652173913,30.884917767424334,1268.179569547882,64.0,0.0,496.2994897657329,547.6408162932225,64.0,51630.0,0.999120308310992,1.0,sustained_overload,contiguous
1779703991.9314356,59376,64,51758,42418,4.486890624377793e-05,54.85399262035176,98.85940742492676,103.05047392845154,0.0,54.877441891796565,0.03705467890810083,0.00023750132984585233,6.676637209378756e-05,5.2450585008322696e-05,1.0,0,1.0,103.16287803649902,0.1236523822404266,452429.4830700104,54.95880054366293,0.0,26.641161918640137,103.20791506767273,0.00025725364685058594,3.608695652173913,30.884917767424334,1268.179569547882,64.0,0.0,524.4748441632331,559.4398337741154,64.0,51694.0,0.99912109375,1.0,sustained_overload,contiguous
1779703992.0487306,59430,64,51822,42354,5.149087509437322e-05,54.91843227280005,98.97029542922974,103.16505670547485,0.0,54.94325323297512,0.03705467890810083,0.00023750132984585233,6.676637209378756e-05,5.238038052143948e-05,1.0,0,1.0,103.2801730632782,0.12349967195399637,441809.0129052322,55.026758409785934,0.0,26.641161918640137,103.3252100944519,0.00025725364685058594,3.608695652173913,30.884917767424334,1268.179569547882,64.0,0.0,460.3775751009714,545.6326816011513,64.0,51758.0,0.9991218777876896,1.0,sustained_overload,contiguous
1779703992.1634574,59490,64,51886,42290,4.876617185800569e-05,54.979328289673454,99.08313918113708,103.2816390991211,0.0,55.002763101859344,0.03705467890810083,0.00023750132984585233,6.676637209378756e-05,5.231874454670095e-05,1.0,0,1.0,103.39489984512329,0.12334733839571368,452257.0856215412,55.09471627590894,0.0,26.641161918640137,103.439936876297,0.00025725364685058594,3.608695652173913,30.884917767424334,1268.179569547882,64.0,0.0,522.9816354564327,557.847077820195,64.0,51822.0,0.9991226604278075,1.0,sustained_overload,contiguous
1779703992.2818635,59548,64,51950,42226,5.5786000075386255e-05,55.04047759723714,99.19234490394592,103.39663219451904,0.0,55.06566180275029,0.03705467890810083,0.00023750132984585233,6.676637209378756e-05,5.245856987830368e-05,1.0,0,1.0,103.51330590248108,0.12319538017324351,438744.4456749579,55.16267414203194,0.0,26.641161918640137,103.55834293365479,0.00025725364685058594,3.608695652173913,30.884917767424334,1268.179569547882,64.0,0.0,489.8398046034178,540.5128878382542,64.0,51886.0,0.9991234416740873,1.0,sustained_overload,contiguous
1779703992.4019816,59606,64,52014,42162,5.4633609380516646e-05,55.105644575830794,99.30439162254333,103.51566696166992,0.0,55.13162274774799,0.03705467890810083,0.00023750132984585233,6.676637209378756e-05,5.242690811700299e-05,1.0,0,1.0,103.6334240436554,0.12304379590110355,433023.6839455988,55.23063200815494,0.0,26.641161918640137,103.6784610748291,0.00025725364685058594,3.608695652173913,30.884917767424334,1268.179569547882,64.0,0.0,482.85795495145015,532.8087778774623,64.0,51950.0,0.9991242215302492,1.0,sustained_overload,contiguous
1779703992.5183423,59664,64,52078,42098,3.843046869178579e-05,55.169014100138156,99.4179618358612,103.6329083442688,0.0,55.19462839763299,0.03705467890810083,0.00023750132984585233,6.676637209378756e-05,5.237785686149944e-05,1.0,0,1.0,103.74978470802307,0.12289258420062216,447556.7433634121,55.29858987427795,0.0,26.641161918640137,103.79482173919678,0.00025725364685058594,3.608695652173913,30.884917767424334,1268.179569547882,64.0,0.0,498.45023071312073,550.0140476834436,64.0,52014.0,0.999125,1.0,sustained_overload,contiguous
1779703992.6403334,59724,64,52142,42034,5.038992185291136e-05,55.23310127193068,99.53227615356445,103.7527289390564,0.0,55.26015071807725,0.03705467890810083,0.00023750132984585233,6.676637209378756e-05,5.237278135230037e-05,1.0,0,1.0,103.87177586555481,0.12274174369989643,427424.42202365596,55.366547740400954,0.0,26.641161918640137,103.91681289672852,0.00025725364685058594,3.608695652173913,30.884917767424334,1268.179569547882,64.0,0.0,491.8389268040995,524.6281885910395,64.0,52078.0,0.9991257770870338,1.0,sustained_overload,contiguous
1779703992.758023,59778,64,52206,41970,4.328546879150963e-05,55.30327654494903,99.65012812614441,103.87312150001526,0.0,55.328474173482576,0.03705467890810083,0.00023750132984585233,6.676637209378756e-05,5.23398504451672e-05,1.0,0,1.0,103.9894654750824,0.1225912730337509,443590.56172892026,55.434505606523956,0.0,26.641161918640137,104.0345025062561,0.00025725364685058594,3.608695652173913,30.884917767424334,1268.179569547882,64.0,0.0,458.834048449636,543.80331668105,64.0,52142.0,0.999126552795031,1.0,sustained_overload,contiguous
1779703992.8773482,59835,64,52270,41906,4.9651031318376226e-05,55.3697359742885,99.76591634750366,103.99257826805115,0.0,55.394682789432466,0.03705467890810083,0.00023750132984585233,6.676637209378756e-05,5.2352092196019675e-05,1.0,0,1.0,104.10879063606262,0.1224411708436962,438046.7587105334,55.50246347264696,0.0,26.641161918640137,104.15382766723633,0.00025725364685058594,3.608695652173913,30.884917767424334,1268.179569547882,64.0,0.0,477.68634487278365,536.3495802080378,64.0,52206.0,0.9991273271276596,1.0,sustained_overload,contiguous
1779703992.9959428,59889,64,52334,41842,5.63548592680263e-05,55.437500224297125,99.88024973869324,104.11058068275452,0.0,55.46263001913057,0.03705467890810083,0.00023750132984585233,6.676637209378756e-05,5.2359936535255676e-05,1.0,0,1.0,104.22738528251648,0.12229143577788819,441284.67485555523,55.57042133876996,0.0,26.641161918640137,104.27242231369019,0.00025725364685058594,3.608695652173913,30.884917767424334,1268.179569547882,64.0,0.0,455.3325265066684,539.653364748644,64.0,52270.0,0.999128100088574,1.0,sustained_overload,contiguous
1779703993.113585,59945,64,52398,41778,5.0077906223577884e-05,55.50445632938454,99.9945809841156,104.22963881492615,0.0,55.52898371257876,0.03705467890810083,0.00023750132984585233,6.676637209378756e-05,5.234450213055645e-05,1.0,0,1.0,104.34502744674683,0.12214206649108744,445401.53050400567,55.63837920489296,0.0,26.641161918640137,104.39006447792053,0.00025725364685058594,3.608695652173913,30.884917767424334,1268.179569547882,64.0,0.0,476.01980434795826,544.0226335405238,64.0,52334.0,0.999128871681416,1.0,sustained_overload,contiguous
1779703993.2253237,60002,64,52462,41714,4.4060796909661804e-05,55.56642397523635,100.10704922676086,104.3446273803711,0.0,55.58886420525659,0.03705467890810083,0.00023750132984585233,6.676637209378756e-05,5.232215765400967e-05,1.0,0,1.0,104.45676612854004,0.12199306164461896,469506.165260548,55.706337071015966,0.0,26.641161918640137,104.50180315971375,0.00025725364685058594,3.608695652173913,30.884917767424334,1268.179569547882,64.0,0.0,510.1187796853196,572.7649456115869,64.0,52398.0,0.9991296419098143,1.0,sustained_overload,contiguous
1779703993.3397577,60057,64,52526,41650,4.207964065017222e-05,55.627900128038384,100.214839220047,104.45727896690369,0.0,55.65136542618408,0.03705467890810083,0.00023750132984585233,6.676637209378756e-05,5.230840369123525e-05,1.0,0,1.0,104.57120013237,0.12184441990633212,459006.9231349394,55.77429493713897,0.0,26.641161918640137,104.6162371635437,0.00025725364685058594,3.608695652173913,30.884917767424334,1268.179569547882,64.0,0.0,480.62637117659193,559.2743228236706,64.0,52462.0,0.9991304107773852,1.0,sustained_overload,contiguous
1779703993.4543936,60113,64,52590,41586,4.7331218738122516e-05,55.69042687770648,100.32580471038818,104.57191967964172,0.0,55.71422943762177,0.03705467890810083,0.00023750132984585233,6.676637209378756e-05,5.2284908615866e-05,1.0,0,1.0,104.68583607673645,0.12169613995056094,458756.6342358231,55.842252803261985,0.0,26.641161918640137,104.73087310791016,0.00025725364685058594,3.608695652173913,30.884917767424334,1268.179569547882,64.0,0.0,488.5029761780965,558.2891156321102,64.0,52526.0,0.9991311782877317,1.0,sustained_overload,contiguous
1779703993.5725636,60171,64,52654,41522,5.071879682816416e-05,55.7530709445444,100.43769073486328,104.6885404586792,0.0,55.77679511234311,0.03705467890810083,0.00023750132984585233,6.676637209378756e-05,5.227831050566994e-05,1.0,0,1.0,104.80400609970093,0.12154822045808485,445578.3174031204,55.91021066938499,0.0,26.641161918640137,104.84904313087463,0.00025725364685058594,3.608695652173913,30.884917767424334,1268.179569547882,64.0,0.0,490.81821721770393,541.5925155505698,64.0,52590.0,0.9991319444444444,1.0,sustained_overload,contiguous
1779703993.7070515,60232,64,52040,42136,4.703365628699885e-05,55.82855528104879,100.56747722625732,104.82060527801514,0.0,55.854081367493116,0.037073517724665626,0.00023668702296947004,6.676637209378756e-05,5.226071596963021e-05,1.0,0,1.0,104.93849396705627,0.12298232129131438,399612.25541631284,55.258239891267415,0.0,26.641161918640137,104.98353099822998,70.2809145450592,1978.6222983805062,31.142407942441555,1272.8229860761999,0.0,614.0,453.5725132648919,4565.467592535141,577.0,53166.0,0.9991327092511013,1.0,sustained_overload,contiguous
1779703993.82457,60292,64,52104,42072,4.899073437059087e-05,55.890301587130125,100.6811044216156,104.93820762634277,0.0,55.91533094935611,0.037073517724665626,0.00023668702296947004,6.658913659267738e-05,5.2268981475806926e-05,1.0,0,1.0,105.05601239204407,0.12283126055581145,443368.7739212997,55.32619775739042,0.0,26.641161918640137,105.10104942321777,70.2809145450592,1978.6222983805062,31.142407942441555,1272.8229860761999,64.0,0.0,510.5582380484796,544.5954539183783,64.0,52040.0,0.9991334727112676,1.0,sustained_overload,contiguous
1779703993.9620337,60354,64,51636,42540,5.6930609375172025e-05,55.96765959804851,100.81370234489441,105.07291102409363,0.0,55.99339737170472,0.03710744577810305,0.000235876905808755,6.658913659267738e-05,5.219050711154055e-05,1.0,0,1.0,105.19347620010376,0.12394453482066775,383235.41842463554,54.82925586136596,0.0,26.641161918640137,105.23851323127747,30.890848398208618,2583.7304293246416,31.140774438907574,1281.3353720713196,0.0,468.0,451.02780779270336,3404.532484628793,321.0,52360.0,0.9991342348284961,1.0,sustained_overload,contiguous
1779703994.0830965,60411,64,51700,42476,5.503874999135405e-05,56.034757523053074,100.92810845375061,105.19313168525696,0.0,56.06091698059128,0.03710744577810305,0.000235876905808755,6.647343220918074e-05,5.218756010546825e-05,1.0,0,1.0,105.31453895568848,0.12379110251450676,427051.2409063875,54.89721372748896,0.0,26.641161918640137,105.35957598686218,30.890848398208618,2583.7304293246416,31.140774438907574,1281.3353720713196,64.0,0.0,470.8301882333479,528.6514394198994,64.0,51636.0,0.9991349956063269,1.0,sustained_overload,contiguous
1779703994.2021234,60464,64,51764,42412,4.645142186632256e-05,56.10513436398632,101.04041981697083,105.31294822692871,0.0,56.13165210705192,0.03710744577810305,0.000235876905808755,6.647343220918074e-05,5.220149803711558e-05,1.0,0,1.0,105.43356585502625,0.1236380496097674,434893.29124760884,54.96517159361196,0.0,26.641161918640137,105.47860288619995,30.890848398208618,2583.7304293246416,31.140774438907574,1281.3353720713196,64.0,0.0,445.2774985728164,537.6935831822689,64.0,51700.0,0.999135755048288,1.0,sustained_overload,contiguous
1779703994.3186514,60521,64,51828,42348,5.123090627989768e-05,56.17230879519175,101.15824341773987,105.43328046798706,0.0,56.19521240529125,0.03710744577810305,0.000235876905808755,6.647343220918074e-05,5.21833709717188e-05,1.0,0,1.0,105.55009388923645,0.12348537470093386,444768.5087221793,55.033129459734965,0.0,26.641161918640137,105.59513092041016,30.890848398208618,2583.7304293246416,31.140774438907574,1281.3353720713196,64.0,0.0,489.1526780343486,549.2240595473387,64.0,51764.0,0.9991365131578948,1.0,sustained_overload,contiguous
1779703994.4530823,60581,64,51714,42462,4.508846875239669e-05,56.24853545697896,101.28632235527039,105.56504797935486,0.0,56.27327832573927,0.03713345636515857,0.00023505785693861035,6.647343220918074e-05,5.216132214988458e-05,1.0,0,1.0,105.68452477455139,0.12375758982093824,401254.5173203936,54.91207951070336,0.0,26.641161918640137,105.7295618057251,71.56927132606506,1626.2552039732898,31.401603451082785,1283.560661309397,0.0,114.0,446.3260050652308,848.0194096239385,1089.0,52852.0,0.9991372699386503,1.0,sustained_overload,contiguous
1779703994.5688617,60642,64,51778,42398,4.062675007787675e-05,56.30792822262908,101.39699792861938,105.68131256103516,0.0,56.33230285011516,0.03713345636515857,0.00023505785693861035,6.630098497545397e-05,5.214372530069124e-05,1.0,0,1.0,105.80030417442322,0.12360461972266212,447212.54435003933,54.98003737682636,0.0,26.641161918640137,105.84534120559692,71.56927132606506,1626.2552039732898,31.401603451082785,1283.560661309397,64.0,0.0,526.8640195710997,552.7753647959079,64.0,51714.0,0.9991380253940455,1.0,sustained_overload,contiguous
1779703994.6840966,60695,64,51842,42334,4.5639515604989356e-05,56.37502626859692,101.5110399723053,105.79788756370544,0.0,56.39829954981956,0.03713345636515857,0.00023505785693861035,6.630098497545397e-05,5.20317141571349e-05,1.0,0,1.0,105.91553902626038,0.12345202731376104,449881.25704591064,55.047995242949376,0.0,26.641161918640137,105.96057605743408,71.56927132606506,1626.2552039732898,31.401603451082785,1283.560661309397,64.0,0.0,459.93030020896697,555.3875323278091,64.0,51778.0,0.999138779527559,1.0,sustained_overload,contiguous
1779703994.7987597,60751,64,51906,42270,3.9283484326801954e-05,56.436266375174576,101.62052941322327,105.91138243675232,0.0,56.46043472162255,0.03713345636515857,0.00023505785693861035,6.630098497545397e-05,5.1998396952063314e-05,1.0,0,1.0,106.03020215034485,0.1232998111971641,452682.5901042143,55.11595310907238,0.0,26.641161918640137,106.07523918151855,71.56927132606506,1626.2552039732898,31.401603451082785,1283.560661309397,64.0,0.0,488.38718155581245,558.1567789209286,64.0,51842.0,0.9991395323426573,1.0,sustained_overload,contiguous
1779703994.9165218,60810,64,51970,42206,6.18930156690567e-05,56.49866032429292,101.73424339294434,106.02883076667786,0.0,56.52322101746929,0.03713345636515857,0.00023505785693861035,6.630098497545397e-05,5.202455818520412e-05,1.0,0,1.0,106.14796423912048,0.12314796998268232,441313.50369485555,55.18391097519538,0.0,26.641161918640137,106.19300127029419,71.56927132606506,1626.2552039732898,31.401603451082785,1283.560661309397,64.0,0.0,501.01013503937804,543.4686210596643,64.0,51906.0,0.9991402838427947,1.0,sustained_overload,contiguous
1779703995.0322933,60864,64,52034,42142,4.1997999886689286e-05,56.56447150548268,101.84485721588135,106.14507150650024,0.0,56.5894926833649,0.03713345636515857,0.00023505785693861035,6.630098497545397e-05,5.1997318968233205e-05,1.0,0,1.0,106.2637357711792,0.12299650228696621,449454.18856174353,55.251868841318384,0.0,26.641161918640137,106.3087728023529,71.56927132606506,1626.2552039732898,31.401603451082785,1283.560661309397,64.0,0.0,466.43591079552124,552.8129313132104,64.0,51970.0,0.9991410340314136,1.0,sustained_overload,contiguous
1779703995.150693,60919,64,52098,42078,3.956532816573599e-05,56.629559121997936,101.95754432678223,106.26152968406677,0.0,56.65566587081958,0.03713345636515857,0.00023505785693861035,6.630098497545397e-05,5.200873585037623e-05,1.0,0,1.0,106.38213539123535,0.12284540673346386,440018.30390411674,55.319826707441386,0.0,26.641161918640137,106.42717242240906,71.56927132606506,1626.2552039732898,31.401603451082785,1283.560661309397,64.0,0.0,464.52851769216517,540.5422751327013,64.0,52034.0,0.9991417829119442,1.0,sustained_overload,contiguous
1779703995.2683256,60977,64,52162,42014,5.157967191848911e-05,56.69393843464995,102.07062458992004,106.38007712364197,0.0,56.718748350194076,0.03713345636515857,0.00023505785693861035,6.630098497545397e-05,5.202430430059952e-05,1.0,0,1.0,106.49976801872253,0.12269468195237913,443431.39411455917,55.38778457356439,0.0,26.641161918640137,106.54480504989624,71.56927132606506,1626.2552039732898,31.401603451082785,1283.560661309397,64.0,0.0,493.06048193405985,544.0667386858591,64.0,52098.0,0.9991425304878049,1.0,sustained_overload,contiguous
1779703995.3856444,61031,64,52226,41950,5.500740624597711e-05,56.76152598511443,102.18460464477539,106.49813652038574,0.0,56.78574612796741,0.03713345636515857,0.00023505785693861035,6.630098497545397e-05,5.202097970202043e-05,1.0,0,1.0,106.61708688735962,0.12254432658063033,445162.8336236031,55.45574243968739,0.0,26.641161918640137,106.66212391853333,71.56927132606506,1626.2552039732898,31.401603451082785,1283.560661309397,64.0,0.0,460.2840159245312,545.5217966512962,64.0,52162.0,0.9991432767624021,1.0,sustained_overload,contiguous
1779703995.5017426,61086,64,52290,41886,3.7338359348382255e-05,56.82501968479538,102.29460573196411,106.61303162574768,0.0,56.84870626225671,0.03713345636515857,0.00023505785693861035,6.630098497545397e-05,5.199729945249082e-05,1.0,0,1.0,106.7331850528717,0.12239433926180913,450394.7135543412,55.523700305810394,0.0,26.641161918640137,106.77822208404541,71.56927132606506,1626.2552039732898,31.401603451082785,1283.560661309397,64.0,0.0,473.7370289823822,551.2576337249538,64.0,52226.0,0.9991440217391304,1.0,sustained_overload,contiguous
1779703995.6188073,61145,64,52354,41822,4.571364057426308e-05,56.88783051422355,102.40883779525757,106.73097038269043,0.0,56.912126970421674,0.03713345636515857,0.00023505785693861035,6.630098497545397e-05,5.198109543066331e-05,1.0,0,1.0,106.85024976730347,0.12224471864613973,447222.71996415517,55.5916581719334,0.0,26.641161918640137,106.89528679847717,71.56927132606506,1626.2552039732898,31.401603451082785,1283.560661309397,64.0,0.0,503.99473732446717,546.7061557417949,64.0,52290.0,0.9991447654213728,1.0,sustained_overload,contiguous
1779703995.7333102,61205,64,52418,41758,3.76809531417166e-05,56.94684987313566,102.51984429359436,106.84604287147522,0.0,56.97069167034339,0.03713345636515857,0.00023505785693861035,6.630098497545397e-05,5.195958493616518e-05,1.0,0,1.0,106.96475267410278,0.1220954633904384,457787.5048348811,55.659616038056406,0.0,26.641161918640137,107.00978970527649,71.56927132606506,1626.2552039732898,31.401603451082785,1283.560661309397,64.0,0.0,524.0041644109441,558.9377753716736,64.0,52354.0,0.9991455078125,1.0,sustained_overload,contiguous
1779703995.8524227,61266,64,52482,41694,8.003037500259325e-05,57.00830087623354,102.6331160068512,106.96448826789856,0.0,57.033288926843895,0.03713345636515857,0.00023505785693861035,6.630098497545397e-05,5.197091361586573e-05,1.0,0,1.0,107.08386516571045,0.12194657215807325,440608.69931984774,55.72757390417941,0.0,26.641161918640137,107.12890219688416,71.56927132606506,1626.2552039732898,31.401603451082785,1283.560661309397,64.0,0.0,512.1209301953186,537.307205450826,64.0,52418.0,0.9991462489158717,1.0,sustained_overload,contiguous
1779703995.9696195,61325,64,52546,41630,4.9883921874993575e-05,57.07010812104624,102.74493908882141,107.08143758773804,0.0,57.09408838849106,0.03713345636515857,0.00023505785693861035,6.630098497545397e-05,5.196725668938911e-05,1.0,0,1.0,107.20106196403503,0.12179804361892438,448356.9581352391,55.79553177030241,0.0,26.641161918640137,107.24609899520874,71.56927132606506,1626.2552039732898,31.401603451082785,1283.560661309397,64.0,0.0,503.42672191944405,546.090003438041,64.0,52482.0,0.9991469887348353,1.0,sustained_overload,contiguous
1779703996.086838,61383,64,52610,41566,4.623909369172452e-05,57.13334592378107,102.85726833343506,107.19889640808105,0.0,57.15776887557818,0.03713345636515857,0.00023505785693861035,6.630098497545397e-05,5.1961090746090675e-05,1.0,0,1.0,107.31828045845032,0.12164987644934425,448819.96021560056,55.86348963642541,0.0,26.641161918640137,107.36331748962402,71.56927132606506,1626.2552039732898,31.401603451082785,1283.560661309397,64.0,0.0,494.8024651683108,545.988927082274,64.0,52546.0,0.9991477272727273,1.0,sustained_overload,contiguous
1779703996.2101662,61444,64,52674,41502,6.247431242911716e-05,57.199436765264366,102.97475218772888,107.322021484375,0.0,57.22437975817124,0.03713345636515857,0.00023505785693861035,6.630098497545397e-05,5.199443516103069e-05,1.0,0,1.0,107.44160866737366,0.12150206933211831,427104.23235564766,55.931447502548416,0.0,26.641161918640137,107.48664569854736,71.56927132606506,1626.2552039732898,31.401603451082785,1283.560661309397,64.0,0.0,494.6151454929283,518.9404805171707,64.0,52610.0,0.999148464532872,1.0,sustained_overload,contiguous
1779703996.3290374,61501,64,52738,41438,4.6559781281985124e-05,57.26359697736012,103.08877372741699,107.43949294090271,0.0,57.28892874450417,0.03713345636515857,0.00023505785693861035,6.630098497545397e-05,5.2009149199163206e-05,1.0,0,1.0,107.56047987937927,0.12135462095642612,443656.61887512985,55.99940536867143,0.0,26.641161918640137,107.60551691055298,71.56927132606506,1626.2552039732898,31.401603451082785,1283.560661309397,64.0,0.0,479.5105479138838,538.3978081840098,64.0,52674.0,0.9991492005185826,1.0,sustained_overload,contiguous
1779703996.4479887,61561,64,52802,41374,4.695568749468748e-05,57.32740367678,103.20501136779785,107.55941414833069,0.0,57.35216295361812,0.03713345636515857,0.00023505785693861035,6.630098497545397e-05,5.201057386245438e-05,1.0,0,1.0,107.67943120002747,0.12120753001780235,443895.87027928437,56.067363234794435,0.0,26.641161918640137,107.72446823120117,71.56927132606506,1626.2552039732898,31.401603451082785,1283.560661309397,64.0,0.0,504.40801895301433,538.0352202165486,64.0,52738.0,0.9991499352331606,1.0,sustained_overload,contiguous
1779703996.565182,61616,64,52866,41310,4.116445316526551e-05,57.39341390326268,103.31982350349426,107.67689728736877,0.0,57.41800406243295,0.03713345636515857,0.00023505785693861035,6.630098497545397e-05,5.2002064142746854e-05,1.0,0,1.0,107.79662442207336,0.12106079521809858,451101.173575509,56.13532110091744,0.0,26.641161918640137,107.84166145324707,71.56927132606506,1626.2552039732898,31.401603451082785,1283.560661309397,64.0,0.0,469.3104177855899,546.1066679686865,64.0,52802.0,0.9991506686798964,1.0,sustained_overload,contiguous
1779703996.6851947,61677,64,52930,41246,4.742731240980902e-05,57.45633743788685,103.4360420703888,107.79688453674316,0.0,57.48130807856173,0.03713345636515857,0.00023505785693861035,6.630098497545397e-05,5.200830888391573e-05,1.0,0,1.0,107.91663718223572,0.12091441526544493,441036.43586228817,56.20327896704044,0.0,26.641161918640137,107.96167421340942,71.56927132606506,1626.2552039732898,31.401603451082785,1283.560661309397,64.0,0.0,508.2792856149552,533.2766275304448,64.0,52866.0,0.999151400862069,1.0,sustained_overload,contiguous
1779703996.8014421,61731,64,52994,41182,4.0960640632192735e-05,57.52283786269135,103.55042481422424,107.9139473438263,0.0,57.546931953859186,0.03713345636515857,0.00023505785693861035,6.630098497545397e-05,5.1990868207098176e-05,1.0,0,1.0,108.03288459777832,0.12076838887421218,455872.5004994083,56.27123683316344,0.0,26.641161918640137,108.07792162895203,71.56927132606506,1626.2552039732898,31.401603451082785,1283.560661309397,64.0,0.0,464.52645633407644,550.5498741737202,64.0,52930.0,0.9991521317829457,1.0,sustained_overload,contiguous
1779703996.9207644,61789,64,53058,41118,5.031907819841308e-05,57.58659172127315,103.66449546813965,108.03199625015259,0.0,57.611376933833746,0.03713345636515857,0.00023505785693861035,6.630098497545397e-05,5.200417644239975e-05,1.0,0,1.0,108.1522068977356,0.12062271476497419,444661.22442324675,56.339194699286445,0.0,26.641161918640137,108.1972439289093,71.56927132606506,1626.2552039732898,31.401603451082785,1283.560661309397,64.0,0.0,486.07846161838575,536.3624404064947,64.0,52994.0,0.9991528614457831,1.0,sustained_overload,contiguous
1779703997.0379186,61844,64,53122,41054,4.0242203084517314e-05,57.65253057093091,103.77807831764221,108.14945030212402,0.0,57.6770952851349,0.03713345636515857,0.00023505785693861035,6.630098497545397e-05,5.1990240993389126e-05,1.0,0,1.0,108.26936101913452,0.12047739166447047,453436.88609223004,56.40715256540945,0.0,26.641161918640137,108.31439805030823,71.56927132606506,1626.2552039732898,31.401603451082785,1283.560661309397,64.0,0.0,469.4670519760674,546.2889332085148,64.0,53058.0,0.9991535898538263,1.0,sustained_overload,contiguous
1779703997.157085,61900,64,53186,40990,4.498676564423931e-05,57.71833844618887,103.89397406578064,108.26771712303162,0.0,57.743056578474445,0.03713345636515857,0.00023505785693861035,6.630098497545397e-05,5.198275121195474e-05,1.0,0,1.0,108.38852739334106,0.12033241830556915,446317.1792725381,56.47511043153245,0.0,26.641161918640137,108.43356442451477,71.56927132606506,1626.2552039732898,31.401603451082785,1283.560661309397,64.0,0.0,469.93122324036653,537.0642551318475,64.0,53122.0,0.9991543170103093,1.0,sustained_overload,contiguous
1779703997.2755969,61957,64,53250,40926,5.4988593802818286e-05,57.78354136916899,104.0064709186554,108.38632249832153,0.0,57.809740252450254,0.03713345636515857,0.00023505785693861035,6.630098497545397e-05,5.1994276103342206e-05,1.0,0,1.0,108.50703930854797,0.12018779342723004,449321.90916863654,56.54306829765545,0.0,26.641161918640137,108.55207633972168,71.56927132606506,1626.2552039732898,31.401603451082785,1283.560661309397,64.0,0.0,480.9642971382588,540.030088014887,64.0,53186.0,0.9991550429184549,1.0,sustained_overload,contiguous
1779703997.3956096,62015,64,53314,40862,5.9501734384070915e-05,57.84989053769287,104.124018907547,108.50702261924744,0.0,57.8744458592395,0.03713345636515857,0.00023505785693861035,6.630098497545397e-05,5.203255298858492e-05,1.0,0,1.0,108.62705206871033,0.12004351577446824,444236.0956274709,56.611026163778455,0.0,26.641161918640137,108.67208909988403,71.56927132606506,1626.2552039732898,31.401603451082785,1283.560661309397,64.0,0.0,483.2819436994656,533.2766275304448,64.0,53250.0,0.9991557675814752,1.0,sustained_overload,contiguous
1779703997.5152469,62074,64,53378,40798,4.833323448849569e-05,57.91419553145482,104.23987436294556,108.62661242485046,0.0,57.93924088783263,0.03713345636515857,0.00023505785693861035,6.630098497545397e-05,5.2034528245882356e-05,1.0,0,1.0,108.7466893196106,0.11989958409831765,446165.3840950986,56.67898402990146,0.0,26.641161918640137,108.7917263507843,71.56927132606506,1626.2552039732898,31.401603451082785,1283.560661309397,64.0,0.0,493.15743680188126,534.9504399206847,64.0,53314.0,0.9991564910025706,1.0,sustained_overload,contiguous
1779703997.6520205,62130,64,54198,39978,5.190931254617226e-05,57.997621469929776,104.37418866157532,108.76228523254395,0.0,58.02331443721802,0.03716121478514238,0.00023429502140391958,6.630098497545397e-05,5.203749332250155e-05,1.0,0,1.0,108.88346290588379,0.11808553821174213,413201.1270591106,57.54969418960245,0.0,26.641161918640137,108.9284999370575,56.77533006668091,2134.3597550074755,31.564255544772514,1289.0145016536153,820.0,0.0,409.4357801523524,5995.30963794516,1601.0,54914.0,0.9991572131849316,1.0,sustained_overload,contiguous
1779703997.7877667,62191,64,53237,40939,5.206707817251299e-05,58.074731689794305,104.5057463645935,108.8964147567749,0.0,58.099422585777795,0.03719009209542253,0.00023350240957683028,6.630098497545397e-05,5.204411530240135e-05,1.0,0,1.0,109.01920914649963,0.12021714221312245,407281.99727062444,56.52926435609922,0.0,26.641161918640137,109.06424617767334,0.0002334117889404297,3.471631205673759,31.363210817810835,1280.8263305042653,0.0,961.0,449.36787732212076,7079.385739451772,577.0,54710.0,0.9991579341317365,1.0,sustained_overload,contiguous
1779703997.905528,62248,64,53301,40875,4.502693754204756e-05,58.13958690911052,104.62118148803711,109.01474833488464,0.0,58.164286544544964,0.03719009209542253,0.00023350240957683028,6.615218295845934e-05,5.2043066834624006e-05,1.0,0,1.0,109.13697052001953,0.12007279413144217,452618.70175957173,56.59722222222222,0.0,26.641161918640137,109.18200755119324,0.0002334117889404297,3.471631205673759,31.363210817810835,1280.8263305042653,64.0,0.0,484.02968049934503,543.4719219641769,64.0,53237.0,0.9991586538461539,1.0,sustained_overload,contiguous
1779703998.023768,62304,64,53365,40811,4.4995890647214765e-05,58.20455004016002,104.7344880104065,109.13226747512817,0.0,58.22941841347309,0.03719009209542253,0.00023350240957683028,6.615218295845934e-05,5.196693829950083e-05,1.0,0,1.0,109.25521039962769,0.119928792279584,451328.2673904189,56.665180088345224,0.0,26.641161918640137,109.30024743080139,0.0002334117889404297,3.471631205673759,31.363210817810835,1280.8263305042653,64.0,0.0,473.61347276048826,541.2725402977009,64.0,53301.0,0.9991593723313408,1.0,sustained_overload,contiguous
1779703998.141812,62361,64,53429,40747,4.0925578062456225e-05,58.270276197677475,104.84647059440613,109.2514967918396,0.0,58.2948913392203,0.03719009209542253,0.00023350240957683028,6.615218295845934e-05,5.19479739769547e-05,1.0,0,1.0,109.3732545375824,0.11978513541335231,452618.83330875984,56.733137954468226,0.0,26.641161918640137,109.4182915687561,0.0002334117889404297,3.471631205673759,31.363210817810835,1280.8263305042653,64.0,0.0,482.8702296243484,542.1700823852333,64.0,53365.0,0.9991600895904437,1.0,sustained_overload,contiguous
1779703998.26435,62421,64,53493,40683,7.072275002428796e-05,58.335412576708514,104.96400213241577,109.37294840812683,0.0,58.35909626204842,0.03719009209542253,0.00023350240957683028,6.615218295845934e-05,5.196706789605952e-05,1.0,0,1.0,109.49579238891602,0.11964182229450583,436542.6634939227,56.80109582059123,0.0,26.641161918640137,109.54082942008972,0.0002334117889404297,3.471631205673759,31.363210817810835,1280.8263305042653,64.0,0.0,489.6446228410327,522.2875976971015,64.0,53429.0,0.9991608056265985,1.0,sustained_overload,contiguous
1779703998.3838954,62480,64,53557,40619,4.865635932560508e-05,58.399897980067536,105.07895755767822,109.49282097816467,0.0,58.42552512021021,0.03719009209542253,0.00023350240957683028,6.615218295845934e-05,5.196649086490015e-05,1.0,0,1.0,109.61533784866333,0.11949885169072202,448005.3036995672,56.86905368671423,0.0,26.641161918640137,109.66037487983704,0.0002334117889404297,3.471631205673759,31.363210817810835,1280.8263305042653,64.0,0.0,493.5361001974432,535.3611934345147,64.0,53493.0,0.9991615204429302,1.0,sustained_overload,contiguous
1779703998.5207462,62540,64,52826,41350,5.3343249945214666e-05,58.479703463345935,105.21316695213318,109.62754154205322,0.0,58.50450987449375,0.03722286868739773,0.00023268364571236275,6.615218295845934e-05,5.1963455820671935e-05,1.0,0,1.0,109.75218868255615,0.12115246280240789,395569.3835405945,56.09284743459055,0.0,26.641161918640137,109.79722571372986,58.43500518798828,2314.3984911961156,31.534551288508162,1287.367926458011,0.0,731.0,438.4335724763674,5341.582358003742,321.0,53813.0,0.9991622340425532,1.0,sustained_overload,contiguous
1779703998.640364,62598,64,52890,41286,4.640279686896065e-05,58.543300728006976,105.32743334770203,109.74562001228333,0.0,58.56845673977547,0.03722286868739773,0.00023268364571236275,6.598329799060515e-05,5.196389070195049e-05,1.0,0,1.0,109.87180638313293,0.12100586122140292,442158.641613831,56.160805300713555,0.0,26.641161918640137,109.91684341430664,58.43500518798828,2314.3984911961156,31.534551288508162,1287.367926458011,64.0,0.0,484.87807172626583,535.0378722496727,64.0,52826.0,0.9991629464285714,1.0,sustained_overload,contiguous
1779703998.7941353,62668,64,52954,41222,0.00013694993748458728,58.617820550804396,105.46385073661804,109.88589358329773,0.0,58.656747457112786,0.03722286868739773,0.00023268364571236275,6.598329799060515e-05,5.298611992325859e-05,1.0,0,1.0,110.0255777835846,0.12085961400460778,344368.32755936764,56.22876316683656,0.0,26.641161918640137,110.0706148147583,58.43500518798828,2314.3984911961156,31.534551288508162,1287.367926458011,64.0,0.0,455.22119064009775,416.2022314423751,64.0,52890.0,0.9991636576040782,1.0,sustained_overload,contiguous
1779703998.9313345,62724,64,52506,41670,5.2786390639880665e-05,58.714914714556976,105.6088650226593,110.03553795814514,0.0,58.740029181951726,0.03725059470788246,0.00023186474103029534,6.598329799060515e-05,5.26578311135318e-05,1.0,0,1.0,110.16277694702148,0.12189083152401631,401365.4210459549,55.75305810397554,0.0,26.641161918640137,110.20781397819519,55.863497495651245,2437.339131869807,31.68756352880466,1294.6004497624879,0.0,448.0,408.1657540554865,3265.326032443892,1089.0,53978.0,0.9991643675721562,1.0,sustained_overload,contiguous
1779703999.0489094,62781,64,52570,41606,4.581435938177947e-05,58.7796489814752,105.72250270843506,110.15388011932373,0.0,58.80434263569108,0.03725059470788246,0.00023186474103029534,6.580606419989403e-05,5.25075015496e-05,1.0,0,1.0,110.28035187721252,0.12174243865322427,447119.12577436655,55.82101597009854,0.0,26.641161918640137,110.32538890838623,55.863497495651245,2437.339131869807,31.68756352880466,1294.6004497624879,64.0,0.0,484.79722596802156,544.3337274026909,64.0,52506.0,0.9991650763358778,1.0,sustained_overload,contiguous
1779703999.167457,62842,64,52634,41542,4.552425008341743e-05,58.84027278740684,105.83449625968933,110.27185010910034,0.0,58.86595325186147,0.03725059470788246,0.00023186474103029534,6.580606419989403e-05,5.240803286687115e-05,1.0,0,1.0,110.3988995552063,0.12159440665729378,443990.1387420182,55.888973836221545,0.0,26.641161918640137,110.44393658638,55.863497495651245,2437.339131869807,31.68756352880466,1294.6004497624879,64.0,0.0,514.560901000553,539.8671748202524,64.0,52570.0,0.9991657838983051,1.0,sustained_overload,contiguous
1779703999.2879064,62901,64,52698,41478,4.414968753962967e-05,58.90279372925088,105.94870805740356,110.38985586166382,0.0,58.93025028245589,0.03725059470788246,0.00023186474103029534,6.580606419989403e-05,5.23772248009781e-05,1.0,0,1.0,110.51934885978699,0.12144673422141258,437511.86595434294,55.95693170234455,0.0,26.641161918640137,110.5643858909607,55.863497495651245,2437.339131869807,31.68756352880466,1294.6004497624879,64.0,0.0,489.83263295203295,531.3438730327138,64.0,52634.0,0.9991664902624894,1.0,sustained_overload,contiguous
1779703999.4078045,62963,64,52762,41414,5.7302031237327355e-05,58.966919549931845,106.06723237037659,110.51228737831116,0.0,58.9933800526556,0.03725059470788246,0.00023186474103029534,6.580606419989403e-05,5.255831479054743e-05,1.0,0,1.0,110.6392469406128,0.12129942003714794,440057.0854562339,56.02488956846755,0.0,26.641161918640137,110.6842839717865,55.863497495651245,2437.339131869807,31.68756352880466,1294.6004497624879,64.0,0.0,517.1058583504511,533.7866924907883,64.0,52698.0,0.999167195431472,1.0,sustained_overload,contiguous
1779703999.5440488,63020,64,52204,41972,6.915374999039159e-05,59.049352091114656,106.19913005828857,110.6481032371521,0.0,59.0749350526198,0.037277787923812866,0.00023107869284493581,6.580606419989403e-05,5.2551988942923e-05,1.0,0,1.0,110.77549123764038,0.1225959696574975,391495.28577478346,55.43238192320761,0.0,26.641161918640137,110.82052826881409,41.0780565738678,2502.87425556031,31.746254110336302,1302.152161048724,0.0,558.0,418.3661352699274,4095.584271589815,321.0,53018.0,0.999167899408284,1.0,sustained_overload,contiguous
1779703999.6611814,63073,64,52268,41908,4.145782804698683e-05,59.116109733142956,106.31301188468933,110.76478052139282,0.0,59.142754887052035,0.037277787923812866,0.00023107869284493581,6.60053636661913e-05,5.249229357780838e-05,1.0,0,1.0,110.89262390136719,0.12244585597306192,446229.0734026746,55.50033978933061,0.0,26.641161918640137,110.9376609325409,41.0780565738678,2502.87425556031,31.746254110336302,1302.152161048724,64.0,0.0,452.4783976877201,546.3890085285676,64.0,52204.0,0.9991686021959459,1.0,sustained_overload,contiguous
1779703999.7806084,63130,64,52332,41844,4.82766718619132e-05,59.181556234306456,106.42800068855286,110.88390707969666,0.0,59.20706781496879,0.037277787923812866,0.00023107869284493581,6.60053636661913e-05,5.239972384164866e-05,1.0,0,1.0,111.01205086708069,0.12229610945501795,438192.4943612963,55.56829765545361,0.0,26.641161918640137,111.0570878982544,41.0780565738678,2502.87425556031,31.746254110336302,1302.152161048724,64.0,0.0,477.2791442825401,535.8923725277643,64.0,52268.0,0.9991693037974684,1.0,sustained_overload,contiguous
1779703999.9172535,63190,64,52152,42024,5.7158593705253224e-05,59.2602029403057,106.56010508537292,111.01851963996887,0.0,59.28595334172378,0.03730866962009006,0.0002302890353732639,6.60053636661913e-05,5.2407650473633874e-05,1.0,0,1.0,111.14869594573975,0.12271820831415861,390947.12026395364,55.37716615698267,0.0,26.641161918640137,111.19373297691345,54.82706642150879,2429.5047228962953,31.889613193014394,1309.1543508738644,0.0,180.0,439.09374994547494,1317.2812498364249,577.0,52844.0,0.9991700042158516,1.0,sustained_overload,contiguous
1779704000.0376625,63249,64,52216,41960,5.41702343639372e-05,59.32509215027878,106.67459535598755,111.13899111747742,0.0,59.35060476449251,0.03730866962009006,0.0002302890353732639,6.587630824038857e-05,5.2386606855436355e-05,1.0,0,1.0,111.26910495758057,0.12256779531178183,433655.2489030398,55.44512402310568,0.0,26.641161918640137,111.31414198875427,54.82706642150879,2429.5047228962953,31.889613193014394,1309.1543508738644,64.0,0.0,489.99654675347307,531.5216778342758,64.0,52152.0,0.999170703454086,1.0,sustained_overload,contiguous
1779704000.1557243,63308,64,52280,41896,4.7431000012920776e-05,59.38854851070953,106.78866696357727,111.2580337524414,0.0,59.41335720249082,0.03730866962009006,0.0002302890353732639,6.587630824038857e-05,5.229722029768277e-05,1.0,0,1.0,111.38716673851013,0.1224177505738332,442819.00195279764,55.51308188922868,0.0,26.641161918640137,111.43220376968384,54.82706642150879,2429.5047228962953,31.889613193014394,1309.1543508738644,64.0,0.0,499.7383533897295,542.0890613041134,64.0,52216.0,0.9991714015151515,1.0,sustained_overload,contiguous
1779704000.2765338,63361,64,52344,41832,5.131751562714726e-05,59.45677381333035,106.90303635597229,111.37624144554138,0.0,59.482637863009955,0.03730866962009006,0.0002302890353732639,6.587630824038857e-05,5.260335439969817e-05,1.0,0,1.0,111.50797629356384,0.12226807274950328,433276.9868801212,55.58103975535168,0.0,26.641161918640137,111.55301332473755,54.82706642150879,2429.5047228962953,31.889613193014394,1309.1543508738644,64.0,0.0,438.70702095075706,529.7594215254425,64.0,52280.0,0.9991720984020185,1.0,sustained_overload,contiguous
1779704000.3956757,63411,64,52408,41768,5.539560939382682e-05,59.53057240670268,107.02137660980225,111.49724626541138,0.0,59.55616198124787,0.03730866962009006,0.0002302890353732639,6.587630824038857e-05,5.254184138322569e-05,1.0,0,1.0,111.62711811065674,0.122118760494581,439879.1396570459,55.648997621474685,0.0,26.641161918640137,111.67215514183044,54.82706642150879,2429.5047228962953,31.889613193014394,1309.1543508738644,64.0,0.0,419.66793204954,537.1749530234113,64.0,52344.0,0.999172794117647,1.0,sustained_overload,contiguous
1779704000.5135515,63466,64,52472,41704,3.928450003343187e-05,59.59629329880259,107.13546466827393,111.61485481262207,0.0,59.62180336403018,0.03730866962009006,0.0002302890353732639,6.587630824038857e-05,5.243059632060467e-05,1.0,0,1.0,111.7449939250946,0.12196981247141334,445146.44713363686,55.71695548759769,0.0,26.641161918640137,111.79003095626831,54.82706642150879,2429.5047228962953,31.889613193014394,1309.1543508738644,64.0,0.0,466.59274646192307,542.9442867920559,64.0,52408.0,0.9991734886649875,1.0,sustained_overload,contiguous
1779704000.635031,63521,64,52536,41640,4.9902078075092504e-05,59.66367323815316,107.24983644485474,111.7341411113739,0.0,59.68949249634462,0.03730866962009006,0.0002302890353732639,6.587630824038857e-05,5.239377567488808e-05,1.0,0,1.0,111.86647343635559,0.12182122734886554,432467.9894960375,55.78491335372069,0.0,26.641161918640137,111.9115104675293,54.82706642150879,2429.5047228962953,31.889613193014394,1309.1543508738644,64.0,0.0,452.7512452847963,526.8378126950357,64.0,52472.0,0.9991741820469798,1.0,sustained_overload,contiguous
1779704000.7570798,63579,64,52600,41576,6.4384015601604e-05,59.732848886434326,107.37002515792847,111.85806322097778,0.0,59.75864952188004,0.03730866962009006,0.0002302890353732639,6.587630824038857e-05,5.240276268379434e-05,1.0,0,1.0,111.98852229118347,0.12167300380228137,430974.95731671585,55.85287121984369,0.0,26.641161918640137,112.03355932235718,54.82706642150879,2429.5047228962953,31.889613193014394,1309.1543508738644,64.0,0.0,475.2195346838311,524.3801762028481,64.0,52536.0,0.9991748742665549,1.0,sustained_overload,contiguous
1779704000.8764067,63634,64,52664,41512,5.283965620606068e-05,59.80091968632418,107.4876959323883,111.97806859016418,0.0,59.826472308751704,0.03730866962009006,0.0002302890353732639,6.587630824038857e-05,5.237405708492422e-05,1.0,0,1.0,112.10784912109375,0.12152514051344372,441342.4880188134,55.92082908596671,0.0,26.641161918640137,112.15288615226746,54.82706642150879,2429.5047228962953,31.889613193014394,1309.1543508738644,64.0,0.0,460.9189738917427,536.3420787103915,64.0,52600.0,0.9991755653266332,1.0,sustained_overload,contiguous
1779704000.995984,63694,64,52728,41448,5.207693754982756e-05,59.86389505986467,107.60357236862183,112.0976722240448,0.0,59.890005759044676,0.03730866962009006,0.0002302890353732639,6.587630824038857e-05,5.241804257154456e-05,1.0,0,1.0,112.22742652893066,0.12137763617053557,440952.86019172793,55.98878695208971,0.0,26.641161918640137,112.27246356010437,54.82706642150879,2429.5047228962953,31.889613193014394,1309.1543508738644,64.0,0.0,501.7670234316431,535.2181583270859,64.0,52664.0,0.9991762552301255,1.0,sustained_overload,contiguous
1779704001.1197145,63757,64,52792,41384,5.3122046864473305e-05,59.926881369673666,107.72137904167175,112.22011423110962,0.0,59.95300424817734,0.03730866962009006,0.0002302890353732639,6.587630824038857e-05,5.242447293979374e-05,1.0,0,1.0,112.35115694999695,0.12123048946810122,426669.52512606874,56.056744818212714,0.0,26.641161918640137,112.39619398117065,54.82706642150879,2429.5047228962953,31.889613193014394,1309.1543508738644,64.0,0.0,509.1714669446569,517.2535537215563,64.0,52728.0,0.9991769439799331,1.0,sustained_overload,contiguous
1779704001.238592,63813,64,52856,41320,4.5547062541118066e-05,59.993168865094134,107.83827686309814,112.3392927646637,0.0,60.01849735936511,0.03730866962009006,0.0002302890353732639,6.587630824038857e-05,5.2402662063869755e-05,1.0,0,1.0,112.47003436088562,0.12108369910700773,444626.10352020024,56.124702684335716,0.0,26.641161918640137,112.51507139205933,54.82706642150879,2429.5047228962953,31.889613193014394,1309.1543508738644,64.0,0.0,471.0735166704104,538.3697333376119,64.0,52792.0,0.9991776315789473,1.0,sustained_overload,contiguous
1779704001.3621957,63872,64,52920,41256,6.22158593586164e-05,60.060286963531105,107.95636510848999,112.46213722229004,0.0,60.0863952757228,0.03730866962009006,0.0002302890353732639,6.587630824038857e-05,5.240839264217307e-05,1.0,0,1.0,112.5936381816864,0.12093726379440665,428142.10480834515,56.19266055045872,0.0,26.641161918640137,112.63867521286011,54.82706642150879,2429.5047228962953,31.889613193014394,1309.1543508738644,64.0,0.0,477.3315227455095,517.7833467069934,64.0,52856.0,0.9991783180300501,1.0,sustained_overload,contiguous
1779704001.48277,63932,64,52984,41192,4.196982820303674e-05,60.12403985727758,108.07324171066284,112.58255505561829,0.0,60.14964723074987,0.03730866962009006,0.0002302890353732639,6.587630824038857e-05,5.2385821053124104e-05,1.0,0,1.0,112.71421241760254,0.12079118224369621,439430.52674081764,56.26061841658172,0.0,26.641161918640137,112.75924944877625,54.82706642150879,2429.5047228962953,31.889613193014394,1309.1543508738644,64.0,0.0,497.6187453655643,530.7933283899353,64.0,52920.0,0.9991790033361134,1.0,sustained_overload,contiguous
1779704001.6019642,63988,64,53048,41128,3.7309625028569826e-05,60.189806633436106,108.18817520141602,112.70123887062073,0.0,60.21663517601635,0.03730866962009006,0.0002302890353732639,6.587630824038857e-05,5.235048699227228e-05,1.0,0,1.0,112.83340668678284,0.12064545317448348,445054.9541082176,56.328576282704724,0.0,26.641161918640137,112.87844371795654,54.82706642150879,2429.5047228962953,31.889613193014394,1309.1543508738644,64.0,0.0,469.8212454769301,536.9385662593487,64.0,52984.0,0.9991796875,1.0,sustained_overload,contiguous
1779704001.7243357,64047,64,53112,41064,4.3122390636085584e-05,60.25630763851576,108.30675625801086,112.82349419593811,0.0,60.283498572015354,0.03730866962009006,0.0002302890353732639,6.587630824038857e-05,5.233772780547965e-05,1.0,0,1.0,112.95577812194824,0.12050007531254707,434022.8577707725,56.396534148827726,0.0,26.641161918640137,113.00081515312195,54.82706642150879,2429.5047228962953,31.889613193014394,1309.1543508738644,64.0,0.0,482.1386618556179,522.9978704874499,64.0,53048.0,0.9991803705245629,1.0,sustained_overload,contiguous
1779704001.844825,64108,64,53176,41000,4.010320314762339e-05,60.31935354124676,108.4240517616272,112.94417214393616,0.0,60.345907220616326,0.03730866962009006,0.0002302890353732639,6.587630824038857e-05,5.230782467387627e-05,1.0,0,1.0,113.07626748085022,0.12035504738979991,441333.5790363081,56.46449201495073,0.0,26.641161918640137,113.12130451202393,54.82706642150879,2429.5047228962953,31.889613193014394,1309.1543508738644,64.0,0.0,506.26877390579955,531.1672381962487,64.0,53112.0,0.9991810524126455,1.0,sustained_overload,contiguous
1779704001.9673877,64169,64,53240,40936,4.879078122144165e-05,60.3840430541546,108.53919863700867,113.06650352478027,0.0,60.41074300660506,0.03730866962009006,0.0002302890353732639,6.587630824038857e-05,5.2285240710843e-05,1.0,0,1.0,113.19883012771606,0.12021036814425246,434390.09650530573,56.53244988107373,0.0,26.641161918640137,113.24386715888977,54.82706642150879,2429.5047228962953,31.889613193014394,1309.1543508738644,64.0,0.0,497.7046560259889,522.1819341912015,64.0,53176.0,0.9991817331670823,1.0,sustained_overload,contiguous
1779704002.0890963,64229,64,53304,40872,4.112653117260834e-05,60.44943390824517,108.65679717063904,113.18860721588135,0.0,60.47582370342221,0.03730866962009006,0.0002302890353732639,6.587630824038857e-05,5.226961144467024e-05,1.0,0,1.0,113.32053875923157,0.12006603631997599,437964.0074517663,56.60040774719673,0.0,26.641161918640137,113.36557579040527,54.82706642150879,2429.5047228962953,31.889613193014394,1309.1543508738644,64.0,0.0,492.98064773949375,525.8460242554601,64.0,53240.0,0.9991824127906976,1.0,sustained_overload,contiguous
1779704002.2088559,64289,64,53368,40808,3.8412859424852286e-05,60.512318643670085,108.7713794708252,113.30820083618164,0.0,60.53869187969347,0.03730866962009006,0.0002302890353732639,6.587630824038857e-05,5.2239427492113614e-05,1.0,0,1.0,113.44029831886292,0.11992205066706642,445626.2211073684,56.668365613319736,0.0,26.641161918640137,113.48533535003662,54.82706642150879,2429.5047228962953,31.889613193014394,1309.1543508738644,64.0,0.0,501.00384624572973,534.4041026621117,64.0,53304.0,0.999183091286307,1.0,sustained_overload,contiguous
1779704002.3519173,64352,64,52756,41420,5.309878125103751e-05,60.59169282188342,108.90763854980469,113.44667148590088,0.0,60.619484779739985,0.03737033411269671,0.000228696982766038,6.587630824038857e-05,5.224563564636126e-05,1.0,0,1.0,113.58335971832275,0.1213132155584199,384240.6142226474,56.018518518518526,0.0,26.641161918640137,113.62839674949646,50.8306200504303,2401.7626741757585,32.13448293223703,1321.2713049172853,0.0,612.0,440.3703601241911,4277.883498349285,834.0,54136.0,0.9991837686567164,1.0,sustained_overload,contiguous
1779704002.472613,64414,64,52820,41356,5.013464063097217e-05,60.657476215879214,109.02732038497925,113.57108688354492,0.0,60.68388823336595,0.03737033411269671,0.000228696982766038,6.557380159695943e-05,5.2246106532882824e-05,1.0,0,1.0,113.70405554771423,0.121166224914805,437629.04042588914,56.08647638464153,0.0,26.641161918640137,113.74909257888794,50.8306200504303,2401.7626741757585,32.13448293223703,1321.2713049172853,64.0,0.0,513.6880065582191,530.2585874149357,64.0,52756.0,0.9991844449047225,1.0,sustained_overload,contiguous
1779704002.5919635,64471,64,52884,41292,4.913817183194169e-05,60.724019469896156,109.1450297832489,113.69156241416931,0.0,60.74931030613772,0.03737033411269671,0.000228696982766038,6.557380159695943e-05,5.2212282864696856e-05,1.0,0,1.0,113.82340598106384,0.12101959004613871,443098.5168280756,56.15443425076453,0.0,26.641161918640137,113.86844301223755,50.8306200504303,2401.7626741757585,32.13448293223703,1321.2713049172853,64.0,0.0,477.5851951289673,536.236008565858,64.0,52820.0,0.9991851200331126,1.0,sustained_overload,contiguous
1779704002.731481,64533,64,52544,41632,4.816364061355216e-05,60.80267725856221,109.27851414680481,113.82854700088501,0.0,60.828683562368205,0.037405065277166534,0.000227942801358407,6.557380159695943e-05,5.213613995139768e-05,1.0,0,1.0,113.96292352676392,0.12180267965895249,386854.5689301906,55.79340808698608,0.0,26.641161918640137,114.00796055793762,45.52243518829346,2359.935475936521,32.21611678745688,1327.604623033256,0.0,340.0,444.38855119544615,2436.969474297608,577.0,53396.0,0.999185794044665,1.0,sustained_overload,contiguous
1779704002.869931,64597,64,51584,42592,5.378515621146107e-05,60.88017061079008,109.41345810890198,113.96613693237305,0.0,60.90604910596771,0.03743903293359748,0.00022721811152962097,6.551940206419001e-05,5.21685951592729e-05,1.0,0,1.0,114.10137343406677,0.12406947890818859,387381.98562082724,54.77404009514101,0.0,26.641161918640137,114.14641046524048,56.55973410606384,2266.4625827692616,32.36365386211511,1333.2946712740802,0.0,960.0,462.26105345091537,6933.91580176373,577.0,53056.0,0.9991864669421487,1.0,sustained_overload,contiguous
1779704003.0052204,64651,64,51136,43040,4.334268746220005e-05,60.96348734891282,109.54549431800842,114.10039329528809,0.0,60.98887328885503,0.03746178357497505,0.00022649246713389522,6.538936772297338e-05,5.2143177054666954e-05,1.0,0,1.0,114.23666286468506,0.1251564455569462,396904.6196336209,54.29833503227999,0.0,26.641161918640137,114.28169989585876,56.6030490398407,2397.1526047574034,32.50967431499297,1339.7034540059076,0.0,448.0,399.1442624395316,3311.4190661650027,1089.0,52608.0,0.9991871387283237,1.0,sustained_overload,contiguous
1779704003.124743,64712,64,51200,42976,4.657268742391807e-05,61.025387360719165,109.65876841545105,114.22005271911621,0.0,61.0507714899115,0.03746178357497505,0.00022649246713389522,6.543428469926884e-05,5.20074869757933e-05,1.0,0,1.0,114.35618543624878,0.125,428370.97068902926,54.36629289840299,0.0,26.641161918640137,114.40122246742249,56.6030490398407,2397.1526047574034,32.50967431499297,1339.7034540059076,64.0,0.0,510.36385179747623,535.4637133612865,64.0,51136.0,0.9991878094059405,1.0,sustained_overload,contiguous
1779704003.2430933,64772,64,51264,42912,4.6367671842517666e-05,61.08725899191094,109.77271699905396,114.33874678611755,0.0,61.112471793360506,0.03746178357497505,0.00022649246713389522,6.543428469926884e-05,5.195007392618997e-05,1.0,0,1.0,114.47453570365906,0.12484394506866417,433154.9148282524,54.43425076452599,0.0,26.641161918640137,114.51957273483276,56.6030490398407,2397.1526047574034,32.50967431499297,1339.7034540059076,64.0,0.0,506.96970368475235,540.7676839304024,64.0,51200.0,0.9991884789777411,1.0,sustained_overload,contiguous
1779704003.364854,64827,64,51328,42848,5.356131252653995e-05,61.15362028256035,109.8872754573822,114.45723414421082,0.0,61.18045904271756,0.03746178357497505,0.00022649246713389522,6.543428469926884e-05,5.199100810029211e-05,1.0,0,1.0,114.59629654884338,0.12468827930174563,421547.66519809986,54.502208630648994,0.0,26.641161918640137,114.64133358001709,56.6030490398407,2397.1526047574034,32.50967431499297,1339.7034540059076,64.0,0.0,451.7051431167295,525.6205301721943,64.0,51264.0,0.999189147446458,1.0,sustained_overload,contiguous
1779704003.4833167,64882,64,51392,42784,4.7361187526462345e-05,61.222544267376335,110.00295495986938,114.57830905914307,0.0,61.24779020040683,0.03746178357497505,0.00022649246713389522,6.543428469926884e-05,5.2005292928248946e-05,1.0,0,1.0,114.71475911140442,0.12453300124533001,433824.82101483695,54.570166496771996,0.0,26.641161918640137,114.75979614257812,56.6030490398407,2397.1526047574034,32.50967431499297,1339.7034540059076,64.0,0.0,464.28170057238543,540.2550697569576,64.0,51328.0,0.9991898148148148,1.0,sustained_overload,contiguous
1779704003.6306658,64943,64,49592,44584,5.757831243613509e-05,61.30095434340655,110.13731002807617,114.71382236480713,0.0,61.32673761312373,0.037523867755100644,0.0002250106170259673,6.543428469926884e-05,5.2062123232193896e-05,1.0,0,1.0,114.86210823059082,0.12905307307630262,359649.24861858785,52.65885151206252,0.0,26.641161918640137,114.90714526176453,46.411542892456055,2292.6368177447957,32.835945498375665,1350.4331309447498,0.0,1800.0,413.98279363199345,12215.885713730953,834.0,52160.0,0.9991904810855263,1.0,sustained_overload,contiguous
1779704003.7551475,65001,64,49656,44520,4.977715613563305e-05,61.37759647058647,110.26421427726746,114.84551453590393,0.0,61.40357283452646,0.037523867755100644,0.0002250106170259673,6.533153166020583e-05,5.205340612670464e-05,1.0,0,1.0,114.98658990859985,0.1288867407765426,398902.07775313436,52.72680937818552,0.0,26.641161918640137,115.03162693977356,46.411542892456055,2292.6368177447957,32.835945498375665,1350.4331309447498,64.0,0.0,465.9320225084943,514.1318869059247,64.0,49592.0,0.9991911462612982,1.0,sustained_overload,contiguous
1779704003.8999166,65066,64,49720,44456,8.876084379494387e-05,61.45234937733058,110.39440846443176,114.98193359375,0.0,61.485515193580234,0.037523867755100644,0.0002250106170259673,6.533153166020583e-05,5.4651903001825816e-05,1.0,0,1.0,115.1313591003418,0.12872083668543846,343443.23817617085,52.794767244308524,0.0,26.641161918640137,115.1763961315155,46.411542892456055,2292.6368177447957,32.835945498375665,1350.4331309447498,64.0,0.0,448.9905567468042,442.0830097199303,64.0,49656.0,0.9991918103448276,1.0,sustained_overload,contiguous
1779704004.0305147,65128,64,49784,44392,7.241268748714447e-05,61.529855943473926,110.52611923217773,115.11830401420593,0.0,61.55615714715889,0.037523867755100644,0.0002250106170259673,6.533153166020583e-05,5.354135013869445e-05,1.0,0,1.0,115.2619571685791,0.12855535915153463,381200.12548378145,52.862725110431526,0.0,26.641161918640137,115.30699419975281,46.411542892456055,2292.6368177447957,32.835945498375665,1350.4331309447498,64.0,0.0,474.73902820172043,490.0531904017759,64.0,49720.0,0.9991924733388023,1.0,sustained_overload,contiguous
1779704004.16067,65187,64,49848,44328,7.063473431401235e-05,61.604445154182656,110.65181732177734,115.2489230632782,0.0,61.63242690980434,0.037523867755100644,0.0002250106170259673,6.533153166020583e-05,5.321660517342297e-05,1.0,0,1.0,115.39211249351501,0.12839030653185685,382988.5563617513,52.930682976554536,0.0,26.641161918640137,115.43714952468872,46.411542892456055,2292.6368177447957,32.835945498375665,1350.4331309447498,64.0,0.0,453.3045423155056,491.7201814947858,64.0,49784.0,0.9991931352459016,1.0,sustained_overload,contiguous
1779704004.2800937,65244,64,49912,44264,4.230799997628765e-05,61.671979920120116,110.76878333091736,115.37058782577515,0.0,61.69836498443936,0.037523867755100644,0.0002250106170259673,6.533153166020583e-05,5.291147425171558e-05,1.0,0,1.0,115.51153612136841,0.12822567719185768,417940.7450364245,52.99864084267754,0.0,26.641161918640137,115.55657315254211,46.411542892456055,2292.6368177447957,32.835945498375665,1350.4331309447498,64.0,0.0,477.29248411356383,535.9073505836506,64.0,49848.0,0.9991937960687961,1.0,sustained_overload,contiguous
1779704004.4049602,65300,64,49976,44200,4.3828390587918875e-05,61.73791349069151,110.88274693489075,115.4897108078003,0.0,61.76642820804773,0.037523867755100644,0.0002250106170259673,6.533153166020583e-05,5.2717916435155136e-05,1.0,0,1.0,115.63640260696411,0.12806146950536257,400235.4976323588,53.06659870880054,0.0,26.641161918640137,115.68143963813782,46.411542892456055,2292.6368177447957,32.835945498375665,1350.4331309447498,64.0,0.0,448.47902728133687,512.5474597500993,64.0,49912.0,0.9991944558101473,1.0,sustained_overload,contiguous
1779704004.5250435,65360,64,50040,44136,4.660182818838621e-05,61.80665048453078,111.00325059890747,115.61544394493103,0.0,61.83358057678251,0.037523867755100644,0.0002250106170259673,6.533153166020583e-05,5.270739162622474e-05,1.0,0,1.0,115.75648593902588,0.1278976818545164,416710.62203920854,53.13455657492355,0.0,26.641161918640137,115.80152297019958,46.411542892456055,2292.6368177447957,32.835945498375665,1350.4331309447498,64.0,0.0,499.65302402782794,532.9632256296832,64.0,49976.0,0.9991951144726083,1.0,sustained_overload,contiguous
1779704004.6477654,65418,64,50104,44072,5.7061984463757653e-05,61.87289999005637,111.12167119979858,115.73679637908936,0.0,61.90029854930625,0.037523867755100644,0.0002250106170259673,6.533153166020583e-05,5.293822624995511e-05,1.0,0,1.0,115.87920784950256,0.12773431262973017,408272.65323186974,53.20251444104655,0.0,26.641161918640137,115.92424488067627,46.411542892456055,2292.6368177447957,32.835945498375665,1350.4331309447498,64.0,0.0,472.61324220518213,521.5042672608906,64.0,50040.0,0.9991957720588235,1.0,sustained_overload,contiguous
1779704004.7700906,65474,64,50168,44008,6.860170314837433e-05,61.94338238875376,111.24144148826599,115.8605170249939,0.0,61.96894969845995,0.037523867755100644,0.0002250106170259673,6.533153166020583e-05,5.2837922678414334e-05,1.0,0,1.0,116.00153303146362,0.12757136022962845,410119.97035876266,53.270472307169555,0.0,26.641161918640137,116.04657006263733,46.411542892456055,2292.6368177447957,32.835945498375665,1350.4331309447498,64.0,0.0,457.7961716650197,523.1956247600225,64.0,50104.0,0.9991964285714285,1.0,sustained_overload,contiguous
1779704004.8892255,65531,64,50232,43944,5.2694859391522186e-05,62.009974609418244,111.35824084281921,115.98129320144653,0.0,62.03647125249825,0.037523867755100644,0.0002250106170259673,6.533153166020583e-05,5.275877143239792e-05,1.0,0,1.0,116.12066793441772,0.12740882306099696,421639.6602039673,53.338430173292565,0.0,26.641161918640137,116.16570496559143,46.411542892456055,2292.6368177447957,32.835945498375665,1350.4331309447498,64.0,0.0,478.44920830598295,537.2061286242615,64.0,50168.0,0.9991970840130505,1.0,sustained_overload,contiguous
1779704005.0075119,65591,64,50296,43880,4.8849375048121146e-05,62.07149002734696,111.4725182056427,116.09982180595398,0.0,62.09687577978924,0.037523867755100644,0.0002250106170259673,6.533153166020583e-05,5.269922976953964e-05,1.0,0,1.0,116.2389543056488,0.12724669953873072,425205.3679264869,53.40638803941557,0.0,26.641161918640137,116.28399133682251,46.411542892456055,2292.6368177447957,32.835945498375665,1350.4331309447498,64.0,0.0,507.243559638723,541.0597969479712,64.0,50232.0,0.9991977383863081,1.0,sustained_overload,contiguous
1779704005.1271727,65650,64,50360,43816,5.4189015656902484e-05,62.13481768367612,111.58708310127258,116.21922755241394,0.0,62.160095345404756,0.037523867755100644,0.0002250106170259673,6.533153166020583e-05,5.26932515019702e-05,1.0,0,1.0,116.3586151599884,0.12708498808578236,420856.095988396,53.47434590553857,0.0,26.641161918640137,116.40365219116211,46.411542892456055,2292.6368177447957,32.835945498375665,1350.4331309447498,64.0,0.0,493.0601601134901,534.8449194451418,64.0,50296.0,0.9991983916938111,1.0,sustained_overload,contiguous
1779704005.24551,65698,64,50424,43752,4.135150007300581e-05,62.20718823768799,111.70262694358826,116.33730506896973,0.0,62.23325287232636,0.037523867755100644,0.0002250106170259673,6.533153166020583e-05,5.262445241022139e-05,1.0,0,1.0,116.47695255279541,0.12692368713311122,426103.69219672686,53.54230377166157,0.0,26.641161918640137,116.52198958396912,46.411542892456055,2292.6368177447957,32.835945498375665,1350.4331309447498,64.0,0.0,405.6198878598066,540.8265171464088,64.0,50360.0,0.9991990439381611,1.0,sustained_overload,contiguous
1779704005.3645554,65754,64,50488,43688,4.600189063808102e-05,62.27305748447285,111.81503701210022,116.4564516544342,0.0,62.29885432948523,0.037523867755100644,0.0002250106170259673,6.533153166020583e-05,5.256054815014767e-05,1.0,0,1.0,116.59599781036377,0.1267627951196324,424107.6127791842,53.610261637784575,0.0,26.641161918640137,116.64103484153748,46.411542892456055,2292.6368177447957,32.835945498375665,1350.4331309447498,64.0,0.0,470.40933123978596,537.610664274041,64.0,50424.0,0.9991996951219512,1.0,sustained_overload,contiguous
1779704005.487862,65811,64,50552,43624,5.502917191790857e-05,62.34061348798004,111.93287301063538,116.57824945449829,0.0,62.36701314184746,0.037523867755100644,0.0002250106170259673,6.533153166020583e-05,5.253030784510584e-05,1.0,0,1.0,116.71930456161499,0.1266023104921665,409969.4419570522,53.67821950390758,0.0,26.641161918640137,116.7643415927887,46.411542892456055,2292.6368177447957,32.835945498375665,1350.4331309447498,64.0,0.0,462.26179362937125,519.0307858294694,64.0,50488.0,0.999200345247766,1.0,sustained_overload,contiguous
1779704005.6258266,65868,64,50240,43936,4.5932812511750853e-05,62.4244647545345,112.06684947013855,116.71594381332397,0.0,62.45065233442839,0.03754286704656904,0.00022426797596681783,6.533153166020583e-05,5.248452255989294e-05,1.0,0,1.0,116.8572690486908,0.12738853503184713,374306.46896563645,53.34692490655794,0.0,26.641161918640137,116.9023060798645,43.092591285705566,2688.310522739151,32.896635710135016,1358.3495652157226,0.0,312.0,413.14979824250645,2261.4515272221406,577.0,51064.0,0.9992009943181818,1.0,sustained_overload,contiguous
1779704005.744176,65925,64,50304,43872,4.813764064692805e-05,62.488571462336004,112.18283033370972,116.83431792259216,0.0,62.51487487166627,0.03754286704656904,0.00022426797596681783,6.516774495442708e-05,5.2436974091981044e-05,1.0,0,1.0,116.97561836242676,0.1272264631043257,425046.8246248436,53.41488277268094,0.0,26.641161918640137,117.02065539360046,43.092591285705566,2688.310522739151,32.896635710135016,1358.3495652157226,64.0,0.0,481.625099467559,540.7720415074347,64.0,50240.0,0.9992016423357665,1.0,sustained_overload,contiguous
1779704005.8617744,65980,64,50368,43808,4.291174991521984e-05,62.55428977329719,112.29724144935608,116.95242166519165,0.0,62.58081480882674,0.03754286704656904,0.00022426797596681783,6.516774495442708e-05,5.23128142781409e-05,1.0,0,1.0,117.09321689605713,0.12706480304955528,428304.660314165,53.48284063880394,0.0,26.641161918640137,117.13825392723083,43.092591285705566,2688.310522739151,32.896635710135016,1358.3495652157226,64.0,0.0,467.69290655334885,544.2244730802605,64.0,50304.0,0.9992022893030794,1.0,sustained_overload,contiguous
1779704005.9805815,66034,64,50432,43744,4.721242197547326e-05,62.620927330528964,112.41168475151062,117.07051062583923,0.0,62.64692813276847,0.03754286704656904,0.00022426797596681783,6.516774495442708e-05,5.229731975707982e-05,1.0,0,1.0,117.21202397346497,0.12690355329949238,424486.49609382055,53.550798504926945,0.0,26.641161918640137,117.25706100463867,43.092591285705566,2688.310522739151,32.896635710135016,1358.3495652157226,64.0,0.0,454.51837700401154,538.6884468195692,64.0,50368.0,0.9992029352226721,1.0,sustained_overload,contiguous
1779704006.100846,66093,64,50496,43680,5.757512501247675e-05,62.68520205692672,112.52837324142456,117.19098162651062,0.0,62.71192211998688,0.03754286704656904,0.00022426797596681783,6.516774495442708e-05,5.230381671489157e-05,1.0,0,1.0,117.33228850364685,0.12674271229404308,419874.42119161185,53.61875637104995,0.0,26.641161918640137,117.37732553482056,43.092591285705566,2688.310522739151,32.896635710135016,1358.3495652157226,64.0,0.0,490.5852117059787,532.1602296471633,64.0,50432.0,0.9992035800970874,1.0,sustained_overload,contiguous
1779704006.219816,66146,64,50560,43616,4.5155124965390314e-05,62.75369028871694,112.64498043060303,117.3100016117096,0.0,62.78046351680378,0.03754286704656904,0.00022426797596681783,6.516774495442708e-05,5.226924076627201e-05,1.0,0,1.0,117.45125842094421,0.12658227848101267,424981.38309725927,53.68671423717295,0.0,26.641161918640137,117.49629545211792,43.092591285705566,2688.310522739151,32.896635710135016,1358.3495652157226,64.0,0.0,445.4907694650859,537.951117844632,64.0,50496.0,0.9992042239288601,1.0,sustained_overload,contiguous
1779704006.3391242,66201,64,50624,43552,4.0221499915560344e-05,62.819997137923664,112.76005101203918,117.42874193191528,0.0,62.84447489138614,0.03754286704656904,0.00022426797596681783,6.516774495442708e-05,5.22374909460079e-05,1.0,0,1.0,117.57056665420532,0.12642225031605564,424312.71184117184,53.75467210329595,0.0,26.641161918640137,117.61560368537903,43.092591285705566,2688.310522739151,32.896635710135016,1358.3495652157226,64.0,0.0,460.9908176213743,536.42567868669,64.0,50560.0,0.999204866720517,1.0,sustained_overload,contiguous
1779704006.4641566,66260,64,50688,43488,5.2321281216904936e-05,62.88605710837758,112.87744569778442,117.55104041099548,0.0,62.91285819764377,0.03754286704656904,0.00022426797596681783,6.516774495442708e-05,5.223176155178562e-05,1.0,0,1.0,117.69559907913208,0.12626262626262627,405398.83977849985,53.822629969418955,0.0,26.641161918640137,117.74063611030579,43.092591285705566,2688.310522739151,32.896635710135016,1358.3495652157226,64.0,0.0,471.87759522828856,511.8672219425503,64.0,50624.0,0.9992055084745762,1.0,sustained_overload,contiguous
1779704006.5870214,66320,64,50752,43424,6.001137505506904e-05,62.95368402139621,112.9987518787384,117.67587423324585,0.0,62.98031983911872,0.03754286704656904,0.00022426797596681783,6.516774495442708e-05,5.225507736139402e-05,1.0,0,1.0,117.81846380233765,0.12610340479192939,413072.18765378435,53.89058783554196,0.0,26.641161918640137,117.86350083351135,43.092591285705566,2688.310522739151,32.896635710135016,1358.3495652157226,64.0,0.0,488.3419620749342,520.8980928799298,64.0,50688.0,0.9992061491935483,1.0,sustained_overload,contiguous
1779704006.7405777,66384,64,51472,42704,5.8924890680600583e-05,63.040799687301615,113.14309811592102,117.82288098335266,0.0,63.07032207270171,0.037586296725476906,0.00022353677668123163,6.516774495442708e-05,5.228541661368925e-05,1.0,0,1.0,117.97202014923096,0.12433944668946223,350939.58074843726,54.65511382942576,0.0,26.641161918640137,118.01705718040466,68.50100564956665,2155.2641242541617,33.10607318036696,1363.0372979159488,720.0,0.0,416.7851169607895,4688.832565808882,1601.0,52288.0,0.9992067888799355,1.0,sustained_overload,contiguous
1779704006.87837,66443,64,50255,43921,5.1926593670259535e-05,63.12619815887803,113.28213310241699,117.9639880657196,0.0,63.15247276994485,0.03760999314328457,0.000222841222235497,6.516774495442708e-05,5.2280304611909726e-05,1.0,0,1.0,118.10981249809265,0.12735051238682718,377735.0515466058,53.36285253143052,0.0,26.641161918640137,118.15484952926636,0.0003619194030761719,6.807174887892376,32.91247252971805,1355.106127605843,0.0,1217.0,428.1805229927519,8832.130448850492,321.0,51728.0,0.9992074275362319,1.0,sustained_overload,contiguous
1779704006.996698,66499,64,50319,43857,3.865848445627762e-05,63.19101177974426,113.39694571495056,118.08225464820862,0.0,63.21759259608606,0.03760999314328457,0.000222841222235497,6.503915067893177e-05,5.2247397338832446e-05,1.0,0,1.0,118.2281403541565,0.1271885371330909,425250.6694015551,53.43081039755352,0.0,26.641161918640137,118.2731773853302,0.0003619194030761719,6.807174887892376,32.91247252971805,1355.106127605843,64.0,0.0,473.26134236545016,540.8701055605144,64.0,50255.0,0.9992080651649236,1.0,sustained_overload,contiguous
1779704007.1154773,66560,64,50383,43793,4.43817811799363e-05,63.253034646022606,113.51126503944397,118.20248031616211,0.0,63.27859445533652,0.03760999314328457,0.000222841222235497,6.503915067893177e-05,5.2138336522764876e-05,1.0,0,1.0,118.34691977500916,0.1270269733838795,424172.8039952067,53.498768263676524,0.0,26.641161918640137,118.39195680618286,0.0003619194030761719,6.807174887892376,32.91247252971805,1355.106127605843,64.0,0.0,513.5569744498662,538.8138748326465,64.0,50319.0,0.9992087017684887,1.0,sustained_overload,contiguous
1779704007.2363842,66615,64,50447,43729,4.679926560413605e-05,63.31939401607328,113.62541961669922,118.32136154174805,0.0,63.345507851614,0.03760999314328457,0.000222841222235497,6.503915067893177e-05,5.2255219202963825e-05,1.0,0,1.0,118.46782660484314,0.12686581957301724,417238.6296892254,53.56672612979953,0.0,26.641161918640137,118.51286363601685,0.0003619194030761719,6.807174887892376,32.91247252971805,1355.106127605843,64.0,0.0,454.895724877741,529.3332071304623,64.0,50383.0,0.9992093373493975,1.0,sustained_overload,contiguous
1779704007.3579605,66675,64,50511,43665,7.020704690319235e-05,63.385221573348325,113.74507141113281,118.44447350502014,0.0,63.41103446329688,0.03760999314328457,0.000222841222235497,6.503915067893177e-05,5.226650929362568e-05,1.0,0,1.0,118.58940291404724,0.12670507414226606,415467.4568644985,53.63468399592253,0.0,26.641161918640137,118.63443994522095,0.0003619194030761719,6.807174887892376,32.91247252971805,1355.106127605843,64.0,0.0,493.5172024285782,526.41834925715,64.0,50447.0,0.9992099719101124,1.0,sustained_overload,contiguous
1779704007.4795892,66733,64,50575,43601,5.180823438877269e-05,63.44899462634995,113.85698628425598,118.56362962722778,0.0,63.47683585973306,0.03760999314328457,0.000222841222235497,6.503915067893177e-05,5.223707398369713e-05,1.0,0,1.0,118.71103167533875,0.12654473554127532,415814.4789355246,53.70264186204553,0.0,26.641161918640137,118.75606870651245,0.0003619194030761719,6.807174887892376,32.91247252971805,1355.106127605843,64.0,0.0,476.860895269608,526.1913327112916,64.0,50511.0,0.9992106054530874,1.0,sustained_overload,contiguous
1779704007.6017618,66790,64,50639,43537,5.147598426447075e-05,63.518136737724596,113.97586941719055,118.68723320960999,0.0,63.54442183885576,0.03760999314328457,0.000222841222235497,6.503915067893177e-05,5.223332838748621e-05,1.0,0,1.0,118.83320426940918,0.12638480222753215,414487.392899309,53.770599728168534,0.0,26.641161918640137,118.87824130058289,0.0003619194030761719,6.807174887892376,32.91247252971805,1355.106127605843,64.0,0.0,466.55307954858137,523.8490717738457,64.0,50575.0,0.9992112379807693,1.0,sustained_overload,contiguous
1779704007.7229626,66849,64,50703,43473,5.041725005128228e-05,63.58295328473087,114.09137392044067,118.80840682983398,0.0,63.60966017103099,0.03760999314328457,0.000222841222235497,6.503915067893177e-05,5.220308916766387e-05,1.0,0,1.0,118.9544050693512,0.12622527266631164,418338.8230461904,53.83855759429154,0.0,26.641161918640137,118.9994421005249,0.0003619194030761719,6.807174887892376,32.91247252971805,1355.106127605843,64.0,0.0,486.79546692947616,528.0493200590928,64.0,50639.0,0.9992118694955965,1.0,sustained_overload,contiguous
1779704007.8443756,66908,64,50767,43409,5.856726566833004e-05,63.64880028508946,114.20994329452515,118.93062281608582,0.0,63.67561181262746,0.03760999314328457,0.000222841222235497,6.503915067893177e-05,5.2192633983069335e-05,1.0,0,1.0,119.07581806182861,0.12606614533062815,418134.8220162084,53.90651546041454,0.0,26.641161918640137,119.12085509300232,0.0003619194030761719,6.807174887892376,32.91247252971805,1355.106127605843,64.0,0.0,485.94469830709505,527.1264524009166,64.0,50703.0,0.9992125,1.0,sustained_overload,contiguous
1779704007.9839487,66967,64,50503,43673,4.600385938147156e-05,63.72920804774231,114.34427404403687,119.06694889068604,0.0,63.75580552313334,0.03763171171737929,0.00022222126944590424,6.503915067893177e-05,5.218647944865275e-05,1.0,0,1.0,119.21539115905762,0.12672514504088866,378869.574795187,53.62618926265716,0.0,26.641161918640137,119.26042819023132,38.277953147888184,2587.7435808713612,32.943667184474855,1362.2726244271541,0.0,264.0,422.7175664318463,1891.4819921696173,1089.0,51791.0,0.9992131294964028,1.0,sustained_overload,contiguous
1779704008.106695,67029,64,50567,43609,5.202412494043074e-05,63.79396146005355,114.46459460258484,119.19095253944397,0.0,63.820019959839904,0.03763171171737929,0.00022222126944590424,6.490230560302735e-05,5.218387572598212e-05,1.0,0,1.0,119.33813738822937,0.12656475567069433,411963.7755164276,53.69414712878016,0.0,26.641161918640137,119.38317441940308,38.277953147888184,2587.7435808713612,32.943667184474855,1362.2726244271541,64.0,0.0,505.10716637369256,521.4009459341343,64.0,50503.0,0.9992137579872205,1.0,sustained_overload,contiguous
1779704008.2258577,67087,64,50631,43545,5.0609390669364984e-05,63.85822866989744,114.58079957962036,119.31066584587097,0.0,63.88428209546022,0.03763171171737929,0.00022222126944590424,6.490230560302735e-05,5.212688462876542e-05,1.0,0,1.0,119.45730018615723,0.1264047717801347,424889.31848220807,53.76210499490316,0.0,26.641161918640137,119.50233721733093,38.277953147888184,2587.7435808713612,32.943667184474855,1362.2726244271541,64.0,0.0,486.72908834445434,537.0803733456048,64.0,50567.0,0.9992143854748603,1.0,sustained_overload,contiguous
1779704008.3473063,67144,64,50695,43481,5.083473435263386e-05,63.92420439418327,114.6935658454895,119.43115067481995,0.0,63.95093548283022,0.03763171171737929,0.00022222126944590424,6.490230560302735e-05,5.211604510361219e-05,1.0,0,1.0,119.57874870300293,0.12624519183351415,417419.67145145586,53.830062861026164,0.0,26.641161918640137,119.62378573417664,38.277953147888184,2587.7435808713612,32.943667184474855,1362.2726244271541,64.0,0.0,469.3346734931055,526.9722649747149,64.0,50631.0,0.9992150119617225,1.0,sustained_overload,contiguous
1779704008.466632,67200,64,50759,43417,4.0295437443660376e-05,63.990493563533335,114.81064820289612,119.55100703239441,0.0,64.01586625280511,0.03763171171737929,0.00022222126944590424,6.490230560302735e-05,5.208847873653941e-05,1.0,0,1.0,119.69807434082031,0.12608601430288224,425382.18046386726,53.89802072714917,0.0,26.641161918640137,119.74311137199402,38.277953147888184,2587.7435808713612,32.943667184474855,1362.2726244271541,64.0,0.0,469.30400728888605,536.347436901584,64.0,50695.0,0.9992156374501993,1.0,sustained_overload,contiguous
1779704008.5903149,67257,64,50823,43353,4.799107824737803e-05,64.0571960709394,114.9272882938385,119.67224097251892,0.0,64.08350124455278,0.03763171171737929,0.00022222126944590424,6.490230560302735e-05,5.209400668421347e-05,1.0,0,1.0,119.82175731658936,0.12592723766798497,410913.4639103716,53.96597859327217,0.0,26.641161918640137,119.86679434776306,38.277953147888184,2587.7435808713612,32.943667184474855,1362.2726244271541,64.0,0.0,460.85566461820787,517.4519743081632,64.0,50759.0,0.9992162619426752,1.0,sustained_overload,contiguous
1779704008.7104862,67317,64,50887,43289,5.218942189344489e-05,64.12237029923868,115.04606509208679,119.79480814933777,0.0,64.14960396455345,0.03763171171737929,0.00022222126944590424,6.490230560302735e-05,5.2104264212565266e-05,1.0,0,1.0,119.94192862510681,0.12576886041621632,423453.8229448352,54.03393645939517,0.0,26.641161918640137,119.98696565628052,38.277953147888184,2587.7435808713612,32.943667184474855,1362.2726244271541,64.0,0.0,499.2872320374577,532.5730475066216,64.0,50823.0,0.9992168854415274,1.0,sustained_overload,contiguous
1779704008.849998,67375,64,51232,42944,5.08277343840291e-05,64.20476301394997,115.18131899833679,119.93255543708801,0.0,64.23108726190169,0.03765290698924648,0.00022151198568223397,6.490230560302735e-05,5.2102815488323526e-05,1.0,0,1.0,120.08144044876099,0.12492192379762648,387235.9960967607,54.400271831464494,0.0,26.641161918640137,120.12647747993469,80.07156586647034,1385.1981629690238,33.21608278379275,1362.4051419909802,345.0,0.0,415.7353726790338,2472.9086823149423,1601.0,52423.0,0.9992175079491256,1.0,sustained_overload,contiguous
1779704008.9890513,67431,64,50015,44161,4.353318755079272e-05,64.28833820056742,115.31575322151184,120.06857299804688,0.0,64.31544544497648,0.03767109217763949,0.00022095792433794807,6.490230560302735e-05,5.210215254538697e-05,1.0,0,1.0,120.22049379348755,0.12796161151654503,372583.63041808404,53.108010533469255,0.0,26.641161918640137,120.26553082466125,0.00022792816162109375,4.211453744493392,33.02518706623165,1354.5994311389888,0.0,1217.0,402.7231427630857,8752.036870404916,321.0,51488.0,0.9992181294678316,1.0,sustained_overload,contiguous
1779704009.1102688,67486,64,50079,44097,4.912651559152437e-05,64.3569360769342,115.4332160949707,120.18987107276917,0.0,64.38349806189453,0.03767109217763949,0.00022095792433794807,6.482494411183827e-05,5.213019304704081e-05,1.0,0,1.0,120.3417112827301,0.12779807903512452,413133.4538681374,53.17596839959226,0.0,26.641161918640137,120.38674831390381,0.00022792816162109375,4.211453744493392,33.02518706623165,1354.5994311389888,64.0,0.0,453.7299060034656,527.9766178949418,64.0,50015.0,0.99921875,1.0,sustained_overload,contiguous
1779704009.2319424,67547,64,50143,44033,5.733570311861058e-05,64.42092245831341,115.55040955543518,120.31227445602417,0.0,64.44733539063249,0.03767109217763949,0.00022095792433794807,6.482494411183827e-05,5.207194929108775e-05,1.0,0,1.0,120.46338486671448,0.12763496400295157,412110.8161524956,53.24392626571526,0.0,26.641161918640137,120.50842189788818,0.00022792816162109375,4.211453744493392,33.02518706623165,1354.5994311389888,64.0,0.0,501.3413594181089,525.9974918485076,64.0,50079.0,0.9992193695479777,1.0,sustained_overload,contiguous
1779704009.3534074,67605,64,50207,43969,5.117457807557457e-05,64.48648121508676,115.66812682151794,120.43339967727661,0.0,64.51320646011126,0.03767109217763949,0.00022095792433794807,6.482494411183827e-05,5.208972249412222e-05,1.0,0,1.0,120.58484983444214,0.12747226482363017,413345.517965065,53.31188413183826,0.0,26.641161918640137,120.62988686561584,0.00022792816162109375,4.211453744493392,33.02518706623165,1354.5994311389888,64.0,0.0,477.5039345504366,526.9008932970336,64.0,50143.0,0.9992199881141046,1.0,sustained_overload,contiguous
1779704009.4756553,67662,64,50271,43905,6.311726563978937e-05,64.55410586997932,115.78694295883179,120.55565404891968,0.0,64.58098636188042,0.03767109217763949,0.00022095792433794807,6.482494411183827e-05,5.207078180046568e-05,1.0,0,1.0,120.70709776878357,0.1273099799088938,411221.6723400521,53.379841997961265,0.0,26.641161918640137,120.75213479995728,0.00022792816162109375,4.211453744493392,33.02518706623165,1354.5994311389888,64.0,0.0,466.2655472018255,523.5262284371373,64.0,50207.0,0.9992206057007126,1.0,sustained_overload,contiguous
1779704009.5981183,67719,64,50335,43841,5.55746249801814e-05,64.62168831395972,115.90577435493469,120.67787671089172,0.0,64.64894936253525,0.03767109217763949,0.00022095792433794807,6.482494411183827e-05,5.23101877741079e-05,1.0,0,1.0,120.82956075668335,0.1271481076785537,411022.1452476117,53.44779986408427,0.0,26.641161918640137,120.87459778785706,0.00022792816162109375,4.211453744493392,33.02518706623165,1354.5994311389888,64.0,0.0,465.4467523415887,522.6068798221346,64.0,50271.0,0.9992212223101266,1.0,sustained_overload,contiguous
1779704009.7191966,67773,64,50399,43777,3.895742189286011e-05,64.69003378423847,116.02219581604004,120.79801392555237,0.0,64.7169351785593,0.03767109217763949,0.00022095792433794807,6.482494411183827e-05,5.2237761555456576e-05,1.0,0,1.0,120.95063900947571,0.12698664656044764,416251.4641372561,53.51575773020727,0.0,26.641161918640137,120.99567604064941,0.00022792816162109375,4.211453744493392,33.02518706623165,1354.5994311389888,64.0,0.0,445.9925606343743,528.5837755666658,64.0,50335.0,0.999221837944664,1.0,sustained_overload,contiguous
1779704009.8409164,67827,64,50463,43713,4.684356252937505e-05,64.75976366779942,116.13983535766602,120.91955399513245,0.0,64.78828419705455,0.03767109217763949,0.00022095792433794807,6.482494411183827e-05,5.223184398365266e-05,1.0,0,1.0,121.07235884666443,0.126825594990389,414583.2032436879,53.58371559633027,0.0,26.641161918640137,121.11739587783813,0.00022792816162109375,4.211453744493392,33.02518706623165,1354.5994311389888,64.0,0.0,443.64173701839263,525.7976142440209,64.0,50399.0,0.9992224526066351,1.0,sustained_overload,contiguous
1779704009.9816651,67882,64,49787,44389,4.760187508168201e-05,64.847651187071,116.27766847610474,121.05894684791565,0.0,64.87470103115817,0.03768840195244825,0.00022024988629329155,6.482494411183827e-05,5.219877637041003e-05,1.0,0,1.0,121.21310758590698,0.1285476128306586,366269.7106732865,52.865910635406046,0.0,26.641161918640137,121.25814461708069,80.12494206428528,1831.3800431863606,33.29432852336338,1357.3238917792596,0.0,676.0,390.7672658098766,4802.884939772302,577.0,50975.0,0.9992230662983426,1.0,sustained_overload,contiguous
1779704010.1032166,67940,64,49851,44325,4.3588343700662335e-05,64.91347143688137,116.39659714698792,121.18042588233948,0.0,64.94040078112417,0.03768840195244825,0.00022024988629329155,6.467517059628326e-05,5.2161497239401764e-05,1.0,0,1.0,121.33465909957886,0.1283825800886642,410122.4122520713,52.93386850152905,0.0,26.641161918640137,121.37969613075256,80.12494206428528,1831.3800431863606,33.29432852336338,1357.3238917792596,64.0,0.0,477.1639467737886,526.5257343710771,64.0,49787.0,0.999223679022082,1.0,sustained_overload,contiguous
1779704010.2232,67999,64,49915,44261,4.3820687523066226e-05,64.97704129310387,116.51269388198853,121.30061078071594,0.0,65.00497758647234,0.03768840195244825,0.00022024988629329155,6.467517059628326e-05,5.204649511672273e-05,1.0,0,1.0,121.45464253425598,0.1282179705499349,416015.76196181995,53.00182636765206,0.0,26.641161918640137,121.49967956542969,80.12494206428528,1831.3800431863606,33.29432852336338,1357.3238917792596,64.0,0.0,491.7345478462862,533.4069671552935,64.0,49851.0,0.9992242907801419,1.0,sustained_overload,contiguous
1779704010.3444111,68055,64,49979,44197,4.8039609382044546e-05,65.0451925644453,116.62982726097107,121.42253518104553,0.0,65.07194973035259,0.03768840195244825,0.00022024988629329155,6.467517059628326e-05,5.204151597374627e-05,1.0,0,1.0,121.5758535861969,0.12805378258868724,412330.3873673278,53.06978423377507,0.0,26.641161918640137,121.6208906173706,80.12494206428528,1831.3800431863606,33.29432852336338,1357.3238917792596,64.0,0.0,462.0040755631437,528.0046577864499,64.0,49915.0,0.9992249015748031,1.0,sustained_overload,contiguous
1779704010.467356,68111,64,50043,44133,6.44822031148351e-05,65.11299175739637,116.74649047851562,121.54411768913269,0.0,65.14012163677451,0.03768840195244825,0.00022024988629329155,6.467517059628326e-05,5.203647872487811e-05,1.0,0,1.0,121.69879841804504,0.12789001458745478,407036.2230582468,53.13774209989807,0.0,26.641161918640137,121.74383544921875,80.12494206428528,1831.3800431863606,33.29432852336338,1357.3238917792596,64.0,0.0,455.4888494147397,520.5586850454168,64.0,49979.0,0.9992255114083399,1.0,sustained_overload,contiguous
1779704010.5965867,68170,64,50107,44069,5.703309376769994e-05,65.17974427996542,116.86622953414917,121.66752672195435,0.0,65.2091557945396,0.03768840195244825,0.00022024988629329155,6.467517059628326e-05,5.204764181258674e-05,1.0,0,1.0,121.8280291557312,0.12772666493703475,387732.8327389661,53.20569996602107,0.0,26.641161918640137,121.87306618690491,80.12494206428528,1831.3800431863606,33.29432852336338,1357.3238917792596,64.0,0.0,456.5477304887341,495.2382161233726,64.0,50043.0,0.9992261202830188,1.0,sustained_overload,contiguous
1779704010.7192512,68230,64,50171,44005,4.8573343860880414e-05,65.25063930076082,116.99082255363464,121.7960638999939,0.0,65.27842036130009,0.03768840195244825,0.00022024988629329155,6.467517059628326e-05,5.203065510759921e-05,1.0,0,1.0,121.95069360733032,0.1275637320364354,409010.10313862993,53.273657832144075,0.0,26.641161918640137,121.99573063850403,80.12494206428528,1831.3800431863606,33.29432852336338,1357.3238917792596,64.0,0.0,489.13926747160303,521.74855196971,64.0,50107.0,0.9992267282010998,1.0,sustained_overload,contiguous
1779704010.843797,68288,64,50235,43941,5.4534546904960735e-05,65.31861967947711,117.11087226867676,121.91977143287659,0.0,65.34570065695667,0.03768840195244825,0.00022024988629329155,6.467517059628326e-05,5.204125812042884e-05,1.0,0,1.0,122.07523941993713,0.12740121429282372,403345.55573209695,53.34161569826708,0.0,26.641161918640137,122.12027645111084,80.12494206428528,1831.3800431863606,33.29432852336338,1357.3238917792596,64.0,0.0,465.69209181768935,513.8671357988296,64.0,50171.0,0.9992273351648352,1.0,sustained_overload,contiguous
1779704010.967557,68343,64,50299,43877,4.7089062491068034e-05,65.38873162439866,117.22996497154236,122.04275918006897,0.0,65.415452005881,0.03768840195244825,0.00022024988629329155,6.467517059628326e-05,5.202136513332513e-05,1.0,0,1.0,122.19899940490723,0.1272391101214736,406423.7726932094,53.40957356439008,0.0,26.641161918640137,122.24403643608093,80.12494206428528,1831.3800431863606,33.29432852336338,1357.3238917792596,64.0,0.0,444.4085866145752,517.1299916969602,64.0,50235.0,0.9992279411764706,1.0,sustained_overload,contiguous
1779704011.0911057,68403,64,50363,43813,4.312709383214042e-05,65.45443931684875,117.34938263893127,122.16612219810486,0.0,65.4810851591907,0.03768840195244825,0.00022024988629329155,6.467517059628326e-05,5.2002057469678763e-05,1.0,0,1.0,122.32254815101624,0.12707741794571412,407636.6744795938,53.47753143051308,0.0,26.641161918640137,122.36758518218994,80.12494206428528,1831.3800431863606,33.29432852336338,1357.3238917792596,64.0,0.0,485.6382754954159,518.0141605284435,64.0,50299.0,0.9992285462382445,1.0,sustained_overload,contiguous
1779704011.2103753,68457,64,50427,43749,4.0806687522376706e-05,65.52478851251807,117.46708154678345,122.28841066360474,0.0,65.5516795234007,0.03768840195244825,0.00022024988629329155,6.467517059628326e-05,5.197925985833682e-05,1.0,0,1.0,122.44181776046753,0.12691613619687866,422798.3996257894,53.545489296636084,0.0,26.641161918640137,122.48685479164124,80.12494206428528,1831.3800431863606,33.29432852336338,1357.3238917792596,64.0,0.0,452.75573759677604,536.5993927072901,64.0,50363.0,0.9992291503523885,1.0,sustained_overload,contiguous
1779704011.3314457,68510,64,50491,43685,5.100417186554296e-05,65.59315547378324,117.58304071426392,122.40776586532593,0.0,65.62087786259562,0.03768840195244825,0.00022024988629329155,6.467517059628326e-05,5.1982790542878865e-05,1.0,0,1.0,122.56288814544678,0.12675526331425402,417038.40298066585,53.61344716275909,0.0,26.641161918640137,122.60792517662048,80.12494206428528,1831.3800431863606,33.29432852336338,1357.3238917792596,64.0,0.0,437.76188544444136,528.6181258197028,64.0,50427.0,0.9992297535211268,1.0,sustained_overload,contiguous
1779704011.473754,68568,64,50797,43379,4.398634382596356e-05,65.67857150352843,117.72170972824097,122.5485532283783,0.0,65.70594866160549,0.0377048263947169,0.0002195646365483602,6.467517059628326e-05,5.197413485918354e-05,1.0,0,1.0,122.70519638061523,0.12599169242278085,369648.3196332956,53.9383707101597,0.0,26.641161918640137,122.75023341178894,59.631951570510864,2273.9421235288087,33.44397410885854,1362.5319499142001,306.0,0.0,407.56601282661285,2150.2620676714405,1089.0,51515.0,0.9992303557466771,1.0,sustained_overload,contiguous
1779704011.6189537,68628,64,51020,43156,5.046618743165254e-05,65.76119687781241,117.85399603843689,122.68876361846924,0.0,65.78955527163215,0.03772433368002231,0.0002188593520168447,6.45303961091441e-05,5.196641805322944e-05,1.0,0,1.0,122.85039615631104,0.12544100352802823,364394.5023086573,54.17516139993204,0.0,26.641161918640137,122.89543318748474,68.07644081115723,2392.3825024352423,33.63963776254384,1368.3503146177088,223.0,0.0,413.2237788417962,1535.8150446953425,1089.0,51821.0,0.99923095703125,1.0,sustained_overload,contiguous
1779704011.7534878,68688,64,51084,43092,5.09265625083799e-05,65.82994931786926,117.97542691230774,122.81527376174927,0.0,65.86338063913257,0.03772433368002231,0.0002188593520168447,6.438470354267195e-05,5.1919256533625636e-05,1.0,0,1.0,122.98493027687073,0.12528384621407876,379710.3648314569,54.243119266055054,0.0,26.641161918640137,123.02996730804443,68.07644081115723,2392.3825024352423,33.63963776254384,1368.3503146177088,64.0,0.0,445.9835151884624,475.7157495343599,64.0,51020.0,0.9992315573770492,1.0,sustained_overload,contiguous
1779704011.8804007,68746,64,51148,43028,4.755687507440598e-05,65.90886197845353,118.1063027381897,122.95007872581482,0.0,65.93806686125184,0.03772433368002231,0.0002188593520168447,6.438470354267195e-05,5.1869981532875343e-05,1.0,0,1.0,123.11184310913086,0.12512708219285212,403016.7721350864,54.311077132178056,0.0,26.641161918640137,123.15688014030457,68.07644081115723,2392.3825024352423,33.63963776254384,1368.3503146177088,64.0,0.0,457.006584496657,504.28312772044916,64.0,51084.0,0.9992321567862714,1.0,sustained_overload,contiguous
1779704012.0070128,68804,64,51212,42964,4.709348438325378e-05,65.98027264077206,118.22986316680908,123.07736992835999,0.0,66.01008645000236,0.03772433368002231,0.0002188593520168447,6.438470354267195e-05,5.1888837203168365e-05,1.0,0,1.0,123.23845529556274,0.12497070998984613,404479.2325543734,54.37903499830106,0.0,26.641161918640137,123.28349232673645,68.07644081115723,2392.3825024352423,33.63963776254384,1368.3503146177088,64.0,0.0,458.0917653704924,505.4805686846813,64.0,51148.0,0.9992327552611068,1.0,sustained_overload,contiguous
1779704012.1330578,68861,64,51276,42900,4.934251568045056e-05,66.0509602744715,118.35179591178894,123.20298838615417,0.0,66.079908366535,0.03772433368002231,0.0002188593520168447,6.438470354267195e-05,5.1865155693525115e-05,1.0,0,1.0,123.36450028419495,0.12481472813792027,406807.12939427356,54.44699286442406,0.0,26.641161918640137,123.40953731536865,68.07644081115723,2392.3825024352423,33.63963776254384,1368.3503146177088,64.0,0.0,452.21948622110915,507.7552125991401,64.0,51212.0,0.9992333528037384,1.0,sustained_overload,contiguous
1779704012.2600367,68916,64,51340,42836,4.2241359338390794e-05,66.1231993668399,118.47354459762573,123.32825827598572,0.0,66.15473928882933,0.03772433368002231,0.0002188593520168447,6.438470354267195e-05,5.185251695629925e-05,1.0,0,1.0,123.49147915840149,0.1246591351772497,404319.22491682123,54.51495073054706,0.0,26.641161918640137,123.5365161895752,68.07644081115723,2392.3825024352423,33.63963776254384,1368.3503146177088,64.0,0.0,433.14291722682447,504.0208491366685,64.0,51276.0,0.9992339494163424,1.0,sustained_overload,contiguous
1779704012.4048364,68976,64,50752,43424,5.792853124830799e-05,66.21419585706622,118.61781001091003,123.47692060470581,0.0,66.24179883060548,0.03775046876639374,0.00021819240790753325,6.438470354267195e-05,5.2166793363896126e-05,1.0,0,1.0,123.63627886772156,0.12610340479192939,362079.45614110195,53.89058783554196,0.0,26.641161918640137,123.68131589889526,72.49767422676086,2170.2802565676757,33.85794133818551,1372.855539010686,0.0,588.0,414.3654727052989,4060.7816325119293,577.0,51852.0,0.9992345451010887,1.0,sustained_overload,contiguous
1779704012.5453227,69035,64,49792,44384,5.0078624994398524e-05,66.29670626335115,118.7533311843872,123.61615324020386,0.0,66.3244538150956,0.03776873482598199,0.00021772522004052936,6.424973650676449e-05,5.213093555925303e-05,1.0,0,1.0,123.77676510810852,0.12853470437017994,369011.22741420334,52.871219843696906,0.0,26.641161918640137,123.82180213928223,58.42640447616577,2342.264016286372,33.99519532219658,1378.2712288278688,0.0,960.0,419.9699546196639,6833.409431099616,577.0,51264.0,0.9992351398601399,1.0,sustained_overload,contiguous
1779704012.6743324,69095,64,49856,44320,5.768301566888567e-05,66.36474871291931,118.87538313865662,123.7420756816864,0.0,66.39336636064236,0.03776873482598199,0.00021772522004052936,6.411029297171287e-05,5.2076574310665065e-05,1.0,0,1.0,123.90577483177185,0.12836970474967907,386451.4905101773,52.93917770981991,0.0,26.641161918640137,123.95081186294556,58.42640447616577,2342.264016286372,33.99519532219658,1378.2712288278688,64.0,0.0,465.08122253310813,496.08663736864867,64.0,49792.0,0.9992357336956522,1.0,sustained_overload,contiguous
1779704012.7994158,69157,64,49920,44256,4.2774734424710914e-05,66.42957887501812,118.99509882926941,123.866703748703,0.0,66.45991979751605,0.03776873482598199,0.00021772522004052936,6.411029297171287e-05,5.19197632894169e-05,1.0,0,1.0,124.03085827827454,0.1282051282051282,399093.5762945117,53.00713557594292,0.0,26.641161918640137,124.07589530944824,58.42640447616577,2342.264016286372,33.99519532219658,1378.2712288278688,64.0,0.0,495.669105173472,511.6584311468098,64.0,49856.0,0.999236326609775,1.0,sustained_overload,contiguous
1779704012.926381,69215,64,49984,44192,5.253817190009613e-05,66.50254380074128,119.11831831932068,123.99566054344177,0.0,66.53059139808498,0.03776873482598199,0.00021772522004052936,6.411029297171287e-05,5.1972275691425726e-05,1.0,0,1.0,124.15782356262207,0.12804097311139565,393682.41686587257,53.07509344206592,0.0,26.641161918640137,124.20286059379578,58.42640447616577,2342.264016286372,33.99519532219658,1378.2712288278688,64.0,0.0,456.81778525569405,504.07479752352447,64.0,49920.0,0.9992369186046511,1.0,sustained_overload,contiguous
1779704013.0478246,69270,64,50048,44128,3.9778578099003425e-05,66.57191403913345,119.23658466339111,124.11813974380493,0.0,66.59914346770356,0.03776873482598199,0.00021772522004052936,6.411029297171287e-05,5.199914910362944e-05,1.0,0,1.0,124.27926707267761,0.1278772378516624,412109.30067082733,53.14305130818893,0.0,26.641161918640137,124.32430410385132,58.42640447616577,2342.264016286372,33.99519532219658,1378.2712288278688,64.0,0.0,452.8854606956423,526.9939906276564,64.0,49984.0,0.9992375096824168,1.0,sustained_overload,contiguous
1779704013.172532,69328,64,50112,44064,4.538064058579039e-05,66.6395077069918,119.35433101654053,124.24173259735107,0.0,66.66801528944714,0.03776873482598199,0.00021772522004052936,6.411029297171287e-05,5.194993343634804e-05,1.0,0,1.0,124.40397453308105,0.1277139208173691,401836.4245240995,53.21100917431193,0.0,26.641161918640137,124.44901156425476,58.42640447616577,2342.264016286372,33.99519532219658,1378.2712288278688,64.0,0.0,465.08845431030034,513.2010530320555,64.0,50048.0,0.9992380998452013,1.0,sustained_overload,contiguous
1779704013.2995005,69385,64,50176,44000,4.856471863945444e-05,66.71018328260648,119.47606778144836,124.36746907234192,0.0,66.74040611556335,0.03776873482598199,0.00021772522004052936,6.411029297171287e-05,5.196963542792441e-05,1.0,0,1.0,124.53094291687012,0.12755102040816327,395184.99411128473,53.278967040434935,0.0,26.641161918640137,124.57597994804382,58.42640447616577,2342.264016286372,33.99519532219658,1378.2712288278688,64.0,0.0,448.9306573729119,504.06249248888355,64.0,50112.0,0.9992386890951276,1.0,sustained_overload,contiguous
1779704013.4219265,69439,64,50240,43936,5.8244374997684645e-05,66.78270575029939,119.59708499908447,124.49218988418579,0.0,66.81005903959722,0.03776873482598199,0.00021772522004052936,6.411029297171287e-05,5.2002716631385704e-05,1.0,0,1.0,124.65336894989014,0.12738853503184713,410370.2354856551,53.34692490655794,0.0,26.641161918640137,124.69840598106384,58.42640447616577,2342.264016286372,33.99519532219658,1378.2712288278688,64.0,0.0,441.08265756818025,522.7646311919173,64.0,50176.0,0.9992392774343122,1.0,sustained_overload,contiguous
1779704013.5482001,69501,64,50304,43872,5.609800004435783e-05,66.84708309758828,119.71637988090515,124.61643767356873,0.0,66.87542165853495,0.03776873482598199,0.00021772522004052936,6.411029297171287e-05,5.20727147851427e-05,1.0,0,1.0,124.7796425819397,0.1272264631043257,398372.95548968145,53.41488277268094,0.0,26.641161918640137,124.8246796131134,58.42640447616577,2342.264016286372,33.99519532219658,1378.2712288278688,64.0,0.0,490.99720182013857,506.83582123369143,64.0,50240.0,0.9992398648648648,1.0,sustained_overload,contiguous
1779704013.6774251,69561,64,50368,43808,4.771126559433014e-05,66.91574848184585,119.83799815177917,124.74307417869568,0.0,66.94595725243856,0.03776873482598199,0.00021772522004052936,6.411029297171287e-05,5.205141539480369e-05,1.0,0,1.0,124.90886759757996,0.12706480304955528,389769.7342147455,53.48284063880394,0.0,26.641161918640137,124.95390462875366,58.42640447616577,2342.264016286372,33.99519532219658,1378.2712288278688,64.0,0.0,464.3063860563201,495.26014512674146,64.0,50304.0,0.9992404513888888,1.0,sustained_overload,contiguous
1779704013.8014464,69618,64,50432,43744,3.92554687351776e-05,66.98755278285108,119.95952320098877,124.86998510360718,0.0,67.0151741511699,0.03776873482598199,0.00021772522004052936,6.411029297171287e-05,5.2001911927996054e-05,1.0,0,1.0,125.03288888931274,0.12690355329949238,406639.85429742996,53.550798504926945,0.0,26.641161918640137,125.07792592048645,58.42640447616577,2342.264016286372,33.99519532219658,1378.2712288278688,64.0,0.0,459.5985028345794,516.0404242353172,64.0,50368.0,0.9992410370084811,1.0,sustained_overload,contiguous
1779704013.9272425,69679,64,50496,43680,4.424959379889515e-05,67.0536912988189,120.07960653305054,124.99506902694702,0.0,67.08289906752415,0.03776873482598199,0.00021772522004052936,6.411029297171287e-05,5.197955922106955e-05,1.0,0,1.0,125.15868496894836,0.12674271229404308,401411.5554814291,53.61875637104995,0.0,26.641161918640137,125.20372200012207,58.42640447616577,2342.264016286372,33.99519532219658,1378.2712288278688,64.0,0.0,484.9117729001738,508.75989287887086,64.0,50432.0,0.9992416217257319,1.0,sustained_overload,contiguous
1779704014.055445,69735,64,50560,43616,4.6561874995632024e-05,67.12644952225418,120.20391821861267,125.12199544906616,0.0,67.15598647100771,0.03776873482598199,0.00021772522004052936,6.411029297171287e-05,5.195037982653423e-05,1.0,0,1.0,125.28688740730286,0.12658227848101267,394376.27434352454,53.68671423717295,0.0,26.641161918640137,125.33192443847656,58.42640447616577,2342.264016286372,33.99519532219658,1378.2712288278688,64.0,0.0,436.80916462099236,499.2104738525627,64.0,50496.0,0.9992422055427251,1.0,sustained_overload,contiguous
1779704014.2013476,69795,64,50147,44029,5.5060390678818294e-05,67.2171600749817,120.35000348091125,125.27052187919617,0.0,67.24441238064311,0.03779996613987156,0.0002170986816531322,6.411029297171287e-05,5.196816110624633e-05,1.0,0,1.0,125.43279004096985,0.12762478313757553,350487.16198444343,53.24817363234794,0.0,26.641161918640137,125.47782707214355,55.08761429786682,2721.9852105746936,34.11237542761697,1385.73630650424,0.0,413.0,411.233152493627,2830.654866331133,321.0,50816.0,0.9992427884615385,1.0,sustained_overload,contiguous
1779704014.3460274,69858,64,49937,44239,5.5572750000010274e-05,67.29823783640362,120.48809218406677,125.41226482391357,0.0,67.32551427468282,0.03782162179752272,0.00021645001002720425,6.407124984667497e-05,5.195966087856333e-05,1.0,0,1.0,125.57746982574463,0.12816148346917114,354133.7864149986,53.025186884131834,0.0,26.641161918640137,125.62250685691833,60.634175062179565,2315.5504145261493,34.25890470736593,1390.873401023698,0.0,210.0,435.44438566915665,1451.4812855638554,577.0,50659.0,0.9992433704842429,1.0,sustained_overload,contiguous
1779704014.4708219,69918,64,50001,44175,4.551134374253252e-05,67.3654781740581,120.60986924171448,125.53756213188171,0.0,67.39342181923968,0.03782162179752272,0.00021645001002720425,6.396151505983793e-05,5.198722991924818e-05,1.0,0,1.0,125.70226430892944,0.12799744005119898,400666.75003534404,53.09314475025484,0.0,26.641161918640137,125.74730134010315,60.634175062179565,2315.5504145261493,34.25890470736593,1390.873401023698,64.0,0.0,480.7904842327282,512.8431831815768,64.0,49937.0,0.9992439516129032,1.0,sustained_overload,contiguous
1779704014.5941293,69975,64,50065,44111,4.388523439047276e-05,67.4338319931367,120.72977995872498,125.66109371185303,0.0,67.46219846009053,0.03782162179752272,0.00021645001002720425,6.396151505983793e-05,5.206328748876961e-05,1.0,0,1.0,125.8255717754364,0.12783381603914912,406017.58691696846,53.16110261637784,0.0,26.641161918640137,125.87060880661011,60.634175062179565,2315.5504145261493,34.25890470736593,1390.873401023698,64.0,0.0,462.2591122394328,519.0277751460297,64.0,50001.0,0.9992445318495778,1.0,sustained_overload,contiguous
1779704014.7205734,70035,64,50129,44047,4.945467185279995e-05,67.50064671404604,120.85090661048889,125.78598308563232,0.0,67.53129195063488,0.03782162179752272,0.00021645001002720425,6.396151505983793e-05,5.1979421246199555e-05,1.0,0,1.0,125.95201587677002,0.12767060982664724,396451.8666452969,53.22906048250084,0.0,26.641161918640137,125.99705290794373,60.634175062179565,2315.5504145261493,34.25890470736593,1390.873401023698,64.0,0.0,474.51798357672834,506.1525158151769,64.0,50065.0,0.999245111196319,1.0,sustained_overload,contiguous
1779704014.843742,70090,64,50193,43983,4.167151561773608e-05,67.57246783986616,120.97366428375244,125.91108846664429,0.0,67.60096494355548,0.03782162179752272,0.00021645001002720425,6.396151505983793e-05,5.193948713770562e-05,1.0,0,1.0,126.07518434524536,0.12750781981551212,407515.01274085086,53.29701834862385,0.0,26.641161918640137,126.12022137641907,60.634175062179565,2315.5504145261493,34.25890470736593,1390.873401023698,64.0,0.0,446.542858580814,519.6135081667654,64.0,50129.0,0.9992456896551725,1.0,sustained_overload,contiguous
1779704014.9692774,70150,64,50257,43919,5.013676567955372e-05,67.63784896499165,121.08914947509766,126.03456425666809,0.0,67.66682126887143,0.03782162179752272,0.00021645001002720425,6.396151505983793e-05,5.188715946384588e-05,1.0,0,1.0,126.20071983337402,0.12734544441570328,400340.9772740222,53.36497621474686,0.0,26.641161918640137,126.24575686454773,60.634175062179565,2315.5504145261493,34.25890470736593,1390.873401023698,64.0,0.0,477.95249689478743,509.81599668777324,64.0,50193.0,0.9992462672281777,1.0,sustained_overload,contiguous
1779704015.1132193,70209,64,49654,44522,4.2276765583437736e-05,67.72424833805869,121.22886919975281,126.17774653434753,0.0,67.75275134361505,0.03783731441187665,0.00021583859513445597,6.396151505983793e-05,5.187749235644056e-05,1.0,0,1.0,126.34466171264648,0.1288919321706207,353156.4285316761,52.72468569486918,0.0,26.641161918640137,126.38969874382019,74.61578512191772,2013.3240057110763,34.480645808544786,1394.293459291211,0.0,603.0,409.8876595068043,4189.190825128864,321.0,50513.0,0.9992468439173681,1.0,sustained_overload,contiguous
1779704015.2360196,70267,64,49718,44458,4.224448430534267e-05,67.79189845870624,121.34900426864624,126.30160212516785,0.0,67.81970861648897,0.03783731441187665,0.00021583859513445597,6.386651947167501e-05,5.186770420589761e-05,1.0,0,1.0,126.4674620628357,0.12872601472303793,404868.55227526004,52.79264356099218,0.0,26.641161918640137,126.5124990940094,74.61578512191772,2013.3240057110763,34.480645808544786,1394.293459291211,64.0,0.0,472.3113566910391,521.1711522108018,64.0,49654.0,0.9992474197247706,1.0,sustained_overload,contiguous
1779704015.3601382,70327,64,49782,44394,5.013003124076931e-05,67.85809565325916,121.46657299995422,126.42593765258789,0.0,67.88549863495254,0.03783731441187665,0.00021583859513445597,6.386651947167501e-05,5.1785401906691934e-05,1.0,0,1.0,126.59158062934875,0.12856052388413483,401084.23258949927,52.860601427115185,0.0,26.641161918640137,126.63661766052246,74.61578512191772,2013.3240057110763,34.480645808544786,1394.293459291211,64.0,0.0,483.4087412191144,515.635990633722,64.0,49718.0,0.9992479946524064,1.0,sustained_overload,contiguous
1779704015.4856699,70379,64,49846,44330,4.8093578115526725e-05,67.93202378436064,121.5875256061554,126.55032134056091,0.0,67.96082218298912,0.03783731441187665,0.00021583859513445597,6.386651947167501e-05,5.1809568143814484e-05,1.0,0,1.0,126.71711230278015,0.12839545801067287,397079.0688713396,52.928559293238195,0.0,26.641161918640137,126.76214933395386,74.61578512191772,2013.3240057110763,34.480645808544786,1394.293459291211,64.0,0.0,414.23808492777073,509.8314891418717,64.0,49782.0,0.9992485687022901,1.0,sustained_overload,contiguous
1779704015.6108985,70435,64,49910,44266,7.117773438380937e-05,68.00392819880138,121.71019983291626,126.67655205726624,0.0,68.0326886036039,0.03783731441187665,0.00021583859513445597,6.386651947167501e-05,5.181153856523731e-05,1.0,0,1.0,126.84234094619751,0.12823081546784212,398550.99151446845,52.996517159361204,0.0,26.641161918640137,126.88737797737122,74.61578512191772,2013.3240057110763,34.480645808544786,1394.293459291211,64.0,0.0,447.1820381649015,511.0651864741731,64.0,49846.0,0.9992491418764302,1.0,sustained_overload,contiguous
1779704015.736737,70486,64,49974,44202,4.193707815147718e-05,68.07723870722273,121.83047413825989,126.79938244819641,0.0,68.1064068079096,0.03783731441187665,0.00021583859513445597,6.386651947167501e-05,5.17779961552956e-05,1.0,0,1.0,126.96817946434021,0.1280665946292072,397128.00768465624,53.06447502548421,0.0,26.641161918640137,127.01321649551392,74.61578512191772,2013.3240057110763,34.480645808544786,1394.293459291211,64.0,0.0,405.2813141216927,508.58831576055553,64.0,49910.0,0.9992497141768293,1.0,sustained_overload,contiguous
1779704015.8627057,70545,64,50038,44138,5.175043742156049e-05,68.14831492204058,121.95514965057373,126.92771363258362,0.0,68.17737523563265,0.03783731441187665,0.00021583859513445597,6.386651947167501e-05,5.178380816363396e-05,1.0,0,1.0,127.0941481590271,0.12790279387665374,397225.67677926226,53.13243289160721,0.0,26.641161918640137,127.1391851902008,74.61578512191772,2013.3240057110763,34.480645808544786,1394.293459291211,64.0,0.0,468.37033714330056,508.06273859612264,64.0,49974.0,0.9992502856054837,1.0,sustained_overload,contiguous
1779704015.986715,70602,64,50102,44074,4.52453125063812e-05,68.21745481480387,122.07586216926575,127.05217957496643,0.0,68.24653398117071,0.03783731441187665,0.00021583859513445597,6.386651947167501e-05,5.17742793482145e-05,1.0,0,1.0,127.21815752983093,0.12773941160033533,404017.85506399325,53.20039075773021,0.0,26.641161918640137,127.26319456100464,74.61578512191772,2013.3240057110763,34.480645808544786,1394.293459291211,64.0,0.0,459.642683698208,516.0900308190405,64.0,50038.0,0.9992508561643836,1.0,sustained_overload,contiguous
1779704016.1108391,70658,64,50166,44010,5.405257809343311e-05,68.28732265049658,122.19633555412292,127.17642211914062,0.0,68.31515177089169,0.03783731441187665,0.00021583859513445597,6.386651947167501e-05,5.177725205413684e-05,1.0,0,1.0,127.34228157997131,0.12757644619862057,404160.1925111503,53.268348623853214,0.0,26.641161918640137,127.38731861114502,74.61578512191772,2013.3240057110763,34.480645808544786,1394.293459291211,64.0,0.0,451.1615592358254,515.613210555229,64.0,50102.0,0.9992514258555133,1.0,sustained_overload,contiguous
1779704016.2343934,70718,64,50230,43946,4.7134609332033506e-05,68.35199606646734,122.31535506248474,127.29932713508606,0.0,68.38028280082841,0.03783731441187665,0.00021583859513445597,6.386651947167501e-05,5.176186160718969e-05,1.0,0,1.0,127.46583580970764,0.12741389607804102,406542.1322053784,53.33630648997622,0.0,26.641161918640137,127.51087284088135,74.61578512191772,2013.3240057110763,34.480645808544786,1394.293459291211,64.0,0.0,485.6167217265121,517.9911698416129,64.0,50166.0,0.999251994680851,1.0,sustained_overload,contiguous
1779704016.3594615,70771,64,50294,43882,4.7880343686301785e-05,68.42595212689231,122.43830966949463,127.42478895187378,0.0,68.45500475863717,0.03783731441187665,0.00021583859513445597,6.386651947167501e-05,5.175666375221904e-05,1.0,0,1.0,127.59090399742126,0.12725175965323895,402132.6359598455,53.40426435609922,0.0,26.641161918640137,127.63594102859497,74.61578512191772,2013.3240057110763,34.480645808544786,1394.293459291211,64.0,0.0,423.76883337717845,511.720855398857,64.0,50230.0,0.9992525626423691,1.0,sustained_overload,contiguous
1779704016.4850903,70832,64,50358,43818,5.0548015607887464e-05,68.49108654675062,122.55775094032288,127.54914879798889,0.0,68.52022205134402,0.03783731441187665,0.00021583859513445597,6.386651947167501e-05,5.175306214012941e-05,1.0,0,1.0,127.71653270721436,0.12709003534691607,400847.86417801393,53.47222222222222,0.0,26.641161918640137,127.76156973838806,74.61578512191772,2013.3240057110763,34.480645808544786,1394.293459291211,64.0,0.0,485.5578004459838,509.4376922711961,64.0,50294.0,0.9992531297420334,1.0,sustained_overload,contiguous
1779704016.6110706,70895,64,50422,43754,4.814157816213083e-05,68.55594171195963,122.6734459400177,127.67516756057739,0.0,68.58490805502528,0.03783731441187665,0.00021583859513445597,6.386651947167501e-05,5.173632285782469e-05,1.0,0,1.0,127.84251308441162,0.12692872158978225,400236.93468584405,53.540180088345224,0.0,26.641161918640137,127.88755011558533,74.61578512191772,2013.3240057110763,34.480645808544786,1394.293459291211,64.0,0.0,500.0778803936412,508.0156245268736,64.0,50358.0,0.9992536959818044,1.0,sustained_overload,contiguous
1779704016.7584293,70954,64,50980,43196,4.386217189278341e-05,68.64320128030421,122.81430268287659,127.81957244873047,0.0,68.67287340499018,0.03785248517024855,0.00021520510376223667,6.386651947167501e-05,5.17357347793586e-05,1.0,0,1.0,127.98987174034119,0.12553942722636327,363460.1555106485,54.13268773360517,0.0,26.641161918640137,128.0349087715149,61.11757516860962,2311.840804730044,34.626202799583396,1399.3073792116418,558.0,0.0,400.38367361467283,3786.679489440465,1601.0,51958.0,0.9992542613636364,1.0,sustained_overload,contiguous
1779704016.9045548,71014,64,50019,44157,5.046184372758944e-05,68.7318198986738,122.95863199234009,127.96614265441895,0.0,68.76041740162586,0.037875383130965695,0.00021455364842568674,6.386651947167501e-05,5.1735194646351905e-05,1.0,0,1.0,128.13599729537964,0.12795137847617907,356330.55413406866,53.11225790010193,0.0,26.641161918640137,128.18103432655334,0.0002281665802001953,3.8433734939759034,34.43801815483881,1391.7233357023067,0.0,961.0,410.6057970778029,6576.536183196143,577.0,51492.0,0.9992548258894777,1.0,sustained_overload,contiguous
1779704017.0294886,71078,64,50083,44093,4.875331246978476e-05,68.7959336482198,123.07886099815369,128.09244227409363,0.0,68.82451825777979,0.037875383130965695,0.00021455364842568674,6.373950413295201e-05,5.173211407798165e-05,1.0,0,1.0,128.26093101501465,0.12778787213226045,400876.5619587412,53.18021576622493,0.0,26.641161918640137,128.30596804618835,0.0002281665802001953,3.8433734939759034,34.43801815483881,1391.7233357023067,64.0,0.0,512.2716284040381,512.2716284040381,64.0,50019.0,0.9992553895612708,1.0,sustained_overload,contiguous
1779704017.1564338,71134,64,50147,44029,5.269835942556256e-05,68.86670853544145,123.2004783153534,128.2176878452301,0.0,68.89571252911487,0.037875383130965695,0.00021455364842568674,6.373950413295201e-05,5.1686923984797236e-05,1.0,0,1.0,128.38787627220154,0.12762478313757553,395028.54310006445,53.24817363234794,0.0,26.641161918640137,128.43291330337524,0.0002281665802001953,3.8433734939759034,34.43801815483881,1391.7233357023067,64.0,0.0,441.13503128010865,504.1543214629813,64.0,50083.0,0.9992559523809523,1.0,sustained_overload,contiguous
1779704017.2824323,71190,64,50211,43965,4.093784379222143e-05,68.93722525383919,123.32204103469849,128.34268808364868,0.0,68.96696774486652,0.037875383130965695,0.00021455364842568674,6.373950413295201e-05,5.167114554173039e-05,1.0,0,1.0,128.51387476921082,0.12746210989623788,398504.75356307573,53.31613149847095,0.0,26.641161918640137,128.55891180038452,0.0002281665802001953,3.8433734939759034,34.43801815483881,1391.7233357023067,64.0,0.0,444.4497460622621,507.94256692829947,64.0,50147.0,0.9992565143504532,1.0,sustained_overload,contiguous
1779704017.405918,71246,64,50275,43901,4.1971828139253375e-05,69.00799167333965,123.44128632545471,128.46795010566711,0.0,69.03714754554841,0.037875383130965695,0.00021455364842568674,6.373950413295201e-05,5.167052629489743e-05,1.0,0,1.0,128.63736033439636,0.1272998508204873,407132.6063451855,53.384089364593954,0.0,26.641161918640137,128.68239736557007,0.0002281665802001953,3.8433734939759034,34.43801815483881,1391.7233357023067,64.0,0.0,453.49430045411015,518.2792005189831,64.0,50211.0,0.9992570754716981,1.0,sustained_overload,contiguous
1779704017.5301857,71304,64,50339,43837,4.980789059061408e-05,69.07581393610626,123.56202292442322,128.59220910072327,0.0,69.10519419746859,0.037875383130965695,0.00021455364842568674,6.373950413295201e-05,5.1669654164231535e-05,1.0,0,1.0,128.76162815093994,0.12713800433063827,405084.7709418534,53.45204723071696,0.0,26.641161918640137,128.80666518211365,0.0002281665802001953,3.8433734939759034,34.43801815483881,1391.7233357023067,64.0,0.0,466.7338785956713,515.0166936228097,64.0,50275.0,0.9992576357466063,1.0,sustained_overload,contiguous
1779704017.656942,71365,64,50403,43773,4.7217125015208694e-05,69.14246660918998,123.68303227424622,128.71820783615112,0.0,69.17216913062951,0.037875383130965695,0.00021455364842568674,6.373950413295201e-05,5.166089997000806e-05,1.0,0,1.0,128.8883843421936,0.12697656885502848,397637.3816655193,53.52000509683996,0.0,26.641161918640137,128.9334213733673,0.0002281665802001953,3.8433734939759034,34.43801815483881,1391.7233357023067,64.0,0.0,481.238820736795,504.9063037238505,64.0,50339.0,0.9992581951770911,1.0,sustained_overload,contiguous
1779704017.7867193,71423,64,50467,43709,4.650690620167097e-05,69.21261964324523,123.805655002594,128.8448212146759,0.0,69.24319867185321,0.037875383130965695,0.00021455364842568674,6.373950413295201e-05,5.1648396656542306e-05,1.0,0,1.0,129.01816177368164,0.1268155428299681,388873.46914900263,53.58796296296296,0.0,26.641161918640137,129.06319880485535,0.0002281665802001953,3.8433734939759034,34.43801815483881,1391.7233357023067,64.0,0.0,446.91900074587653,493.1520008230362,64.0,50403.0,0.9992587537650602,1.0,sustained_overload,contiguous
1779704017.9128728,71481,64,50531,43645,5.1309796845089295e-05,69.28534381806665,123.92997169494629,128.9740264415741,0.0,69.31349971506616,0.037875383130965695,0.00021455364842568674,6.373950413295201e-05,5.164246869525248e-05,1.0,0,1.0,129.14431524276733,0.1266549246996893,400551.80698737164,53.65592082908597,0.0,26.641161918640137,129.18935227394104,0.0002281665802001953,3.8433734939759034,34.43801815483881,1391.7233357023067,64.0,0.0,459.7574717553097,507.31858952310034,64.0,50467.0,0.9992593115124153,1.0,sustained_overload,contiguous
1779704018.0382736,71543,64,50595,43581,5.4944750019103594e-05,69.35076576912773,124.0521285533905,129.09978985786438,0.0,69.3802836089988,0.037875383130965695,0.00021455364842568674,6.373950413295201e-05,5.167871334815889e-05,1.0,0,1.0,129.2697160243988,0.12649471291629608,403466.38467286096,53.723878695208974,0.0,26.641161918640137,129.3147530555725,0.0002281665802001953,3.8433734939759034,34.43801815483881,1391.7233357023067,64.0,0.0,494.4147810992663,510.36364500569425,64.0,50531.0,0.9992598684210526,1.0,sustained_overload,contiguous
1779704018.1655602,71604,64,50659,43517,5.024092199334973e-05,69.4169415044989,124.17415237426758,129.22534728050232,0.0,69.44587607472782,0.037875383130965695,0.00021455364842568674,6.373950413295201e-05,5.171753509190337e-05,1.0,0,1.0,129.39700269699097,0.12633490593971455,397991.3919371243,53.791836561331976,0.0,26.641161918640137,129.44203972816467,0.0002281665802001953,3.8433734939759034,34.43801815483881,1391.7233357023067,64.0,0.0,479.23320452761766,502.8020506519267,64.0,50595.0,0.9992604244928626,1.0,sustained_overload,contiguous
1779704018.289648,71659,64,50723,43453,3.8265265658310454e-05,69.48886577088707,124.29605150222778,129.35086250305176,0.0,69.51859943071118,0.037875383130965695,0.00021455364842568674,6.373950413295201e-05,5.169245879099221e-05,1.0,0,1.0,129.52109050750732,0.12617550223764368,408766.98354923126,53.85979442745498,0.0,26.641161918640137,129.56612753868103,0.0002281665802001953,3.8433734939759034,34.43801815483881,1391.7233357023067,64.0,0.0,443.23451087687477,515.7637944749089,64.0,50659.0,0.9992609797297297,1.0,sustained_overload,contiguous
1779704018.4144018,71717,64,50787,43389,4.6026640589502676e-05,69.55790318191437,124.41769027709961,129.476402759552,0.0,69.5863461127625,0.037875383130965695,0.00021455364842568674,6.373950413295201e-05,5.168773403239632e-05,1.0,0,1.0,129.6458442211151,0.12601650028550615,407098.1017821139,53.92775229357798,0.0,26.641161918640137,129.69088125228882,0.0002281665802001953,3.8433734939759034,34.43801815483881,1391.7233357023067,64.0,0.0,464.9160199138088,513.0107805945476,64.0,50723.0,0.9992615341335334,1.0,sustained_overload,contiguous
1779704018.5391347,71778,64,50851,43325,4.65600937502586e-05,69.62239815930089,124.53815293312073,129.6003041267395,0.0,69.65198666287117,0.037875383130965695,0.00021455364842568674,6.373950413295201e-05,5.169389988174437e-05,1.0,0,1.0,129.77057719230652,0.12585789856639987,407678.8960792709,53.995710159700984,0.0,26.641161918640137,129.81561422348022,0.0002281665802001953,3.8433734939759034,34.43801815483881,1391.7233357023067,64.0,0.0,489.04471221481435,513.0960915040675,64.0,50787.0,0.9992620877061469,1.0,sustained_overload,contiguous
1779704018.664635,71833,64,50915,43261,4.196554684199327e-05,69.6939243849625,124.6593885421753,129.72544860839844,0.0,69.72369231533771,0.037875383130965695,0.00021455364842568674,6.373950413295201e-05,5.168814035202899e-05,1.0,0,1.0,129.89607739448547,0.1256996955710498,405696.5575832184,54.063668025823986,0.0,26.641161918640137,129.94111442565918,0.0002281665802001953,3.8433734939759034,34.43801815483881,1391.7233357023067,64.0,0.0,438.2463059427872,509.9593378243342,64.0,50851.0,0.9992626404494382,1.0,sustained_overload,contiguous
1779704018.791979,71889,64,50979,43197,4.2754250003440575e-05,69.76431113809633,124.78003549575806,129.85043382644653,0.0,69.79370910100963,0.037875383130965695,0.00021455364842568674,6.373950413295201e-05,5.1677391459873895e-05,1.0,0,1.0,130.0234215259552,0.12554188979775988,400324.6903617165,54.13162589194699,0.0,26.641161918640137,130.0684585571289,0.0002281665802001953,3.8433734939759034,34.43801815483881,1391.7233357023067,64.0,0.0,439.7532839062383,502.5751816071295,64.0,50915.0,0.9992631923652695,1.0,sustained_overload,contiguous
1779704018.9229014,71947,64,51043,43133,5.556942184625768e-05,69.83843195900559,124.90684008598328,129.98112034797668,0.0,69.86748852334662,0.037875383130965695,0.00021455364842568674,6.373950413295201e-05,5.168191015188854e-05,1.0,0,1.0,130.15434384346008,0.12538447975236566,389872.41421307967,54.19958375806999,0.0,26.641161918640137,130.1993808746338,0.0002281665802001953,3.8433734939759034,34.43801815483881,1391.7233357023067,64.0,0.0,443.01079529727133,488.839498259058,64.0,50979.0,0.9992637434554974,1.0,sustained_overload,contiguous
1779704019.0528803,72008,64,51107,43069,5.834185938624614e-05,69.90984980695022,125.029141664505,130.1120195388794,0.0,69.94075777118898,0.037875383130965695,0.00021455364842568674,6.373950413295201e-05,5.169166530035451e-05,1.0,0,1.0,130.28432273864746,0.12522746394818712,393194.6022954266,54.26754162419301,0.0,26.641161918640137,130.32935976982117,0.0002281665802001953,3.8433734939759034,34.43801815483881,1391.7233357023067,64.0,0.0,469.3069587340486,492.3876288357231,64.0,51043.0,0.9992642937219731,1.0,sustained_overload,contiguous
1779704019.178807,72064,64,51171,43005,4.472603121996599e-05,69.98226594816782,125.1523106098175,130.23907661437988,0.0,70.01088865450454,0.037875383130965695,0.00021455364842568674,6.373950413295201e-05,5.1684209136264034e-05,1.0,0,1.0,130.41024947166443,0.12507084090598192,406355.33674255694,54.33549949031601,0.0,26.641161918640137,130.45528650283813,0.0002281665802001953,3.8433734939759034,34.43801815483881,1391.7233357023067,64.0,0.0,444.7030321389691,508.2320367302504,64.0,51107.0,0.9992648431665422,1.0,sustained_overload,contiguous
1779704019.3052323,72124,64,51235,42941,4.6175734368603116e-05,70.05100308169327,125.27407932281494,130.3663375377655,0.0,70.08028700865697,0.037875383130965695,0.00021455364842568674,6.373950413295201e-05,5.1671996001468496e-05,1.0,0,1.0,130.5366747379303,0.1249146091538987,405259.1820708852,54.40345735643901,0.0,26.641161918640137,130.581711769104,0.0002281665802001953,3.8433734939759034,34.43801815483881,1391.7233357023067,64.0,0.0,474.5886781351246,506.22792334413293,64.0,51171.0,0.9992653917910448,1.0,sustained_overload,contiguous
1779704019.430175,72180,64,51299,42877,4.989085933004844e-05,70.1216540272715,125.39438986778259,130.4916434288025,0.0,70.15112554017797,0.037875383130965695,0.00021455364842568674,6.373950413295201e-05,5.167431759206577e-05,1.0,0,1.0,130.6616175174713,0.12475876722743133,410579.94858486246,54.471415222562015,0.0,26.641161918640137,130.70665454864502,0.0002281665802001953,3.8433734939759034,34.43801815483881,1391.7233357023067,64.0,0.0,448.2051720453088,512.2344823374958,64.0,51235.0,0.9992659395973155,1.0,sustained_overload,contiguous
1779704019.5553513,72234,64,51363,42813,5.4729968795186323e-05,70.1935526860977,125.51216435432434,130.61627078056335,0.0,70.22279784153343,0.037875383130965695,0.00021455364842568674,6.373950413295201e-05,5.170929586316345e-05,1.0,0,1.0,130.78679370880127,0.1246033136693729,410325.6334474227,54.53937308868502,0.0,26.641161918640137,130.83183073997498,0.0002281665802001953,3.8433734939759034,34.43801815483881,1391.7233357023067,64.0,0.0,431.3919398430938,511.27933611033336,64.0,51299.0,0.9992664865871833,1.0,sustained_overload,contiguous
1779704019.682688,72291,64,51427,42749,5.3291625008000665e-05,70.26492364728787,125.6365327835083,130.7432987689972,0.0,70.29312002631073,0.037875383130965695,0.00021455364842568674,6.373950413295201e-05,5.1714460416583046e-05,1.0,0,1.0,130.91413044929504,0.12444824702977034,403866.1567791136,54.60733095480802,0.0,26.641161918640137,130.95916748046875,0.0002281665802001953,3.8433734939759034,34.43801815483881,1391.7233357023067,64.0,0.0,447.632001408005,502.6043524581109,64.0,51363.0,0.9992670327624721,1.0,sustained_overload,contiguous
1779704019.811693,72350,64,51491,42685,5.054796875469947e-05,70.33478385507084,125.76043272018433,130.87076449394226,0.0,70.36412334324577,0.037875383130965695,0.00021455364842568674,6.373950413295201e-05,5.171391501926481e-05,1.0,0,1.0,131.0431354045868,0.12429356586587947,399139.7065605098,54.67528882093102,0.0,26.641161918640137,131.0881724357605,0.0002281665802001953,3.8433734939759034,34.43801815483881,1391.7233357023067,64.0,0.0,457.34677297139456,496.10497407066526,64.0,51427.0,0.999267578125,1.0,sustained_overload,contiguous
1779704019.939817,72410,64,51555,42621,4.1666843713983326e-05,70.40408878849271,125.88451981544495,130.99865818023682,0.0,70.4345213420037,0.037875383130965695,0.00021455364842568674,6.373950413295201e-05,5.170137433095132e-05,1.0,0,1.0,131.17125940322876,0.12413926874212007,402383.63262503466,54.743246687054025,0.0,26.641161918640137,131.21629643440247,0.0002281665802001953,3.8433734939759034,34.43801815483881,1391.7233357023067,64.0,0.0,468.29634288627835,499.51609907869687,64.0,51491.0,0.9992681226765799,1.0,sustained_overload,contiguous
1779704020.0669298,72471,64,51619,42557,4.413703123873347e-05,70.47179888846183,126.00781440734863,131.12593030929565,0.0,70.5012465387109,0.037875383130965695,0.00021455364842568674,6.373950413295201e-05,5.170236307984113e-05,1.0,0,1.0,131.29837226867676,0.12398535423003157,406087.92680483917,54.81120455317703,0.0,26.641161918640137,131.34340929985046,0.0002281665802001953,3.8433734939759034,34.43801815483881,1391.7233357023067,64.0,0.0,479.88848166557256,503.48955453437117,64.0,51555.0,0.9992686664190193,1.0,sustained_overload,contiguous
1779704020.1936793,72528,64,51683,42493,4.278264064794257e-05,70.54295031224304,126.13080835342407,131.25277400016785,0.0,70.572097354781,0.037875383130965695,0.00021455364842568674,6.373950413295201e-05,5.169077299323011e-05,1.0,0,1.0,131.4251217842102,0.123831820908229,407756.98260055,54.87916241930003,0.0,26.641161918640137,131.4701588153839,0.0002281665802001953,3.8433734939759034,34.43801815483881,1391.7233357023067,64.0,0.0,449.70586088716504,504.9328964347116,64.0,51619.0,0.9992692093541202,1.0,sustained_overload,contiguous
1779704020.3265295,72593,64,51747,42429,5.2367593781355026e-05,70.60914894203691,126.25328826904297,131.38243961334229,0.0,70.63953393567968,0.037875383130965695,0.00021455364842568674,6.373950413295201e-05,5.170233607305403e-05,1.0,0,1.0,131.5579719543457,0.12367866736235918,389513.99119189393,54.94712028542303,0.0,26.641161918640137,131.6030089855194,0.0002281665802001953,3.8433734939759034,34.43801815483881,1391.7233357023067,64.0,0.0,489.27299026944763,481.7457134960715,64.0,51683.0,0.9992697514836796,1.0,sustained_overload,contiguous
1779704020.459232,72650,64,51811,42365,5.884592189886462e-05,70.68732742077464,126.3847758769989,131.5163540840149,0.0,70.71872700972905,0.037875383130965695,0.00021455364842568674,6.373950413295201e-05,5.172209702197348e-05,1.0,0,1.0,131.69067454338074,0.12352589218505723,390429.4586620433,55.015078151546035,0.0,26.641161918640137,131.73571157455444,0.0002281665802001953,3.8433734939759034,34.43801815483881,1391.7233357023067,64.0,0.0,429.53193614746806,482.2814721655782,64.0,51747.0,0.9992702928094885,1.0,sustained_overload,contiguous
1779704020.5866168,72713,64,51875,42301,7.37480311698846e-05,70.75804414805809,126.51077675819397,131.64863348007202,0.0,70.78691876176399,0.037875383130965695,0.00021455364842568674,6.373950413295201e-05,5.180203136525218e-05,1.0,0,1.0,131.8180592060089,0.12337349397590362,407231.12916206557,55.08303601766904,0.0,26.641161918640137,131.86309623718262,0.0002281665802001953,3.8433734939759034,34.43801815483881,1391.7233357023067,64.0,0.0,494.56503397031577,502.4152726047652,64.0,51811.0,0.9992708333333333,1.0,sustained_overload,contiguous
1779704020.71296,72773,64,51939,42237,5.279128127710919e-05,70.82619427746218,126.63367462158203,131.77542352676392,0.0,70.85405427240174,0.037875383130965695,0.00021455364842568674,6.373950413295201e-05,5.179734424060094e-05,1.0,0,1.0,131.94440245628357,0.12322147134138123,411094.3789010458,55.150993883792054,0.0,26.641161918640137,131.98943948745728,0.0002281665802001953,3.8433734939759034,34.43801815483881,1391.7233357023067,64.0,0.0,474.89675839085754,506.55654228358134,64.0,51875.0,0.9992713730569949,1.0,sustained_overload,contiguous
1779704020.8424504,72833,64,52003,42173,5.9958531252846115e-05,70.89505786926483,126.75456380844116,131.9029359817505,0.0,70.92418308838404,0.037875383130965695,0.00021455364842568674,6.373950413295201e-05,5.1844640533763054e-05,1.0,0,1.0,132.07389283180237,0.12306982289483298,401597.4144151774,55.21895174991506,0.0,26.641161918640137,132.11892986297607,0.0002281665802001953,3.8433734939759034,34.43801815483881,1391.7233357023067,64.0,0.0,463.35490000405065,494.2452266709874,64.0,51939.0,0.9992719119822485,1.0,sustained_overload,contiguous
1779704020.969541,72887,64,52067,42109,4.498196865654336e-05,70.96880165755876,126.8784122467041,132.02951669692993,0.0,70.99777115554082,0.037875383130965695,0.00021455364842568674,6.373950413295201e-05,5.1833181130512075e-05,1.0,0,1.0,132.2009835243225,0.12291854725641961,409683.8168676145,55.28690961603806,0.0,26.641161918640137,132.24602055549622,0.0002281665802001953,3.8433734939759034,34.43801815483881,1391.7233357023067,64.0,0.0,424.8934279073345,503.5773960383224,64.0,52003.0,0.9992724501108647,1.0,sustained_overload,contiguous
1779704021.0984666,72944,64,52131,42045,4.334668761885041e-05,71.04090201069988,127.00242304801941,132.15738463401794,0.0,71.07044575106148,0.037875383130965695,0.00021455364842568674,6.373950413295201e-05,5.182562711653039e-05,1.0,0,1.0,132.32990908622742,0.12276764305307782,404349.6047622482,55.35486748216106,0.0,26.641161918640137,132.37494611740112,0.0002281665802001953,3.8433734939759034,34.43801815483881,1391.7233357023067,64.0,0.0,442.11558326999574,496.4104794610478,64.0,52067.0,0.9992729874446086,1.0,sustained_overload,contiguous
1779704021.226607,73003,64,52195,41981,4.974343752905952e-05,71.11271592093381,127.12836694717407,132.2869255542755,0.0,71.14288986060377,0.037875383130965695,0.00021455364842568674,6.373950413295201e-05,5.1819872108466606e-05,1.0,0,1.0,132.45804953575134,0.1226171089184788,407326.4936553418,55.422825348284064,0.0,26.641161918640137,132.50308656692505,0.0002281665802001953,3.8433734939759034,34.43801815483881,1391.7233357023067,64.0,0.0,460.4322851933167,499.451970379191,64.0,52131.0,0.9992735239852398,1.0,sustained_overload,contiguous
1779704021.355707,73061,64,52259,41917,5.08461406383276e-05,71.18381194666122,127.25190949440002,132.41478419303894,0.0,71.21383942291125,0.037875383130965695,0.00021455364842568674,6.373950413295201e-05,5.183152369346271e-05,1.0,0,1.0,132.58714938163757,0.12246694349298684,404795.2159916083,55.49078321440707,0.0,26.641161918640137,132.63218641281128,0.0002281665802001953,3.8433734939759034,34.43801815483881,1391.7233357023067,64.0,0.0,449.2646726403735,495.74032843075696,64.0,52195.0,0.9992740597345132,1.0,sustained_overload,contiguous
1779704021.4830692,73120,64,52323,41853,3.999046882086077e-05,71.25368008429268,127.37254309654236,132.54239463806152,0.0,71.2826782503031,0.037875383130965695,0.00021455364842568674,6.373950413295201e-05,5.181604586929264e-05,1.0,0,1.0,132.7145116329193,0.12231714542361867,410820.31350290903,55.55874108053007,0.0,26.641161918640137,132.75954866409302,0.0002281665802001953,3.8433734939759034,34.43801815483881,1391.7233357023067,64.0,0.0,463.24558027390697,502.5036802971194,64.0,52259.0,0.9992745946941783,1.0,sustained_overload,contiguous
1779704021.6116123,73179,64,52387,41789,4.910381250056162e-05,71.32368758079109,127.49650239944458,132.6701545715332,0.0,71.35319877111102,0.037875383130965695,0.00021455364842568674,6.373950413295201e-05,5.1818477861009115e-05,1.0,0,1.0,132.84305477142334,0.12216771336400253,407544.1179488416,55.62669894665307,0.0,26.641161918640137,132.88809180259705,0.0002281665802001953,3.8433734939759034,34.43801815483881,1391.7233357023067,64.0,0.0,458.9898822032499,497.88732984759315,64.0,52323.0,0.9992751288659794,1.0,sustained_overload,contiguous
1779704021.7409093,73239,64,52451,41725,4.43982031441692e-05,71.39351302594348,127.62033319473267,132.79871606826782,0.0,71.42416383959554,0.037875383130965695,0.00021455364842568674,6.373950413295201e-05,5.181177743380469e-05,1.0,0,1.0,132.9723517894745,0.12201864597433795,405662.8744465814,55.694656812776074,0.0,26.641161918640137,133.0173888206482,0.0002281665802001953,3.8433734939759034,34.43801815483881,1391.7233357023067,64.0,0.0,464.04782495652864,494.98434662029723,64.0,52387.0,0.9992756622516556,1.0,sustained_overload,contiguous
1779704021.8718097,73299,64,52515,41661,6.764614057885865e-05,71.46653470803142,127.74807691574097,132.9304962158203,0.0,71.4960644551923,0.037875383130965695,0.00021455364842568674,6.373950413295201e-05,5.1859164176988586e-05,1.0,0,1.0,133.1032521724701,0.1218699419213558,401182.93620090483,55.762614678899084,0.0,26.641161918640137,133.1482892036438,0.0002281665802001953,3.8433734939759034,34.43801815483881,1391.7233357023067,64.0,0.0,458.36382313728063,488.92141134643265,64.0,52451.0,0.9992761948529412,1.0,sustained_overload,contiguous
1779704021.9968204,73357,64,52579,41597,3.9684718743160374e-05,71.53721604047931,127.86899924278259,133.05798816680908,0.0,71.56695247315119,0.037875383130965695,0.00021455364842568674,6.373950413295201e-05,5.1843975999417995e-05,1.0,0,1.0,133.22826290130615,0.1217215998782784,420595.89996433567,55.830572545022086,0.0,26.641161918640137,133.27329993247986,0.0002281665802001953,3.8433734939759034,34.43801815483881,1391.7233357023067,64.0,0.0,463.9601779784984,511.9560584590327,64.0,52515.0,0.999276726671565,1.0,sustained_overload,contiguous
1779704022.1279964,73414,64,52643,41533,5.384371876004934e-05,71.60977511855063,127.99217200279236,133.1864013671875,0.0,71.63979024281353,0.037875383130965695,0.00021455364842568674,6.373950413295201e-05,5.18419741155082e-05,1.0,0,1.0,133.3594388961792,0.12157361852478013,401315.80515892635,55.89853041114509,0.0,26.641161918640137,133.4044759273529,0.0002281665802001953,3.8433734939759034,34.43801815483881,1391.7233357023067,64.0,0.0,434.53072382004825,487.89414604356296,64.0,52579.0,0.9992772577092511,1.0,sustained_overload,contiguous
1779704022.2582633,73472,64,52707,41469,4.5714140611607945e-05,71.68158840337203,128.1149652004242,133.31505346298218,0.0,71.71264975688788,0.037875383130965695,0.00021455364842568674,6.373950413295201e-05,5.1835312297223706e-05,1.0,0,1.0,133.48970580101013,0.12142599654694822,404607.75565678766,55.96648827726809,0.0,26.641161918640137,133.53474283218384,0.0002281665802001953,3.8433734939759034,34.43801815483881,1391.7233357023067,64.0,0.0,445.23971821757425,491.29899941249573,64.0,52643.0,0.9992777879677183,1.0,sustained_overload,contiguous
1779704022.3935165,73532,64,52771,41405,0.00013790267189506267,71.75898005324478,128.24431586265564,133.45126914978027,0.0,71.78914010208894,0.037875383130965695,0.00021455364842568674,6.373950413295201e-05,5.1884332632781664e-05,1.0,0,1.0,133.6249589920044,0.12127873263724394,390164.5470400657,56.034446143391094,0.0,26.641161918640137,133.6699960231781,0.0002281665802001953,3.8433734939759034,34.43801815483881,1391.7233357023067,64.0,0.0,443.61245423440795,473.1866178500352,64.0,52707.0,0.9992783174486803,1.0,sustained_overload,contiguous
1779704022.520898,73590,64,52835,41341,5.184796874857511e-05,71.83171658041083,128.3687870502472,133.58087420463562,0.0,71.86118941030819,0.037875383130965695,0.00021455364842568674,6.373950413295201e-05,5.190358437863303e-05,1.0,0,1.0,133.75234055519104,0.1211318254944639,414777.4503487891,56.1024040095141,0.0,26.641161918640137,133.79737758636475,0.0002281665802001953,3.8433734939759034,34.43801815483881,1391.7233357023067,64.0,0.0,455.3249194706117,502.42749734688186,64.0,52771.0,0.9992788461538461,1.0,sustained_overload,contiguous
1779704022.6541753,73654,64,52899,41277,7.020604691376775e-05,71.90130996106619,128.49587154388428,133.71319341659546,0.0,71.93129350726569,0.037875383130965695,0.00021455364842568674,6.373950413295201e-05,5.1909800092544674e-05,1.0,0,1.0,133.8856177330017,0.12098527382370178,396909.6650226742,56.17036187563711,0.0,26.641161918640137,133.93065476417542,0.0002281665802001953,3.8433734939759034,34.43801815483881,1391.7233357023067,64.0,0.0,480.20224506041984,480.20224506041984,64.0,52835.0,0.9992793740849195,1.0,sustained_overload,contiguous
1779704022.7857044,73716,64,52963,41213,4.714462500032823e-05,71.97107365578663,128.62260150909424,133.84373831748962,0.0,72.00127572792128,0.037875383130965695,0.00021455364842568674,6.373950413295201e-05,5.1909892394808976e-05,1.0,0,1.0,134.0171468257904,0.12083907633631025,402671.3700906153,56.238319741760115,0.0,26.641161918640137,134.0621838569641,0.0002281665802001953,3.8433734939759034,34.43801815483881,1391.7233357023067,64.0,0.0,471.3786029042567,486.58436428826496,64.0,52899.0,0.9992799012435991,1.0,sustained_overload,contiguous
1779704022.9191391,73782,64,53027,41149,5.0845281293732114e-05,72.0375633859673,128.7500879764557,133.9749083518982,0.0,72.06918186183043,0.037875383130965695,0.00021455364842568674,6.373950413295201e-05,5.1916834725299016e-05,1.0,0,1.0,134.15058159828186,0.12069323174986328,397400.1604671358,56.30627760788312,0.0,26.641161918640137,134.19561862945557,0.0002281665802001953,3.8433734939759034,34.43801815483881,1391.7233357023067,64.0,0.0,494.6236934171452,479.63509664692873,64.0,52963.0,0.999280427631579,1.0,sustained_overload,contiguous
1779704023.0503163,73844,64,53091,41085,6.2294359452153e-05,72.1119501637581,128.8812792301178,134.11010313034058,0.0,72.14178038079747,0.037875383130965695,0.00021455364842568674,6.373950413295201e-05,5.192992787793133e-05,1.0,0,1.0,134.2817587852478,0.12054773878811852,404727.3861253333,56.37423547400612,0.0,26.641161918640137,134.3267958164215,0.0002281665802001953,3.8433734939759034,34.43801815483881,1391.7233357023067,64.0,0.0,472.64315872314825,487.88971223034656,64.0,53027.0,0.9992809532505479,1.0,sustained_overload,contiguous
1779704023.179165,73904,64,53155,41021,5.445818747773501e-05,72.18198457231657,129.0052661895752,134.23898649215698,0.0,72.21174214524673,0.037875383130965695,0.00021455364842568674,6.373950413295201e-05,5.1929074104998644e-05,1.0,0,1.0,134.41060733795166,0.12040259618098016,412538.5880132487,56.44219334012912,0.0,26.641161918640137,134.45564436912537,0.0002281665802001953,3.8433734939759034,34.43801815483881,1391.7233357023067,64.0,0.0,465.6629720777899,496.70717021630924,64.0,53091.0,0.9992814781021898,1.0,sustained_overload,contiguous
1779704023.3085444,73959,64,53219,40957,5.251775006342996e-05,72.25680251942221,129.12896752357483,134.36779808998108,0.0,72.28712380694127,0.037875383130965695,0.00021455364842568674,6.373950413295201e-05,5.1936504920653e-05,1.0,0,1.0,134.53998684883118,0.12025780266446194,411340.24729433144,56.510151206252125,0.0,26.641161918640137,134.58502388000488,0.0002281665802001953,3.8433734939759034,34.43801815483881,1391.7233357023067,64.0,0.0,425.10595090453086,494.6687428707268,64.0,53155.0,0.9992820021881839,1.0,sustained_overload,contiguous
1779704023.4387722,74017,64,53283,40893,4.939031246919967e-05,72.32990195487778,129.25507259368896,134.49782991409302,0.0,72.3596305280671,0.037875383130965695,0.00021455364842568674,6.373950413295201e-05,5.193773511479003e-05,1.0,0,1.0,134.67021465301514,0.1201133569806505,409152.2569537636,56.57810907237513,0.0,26.641161918640137,134.71525168418884,0.0002281665802001953,3.8433734939759034,34.43801815483881,1391.7233357023067,64.0,0.0,445.3734005840191,491.4465109892625,64.0,53219.0,0.9992825255102041,1.0,sustained_overload,contiguous
1779704023.567816,74075,64,53347,40829,5.121720313638889e-05,72.40335162899834,129.38073301315308,134.62822556495667,0.0,72.43374536730532,0.037875383130965695,0.00021455364842568674,6.373950413295201e-05,5.1942591165133005e-05,1.0,0,1.0,134.79925847053528,0.11996925787766885,413402.21503965824,56.64606693849813,0.0,26.641161918640137,134.84429550170898,0.0002281665802001953,3.8433734939759034,34.43801815483881,1391.7233357023067,64.0,0.0,449.4597347985862,495.95556943292274,64.0,53283.0,0.9992830480699199,1.0,sustained_overload,contiguous
1779704023.7185392,74134,64,54355,39821,4.4027546834968234e-05,72.49383771250767,129.52529740333557,134.77653431892395,0.0,72.52395770386252,0.03789640813467493,0.00021390263814045243,6.373950413295201e-05,5.193427534123262e-05,1.0,0,1.0,134.94998168945312,0.11774445773157943,374753.14291680045,57.71640332993544,0.0,34.61417031288147,134.99501872062683,41.21329426765442,2791.400789453485,34.47464126896214,1399.2891597766375,1008.0,0.0,391.44599235343156,6687.755259190831,1601.0,54883.0,0.9992835698689956,1.0,sustained_overload,contiguous
1779704023.8757532,74200,64,53138,41038,5.8390515576434154e-05,72.58563843984905,129.67808079719543,134.9329423904419,0.0,72.6155316890683,0.037950312614440915,0.00021334171295166017,6.373950413295201e-05,5.197742441646262e-05,1.0,0,1.0,135.10719561576843,0.1204411155858331,349409.24946959596,56.42414203194019,0.0,34.61417031288147,135.15223264694214,0.0002148151397705078,4.095454545454546,34.28929489017815,1391.7881183506634,0.0,1217.0,419.8101373515134,7741.044502375634,321.0,54611.0,0.9992840909090909,1.0,sustained_overload,contiguous
1779704024.0057967,74258,64,53202,40974,5.070151563302261e-05,72.65869349066541,129.8032262325287,135.06300377845764,0.0,72.68939178151419,0.037950312614440915,0.00021334171295166017,6.378318461196682e-05,5.198576904328449e-05,1.0,0,1.0,135.23723912239075,0.1202962294650577,409109.2387604915,56.492099898063195,0.0,34.61417031288147,135.28227615356445,0.0002148151397705078,4.095454545454546,34.28929489017815,1391.7881183506634,64.0,0.0,446.00458343875243,492.14298862207164,64.0,53138.0,0.9992846111918605,1.0,sustained_overload,contiguous
1779704024.13434,74316,64,53266,40910,4.9273546906647425e-05,72.73154571218923,129.92938208580017,135.1928746700287,0.0,72.7606841554248,0.037950312614440915,0.00021334171295166017,6.378318461196682e-05,5.19304151643722e-05,1.0,0,1.0,135.36578249931335,0.12015169151053204,414381.52066029864,56.5600577641862,0.0,34.61417031288147,135.41081953048706,0.0002148151397705078,4.095454545454546,34.28929489017815,1391.7881183506634,64.0,0.0,451.2095557822498,497.88640638041363,64.0,53202.0,0.9992851307189542,1.0,sustained_overload,contiguous
1779704024.2615144,74370,64,53330,40846,4.658932819268102e-05,72.80482987130624,130.05295372009277,135.31927585601807,0.0,72.83371722929681,0.037950312614440915,0.00021334171295166017,6.378318461196682e-05,5.1908124573624316e-05,1.0,0,1.0,135.49295687675476,0.1200075004687793,419345.47723318735,56.6280156303092,0.0,34.61417031288147,135.53799390792847,0.0002148151397705078,4.095454545454546,34.28929489017815,1391.7881183506634,64.0,0.0,424.61383406323114,503.2460255564221,64.0,53266.0,0.9992856494920174,1.0,sustained_overload,contiguous
1779704024.3886654,74432,64,53394,40782,4.424559379856419e-05,72.87110163618885,130.17413091659546,135.44648456573486,0.0,72.90140540885596,0.037950312614440915,0.00021334171295166017,6.378318461196682e-05,5.194496118761779e-05,1.0,0,1.0,135.62010788917542,0.11986365509233246,419925.8738369804,56.69597349643222,0.0,34.61417031288147,135.66514492034912,0.0002148151397705078,4.095454545454546,34.28929489017815,1391.7881183506634,64.0,0.0,487.6091729013144,503.33850105942133,64.0,53330.0,0.9992861675126904,1.0,sustained_overload,contiguous
1779704024.5166523,74490,64,53458,40718,5.181254694264226e-05,72.9425328023969,130.29777455329895,135.57496190071106,0.0,72.97236912672912,0.037950312614440915,0.00021334171295166017,6.378318461196682e-05,5.196748363536668e-05,1.0,0,1.0,135.7480947971344,0.11972015413969844,417683.3463086048,56.76393136255522,0.0,34.61417031288147,135.7931318283081,0.0002148151397705078,4.095454545454546,34.28929489017815,1391.7881183506634,64.0,0.0,453.1713510774642,500.0511460165122,64.0,53394.0,0.9992866847826087,1.0,sustained_overload,contiguous
1779704024.6506948,74547,64,53522,40654,5.6260953058995256e-05,73.01507056462124,130.42384576797485,135.70358085632324,0.0,73.05020294005733,0.037950312614440915,0.00021334171295166017,6.378318461196682e-05,5.197929104697425e-05,1.0,0,1.0,135.88213729858398,0.1195769963753223,399291.2652419448,56.83188922867822,0.0,34.61417031288147,135.9271743297577,0.0002148151397705078,4.095454545454546,34.28929489017815,1391.7881183506634,64.0,0.0,425.23825938475494,477.4605017653389,64.0,53458.0,0.9992872013034033,1.0,sustained_overload,contiguous
1779704024.7780316,74605,64,53586,40590,5.070839064558186e-05,73.09120968533345,130.5526146888733,135.83680725097656,0.0,73.12060132738371,0.037950312614440915,0.00021334171295166017,6.378318461196682e-05,5.198486515577963e-05,1.0,0,1.0,136.00947403907776,0.11943418056955175,420821.2004815677,56.899847094801224,0.0,34.61417031288147,136.05451107025146,0.0002148151397705078,4.095454545454546,34.28929489017815,1391.7881183506634,64.0,0.0,455.485194415163,502.6043524581109,64.0,53522.0,0.9992877170767004,1.0,sustained_overload,contiguous
1779704024.9096477,74660,64,53650,40526,4.751287490023515e-05,73.16480606956517,130.67651081085205,135.9645574092865,0.0,73.19638586986987,0.037950312614440915,0.00021334171295166017,6.378318461196682e-05,5.197476568152517e-05,1.0,0,1.0,136.14109015464783,0.11929170549860205,407624.85481071955,56.96780496092423,0.0,34.61417031288147,136.18612718582153,0.0002148151397705078,4.095454545454546,34.28929489017815,1391.7881183506634,64.0,0.0,417.88195740148325,486.26264133990776,64.0,53586.0,0.9992882321041214,1.0,sustained_overload,contiguous
1779704025.040807,74724,64,53714,40462,6.806859390451336e-05,73.23676308996441,130.8074688911438,136.09949564933777,0.0,73.26818397763292,0.037950312614440915,0.00021334171295166017,6.378318461196682e-05,5.21692097072039e-05,1.0,0,1.0,136.27224946022034,0.11914956994452097,409532.51288986806,57.03576282704723,0.0,34.61417031288147,136.31728649139404,0.0002148151397705078,4.095454545454546,34.28929489017815,1391.7881183506634,64.0,0.0,487.95622789126776,487.95622789126776,64.0,53650.0,0.9992887463872833,1.0,sustained_overload,contiguous
1779704025.1703475,74782,64,53778,40398,5.139450004776336e-05,73.30884447899095,130.9324290752411,136.22868824005127,0.0,73.3376908146077,0.037950312614440915,0.00021334171295166017,6.378318461196682e-05,5.2157208262225406e-05,1.0,0,1.0,136.40178990364075,0.11900777269515415,415144.4798244904,57.10372069317023,0.0,34.61417031288147,136.44682693481445,0.0002148151397705078,4.095454545454546,34.28929489017815,1391.7881183506634,64.0,0.0,447.7366177585712,494.05419890600956,64.0,53714.0,0.9992892599277978,1.0,sustained_overload,contiguous
1779704025.3003042,74841,64,53842,40334,5.056765627386994e-05,73.38011543209193,131.05781602859497,136.35805487632751,0.0,73.40990283499546,0.037950312614440915,0.00021334171295166017,6.378318461196682e-05,5.216125583156847e-05,1.0,0,1.0,136.53174662590027,0.11886631254411054,414307.1559813458,57.17167855929324,0.0,34.61417031288147,136.57678365707397,0.0002148151397705078,4.095454545454546,34.28929489017815,1391.7881183506634,64.0,0.0,453.9972921306675,492.4716389214021,64.0,53778.0,0.9992897727272727,1.0,sustained_overload,contiguous
1779704025.4305778,74904,64,53906,40270,5.2898687570746006e-05,73.44864318858227,131.1847686767578,136.48860239982605,0.0,73.4775579247312,0.037950312614440915,0.00021334171295166017,6.378318461196682e-05,5.2146007233763046e-05,1.0,0,1.0,136.66202020645142,0.11872518829072831,413790.73003091104,57.23963642541624,0.0,34.61417031288147,136.70705723762512,0.0002148151397705078,4.095454545454546,34.28929489017815,1391.7881183506634,64.0,0.0,483.5976698687974,491.2738233587784,64.0,53842.0,0.9992902847873107,1.0,sustained_overload,contiguous
1779704025.560038,74964,64,53970,40206,4.7600468775499394e-05,73.51832965493193,131.3096477985382,136.61737489700317,0.0,73.54836868159256,0.037950312614440915,0.00021334171295166017,6.378318461196682e-05,5.213016149061316e-05,1.0,0,1.0,136.79148054122925,0.11858439874004076,416884.4464415944,57.307594291539246,0.0,34.61417031288147,136.83651757240295,0.0002148151397705078,4.095454545454546,34.28929489017815,1391.7881183506634,64.0,0.0,463.4624196126675,494.359914253512,64.0,53906.0,0.9992907961095101,1.0,sustained_overload,contiguous
1779704025.6917002,75023,64,54034,40142,5.963581244827765e-05,73.59087993122064,131.43528032302856,136.74805164337158,0.0,73.62028356203254,0.037950312614440915,0.00021334171295166017,6.378318461196682e-05,5.2147580154661874e-05,1.0,0,1.0,136.92314267158508,0.11844394270274271,410398.94959899026,57.37555215766225,0.0,34.61417031288147,136.9681797027588,0.0002148151397705078,4.095454545454546,34.28929489017815,1391.7881183506634,64.0,0.0,448.11670478477305,486.09269671568603,64.0,53970.0,0.9992913066954644,1.0,sustained_overload,contiguous
1779704025.8236172,75083,64,54098,40078,6.038026565136079e-05,73.66480817804674,131.56059646606445,136.88110399246216,0.0,73.69595694574843,0.037950312614440915,0.00021334171295166017,6.378318461196682e-05,5.2167790493112e-05,1.0,0,1.0,137.05505967140198,0.11830381899515695,410091.19427435385,57.44351002378525,0.0,34.61417031288147,137.10009670257568,0.0002148151397705078,4.095454545454546,34.28929489017815,1391.7881183506634,64.0,0.0,454.83144767757096,485.153544189409,64.0,54034.0,0.9992918165467626,1.0,sustained_overload,contiguous
1779704025.956356,75139,64,54162,40014,6.129356245310191e-05,73.74089565108412,131.68782711029053,137.01241040229797,0.0,73.770816564756,0.037950312614440915,0.00021334171295166017,6.378318461196682e-05,5.21727658825026e-05,1.0,0,1.0,137.18779850006104,0.11816402643920092,408034.33740639826,57.51146788990825,0.0,34.61417031288147,137.23283553123474,0.0002148151397705078,4.095454545454546,34.28929489017815,1391.7881183506634,64.0,0.0,421.8810770421754,482.1498023339147,64.0,54098.0,0.9992923256649893,1.0,sustained_overload,contiguous
1779704026.086475,75201,64,54226,39950,5.560687500860695e-05,73.81128982384635,131.81562662124634,137.1439070701599,0.0,73.84074501026235,0.037950312614440915,0.00021334171295166017,6.378318461196682e-05,5.217721851292046e-05,1.0,0,1.0,137.31791734695435,0.11802456386235385,416742.08844213,57.57942575603126,0.0,34.61417031288147,137.36295437812805,0.0002148151397705078,4.095454545454546,34.28929489017815,1391.7881183506634,64.0,0.0,476.4874688048549,491.85803231468896,64.0,54162.0,0.9992928340517241,1.0,sustained_overload,contiguous
1779704026.2145302,75259,64,54290,39886,4.494042188696312e-05,73.88318211705297,131.94007778167725,137.27298736572266,0.0,73.9128602985394,0.037950312614440915,0.00021334171295166017,6.378318461196682e-05,5.216476614319171e-05,1.0,0,1.0,137.44597268104553,0.11788543009762387,423957.34926075634,57.647383622154265,0.0,34.61417031288147,137.49100971221924,0.0002148151397705078,4.095454545454546,34.28929489017815,1391.7881183506634,64.0,0.0,452.929199799666,499.783944606528,64.0,54226.0,0.9992933417085427,1.0,sustained_overload,contiguous
1779704026.3439045,75320,64,54354,39822,5.4181734284952654e-05,73.95161922661671,132.06285858154297,137.40155673027039,0.0,73.97998223594854,0.037950312614440915,0.00021334171295166017,6.378318461196682e-05,5.216332791705618e-05,1.0,0,1.0,137.5753469467163,0.11774662398351549,420129.92087867536,57.715341488277275,0.0,34.61417031288147,137.62038397789001,0.0002148151397705078,4.095454545454546,34.28929489017815,1391.7881183506634,64.0,0.0,471.50026076460233,494.68879817925495,64.0,54290.0,0.9992938486370158,1.0,sustained_overload,contiguous
1779704026.472857,75383,64,54418,39758,4.535837504704432e-05,74.01889446858442,132.18723464012146,137.5309295654297,0.0,74.04791524382888,0.037950312614440915,0.00021334171295166017,6.378318461196682e-05,5.215209977435629e-05,1.0,0,1.0,137.70429944992065,0.1176081443639972,422000.33847940154,57.78329935440028,0.0,34.61417031288147,137.74933648109436,0.0002148151397705078,4.095454545454546,34.28929489017815,1391.7881183506634,64.0,0.0,488.55197405642065,496.3067672954114,64.0,54354.0,0.9992943548387097,1.0,sustained_overload,contiguous
1779704026.6307244,75442,64,53458,40718,5.7411624965197916e-05,74.1157615392325,132.33953857421875,137.68580389022827,0.0,74.14572265969957,0.03798469129311611,0.00021271686629945063,6.378318461196682e-05,5.215585882849504e-05,1.0,0,1.0,137.86216688156128,0.11972015413969844,351605.137444423,56.76393136255522,0.0,34.61417031288147,137.90720391273499,61.078264474868774,2329.5407218035734,34.43255141202141,1396.8028381552244,0.0,960.0,373.73129711965976,6081.051614150396,577.0,54930.0,0.9992948603151862,1.0,sustained_overload,contiguous
1779704026.758721,75502,64,53522,40654,4.690459377343359e-05,74.18568902243048,132.4635305404663,137.81493043899536,0.0,74.2157856461327,0.03798469129311611,0.00021271686629945063,6.36465144607256e-05,5.214721404908524e-05,1.0,0,1.0,137.990163564682,0.1195769963753223,418151.460608691,56.83188922867822,0.0,34.61417031288147,138.0352005958557,61.078264474868774,2329.5407218035734,34.43255141202141,1396.8028381552244,64.0,0.0,468.7621470894484,500.0129568954116,64.0,53458.0,0.9992953650680029,1.0,sustained_overload,contiguous
1779704026.8896356,75563,64,53586,40590,4.9143046908284305e-05,74.25510079714707,132.58951115608215,137.94452953338623,0.0,74.28428896604993,0.03798469129311611,0.00021271686629945063,6.36465144607256e-05,5.2090816035626846e-05,1.0,0,1.0,138.12107801437378,0.11943418056955175,409320.7443957785,56.899847094801224,0.0,34.61417031288147,138.16611504554749,61.078264474868774,2329.5407218035734,34.43255141202141,1396.8028381552244,64.0,0.0,465.9531483623052,488.8688769702875,64.0,53522.0,0.9992958690987125,1.0,sustained_overload,contiguous
1779704027.0179937,75619,64,53650,40526,4.400534378135035e-05,74.32936819860457,132.71534085273743,138.0740954875946,0.0,74.35915328561592,0.03798469129311611,0.00021271686629945063,6.36465144607256e-05,5.2063407744200463e-05,1.0,0,1.0,138.24943614006042,0.11929170549860205,417971.2013789696,56.96780496092423,0.0,34.61417031288147,138.29447317123413,61.078264474868774,2329.5407218035734,34.43255141202141,1396.8028381552244,64.0,0.0,436.2793527907232,498.60497461796933,64.0,53586.0,0.9992963724088635,1.0,sustained_overload,contiguous
1779704027.1457567,75678,64,53714,40462,4.30822656625196e-05,74.39899404913461,132.8381564617157,138.20196843147278,0.0,74.42840322611546,0.03798469129311611,0.00021271686629945063,6.36465144607256e-05,5.20474342780145e-05,1.0,0,1.0,138.37719917297363,0.11914956994452097,420418.94885580085,57.03576282704723,0.0,34.61417031288147,138.42223620414734,61.078264474868774,2329.5407218035734,34.43255141202141,1396.8028381552244,64.0,0.0,461.7924187826684,500.92736952696237,64.0,53650.0,0.999296875,1.0,sustained_overload,contiguous
1779704027.2762156,75735,64,53778,40398,4.374999991796358e-05,74.47151237212105,132.96210646629333,138.33078598976135,0.0,74.50327905914567,0.03798469129311611,0.00021271686629945063,6.36465144607256e-05,5.204787782544502e-05,1.0,0,1.0,138.50765800476074,0.11900777269515415,412221.9957308693,57.10372069317023,0.0,34.61417031288147,138.55269503593445,61.078264474868774,2329.5407218035734,34.43255141202141,1396.8028381552244,64.0,0.0,436.91944208894995,490.57621567882103,64.0,53714.0,0.9992973768736617,1.0,sustained_overload,contiguous
1779704027.438585,75802,64,53793,40383,6.763618750937894e-05,74.56360907678705,133.1175572872162,138.48865413665771,0.0,74.59538746122122,0.03803867480111501,0.00021215469118148562,6.36465144607256e-05,5.2076482674781824e-05,1.0,0,1.0,138.67002749443054,0.11897458777164316,337914.4697170597,57.11964831804281,0.0,34.61417031288147,138.71506452560425,37.89257550239563,2826.126464023135,34.45095579548085,1404.4056233992026,15.0,0.0,412.6390994777006,92.38188794276878,577.0,54290.0,0.9992978780313837,1.0,sustained_overload,contiguous
1779704027.573028,75861,64,53857,40319,4.8464671891679245e-05,74.6389068033545,133.2473602294922,138.6222620010376,0.0,74.67160511331635,0.03803867480111501,0.00021215469118148562,6.352344029386279e-05,5.2070501971533534e-05,1.0,0,1.0,138.80447053909302,0.11883320645412854,400593.4270174412,57.187606184165816,0.0,34.61417031288147,138.84950757026672,37.89257550239563,2826.126464023135,34.45095579548085,1404.4056233992026,64.0,0.0,438.84754431232767,476.0380141693046,64.0,53793.0,0.999298378474697,1.0,sustained_overload,contiguous
1779704027.7325017,75924,64,54051,40125,6.0499578182771074e-05,74.73267145440232,133.4004201889038,138.77795672416687,0.0,74.76545151000452,0.03806830771826944,0.0002115319368867535,6.352344029386279e-05,5.2005017939922464e-05,1.0,0,1.0,138.96394419670105,0.11840668997798376,350967.0552460004,57.39360346585117,0.0,34.61417031288147,139.00898122787476,47.04285001754761,2802.492760092488,34.51757957443358,1411.8029098367333,194.0,0.0,395.0495708504203,1216.501853094945,1089.0,54881.0,0.9992988782051282,1.0,sustained_overload,contiguous
1779704027.866842,75984,64,54115,40061,4.974629678144993e-05,74.80969707992465,133.53254103660583,138.9143226146698,0.0,74.84235605112244,0.03806830771826944,0.0002115319368867535,6.33848047702112e-05,5.1997889898943763e-05,1.0,0,1.0,139.09828448295593,0.11826665434722351,402820.34160123806,57.461561331974174,0.0,34.61417031288147,139.14332151412964,47.04285001754761,2802.492760092488,34.51757957443358,1411.8029098367333,64.0,0.0,446.6270072267261,476.40214104184116,64.0,54051.0,0.9992993772241993,1.0,sustained_overload,contiguous
1779704027.999367,76046,64,54179,39997,4.40087343633877e-05,74.88138649166454,133.66159200668335,139.04731488227844,0.0,74.91427893083309,0.03806830771826944,0.0002115319368867535,6.33848047702112e-05,5.190678432968082e-05,1.0,0,1.0,139.23080945014954,0.11812694955610108,408821.07837726007,57.52951919809718,0.0,34.61417031288147,139.27584648132324,47.04285001754761,2802.492760092488,34.51757957443358,1411.8029098367333,64.0,0.0,467.8363731222452,482.9278690294144,64.0,54115.0,0.9992998755334281,1.0,sustained_overload,contiguous
1779704028.159104,76112,64,54858,39318,5.6013218710404544e-05,74.97402466937908,133.81548690795898,139.20507979393005,0.0,75.00711905982024,0.03809972072210838,0.00021093942987637256,6.33848047702112e-05,5.193889472764163e-05,1.0,0,1.0,139.39054656028748,0.11666484377848263,358814.55442949553,58.25050968399592,0.0,34.61417031288147,139.43558359146118,77.40749311447144,1661.630028638806,34.74331596148642,1413.1177894093757,679.0,0.0,413.17887836462256,4250.73421832695,1601.0,55715.0,0.9993003731343284,1.0,sustained_overload,contiguous
1779704028.3161523,76174,64,53897,40279,4.620642185670931e-05,75.067862416501,133.96782088279724,139.35981726646423,0.0,75.10215680203652,0.03812702870836445,0.00021035437490425857,6.33848047702112e-05,5.193532868616267e-05,1.0,0,1.0,139.5475947856903,0.11874501363712267,356240.89260795375,57.2300798504927,0.0,34.61417031288147,139.592631816864,0.000240325927734375,3.9375,34.56141504192852,1405.7398821349811,0.0,961.0,394.78319376719276,6119.139503391488,577.0,55370.0,0.9993008700284091,1.0,sustained_overload,contiguous
1779704028.473106,76236,64,53068,41108,5.3466453110218026e-05,75.16189630207192,134.11806511878967,139.51506447792053,0.0,75.19549910367398,0.03815013263374567,0.0002109091728925705,6.32685284281886e-05,5.1971702376686896e-05,1.0,0,1.0,139.70454835891724,0.12059998492500187,350332.89698030264,56.349813115868166,0.0,34.61417031288147,139.74958539009094,47.09870529174805,2808.7128124704777,34.626713428646326,1413.047032813812,0.0,829.0,395.02127110134876,5281.816673274486,577.0,54409.0,0.9993013662171752,1.0,sustained_overload,contiguous
1779704028.6261349,76300,64,52892,41284,4.945546871226725e-05,75.25533647869025,134.2710542678833,139.67170691490173,0.0,75.28634252242355,0.03817675085847016,0.00021031023463386506,6.318092346191406e-05,5.2062354231827184e-05,1.0,0,1.0,139.85757732391357,0.12100128563865992,353900.3220814832,56.162928984029904,0.0,34.61417031288147,139.90261435508728,59.87835717201233,2429.4474874575376,34.757550960995374,1418.3133564130023,0.0,176.0,418.22147853859934,1150.1090659811482,577.0,53580.0,0.9993018617021276,1.0,sustained_overload,contiguous
1779704028.7802978,76364,64,52660,41516,5.671932812845171e-05,75.34432396020031,134.41839933395386,139.82381439208984,0.0,75.37583097182923,0.03820324683374213,0.00020975197932516883,6.390167271486626e-05,5.188977803823407e-05,1.0,0,1.0,140.01174020767212,0.12153437143942272,350155.6190694179,55.91658171933401,0.0,34.61417031288147,140.05677723884583,65.8773250579834,2557.2973169146835,34.91796216768088,1424.1844077557944,0.0,232.0,415.1453218807125,1504.901791817583,577.0,53404.0,0.9993023564847626,1.0,sustained_overload,contiguous
1779704028.9110754,76424,64,52724,41452,5.236281249665353e-05,75.41605513402608,134.5465371608734,139.9550075531006,0.0,75.4468058158567,0.03820324683374213,0.00020975197932516883,6.376603327759909e-05,5.178815088209324e-05,1.0,0,1.0,140.1425178050995,0.12138684470070556,403157.735248058,55.984539585457014,0.0,34.61417031288147,140.1875548362732,65.8773250579834,2557.2973169146835,34.91796216768088,1424.1844077557944,64.0,0.0,458.7941756104142,489.3804539844418,64.0,52660.0,0.9993028505665722,1.0,sustained_overload,contiguous
1779704029.063464,76485,64,52505,41671,5.996857809975609e-05,75.5076621969686,134.69575381278992,140.1059079170227,0.0,75.53816394533222,0.03822920865533895,0.0002091289947391937,6.376603327759909e-05,5.169116879040686e-05,1.0,0,1.0,140.29490637779236,0.12189315303304446,353130.15306243784,55.75199626231736,0.0,34.61417031288147,140.33994340896606,64.57434225082397,2085.3897312823037,35.070046168107254,1427.5752042866995,0.0,219.0,400.29248205468394,1437.115632294685,577.0,53236.0,0.9993033439490446,1.0,sustained_overload,contiguous
1779704029.1969433,76547,64,52569,41607,6.0705687602080616e-05,75.57886937081595,134.82124018669128,140.2385857105255,0.0,75.61066164624611,0.03822920865533895,0.0002091289947391937,6.364143058045269e-05,5.1751290897928365e-05,1.0,0,1.0,140.4283857345581,0.12174475451311609,393836.1801687229,55.819954128440365,0.0,34.61417031288147,140.4734227657318,64.57434225082397,2085.3897312823037,35.070046168107254,1427.5752042866995,64.0,0.0,464.4913003949251,479.47489073024525,64.0,52505.0,0.9993038366336634,1.0,sustained_overload,contiguous
1779704029.3278635,76607,64,52633,41543,4.410962512224614e-05,75.6502205343333,134.94602370262146,140.36944127082825,0.0,75.68186756395869,0.03822920865533895,0.0002091289947391937,6.364143058045269e-05,5.165426435800725e-05,1.0,0,1.0,140.55930590629578,0.12159671688864401,402023.60951269214,55.88791199456337,0.0,34.61417031288147,140.60434293746948,64.57434225082397,2085.3897312823037,35.070046168107254,1427.5752042866995,64.0,0.0,458.294540891865,488.847510284656,64.0,52569.0,0.9993043286219081,1.0,sustained_overload,contiguous
1779704029.4582722,76666,64,52697,41479,4.688398431085261e-05,75.7225596995225,135.0729284286499,140.5003101825714,0.0,75.75350272909309,0.03822920865533895,0.0002091289947391937,6.364143058045269e-05,5.163387916109181e-05,1.0,0,1.0,140.68971467018127,0.12144903884471603,404090.94013243774,55.95586986068637,0.0,34.61417031288147,140.73475170135498,64.57434225082397,2085.3897312823037,35.070046168107254,1427.5752042866995,64.0,0.0,452.42358137681134,490.7645628494225,64.0,52633.0,0.9993048199152542,1.0,sustained_overload,contiguous
1779704029.5879452,76723,64,52761,41415,3.8457968742022786e-05,75.79571228202204,135.198885679245,140.6300299167633,0.0,75.82745615343973,0.03822920865533895,0.0002091289947391937,6.364143058045269e-05,5.160856764659854e-05,1.0,0,1.0,140.81938767433167,0.12130171907279999,406877.2860294767,56.02382772680939,0.0,34.61417031288147,140.86442470550537,64.57434225082397,2085.3897312823037,35.070046168107254,1427.5752042866995,64.0,0.0,439.56720501279676,493.5491424705086,64.0,52697.0,0.9993053105151729,1.0,sustained_overload,contiguous
1779704029.7200418,76780,64,52825,41351,4.638170304360756e-05,75.87129545413262,135.32860803604126,140.7622034549713,0.0,75.90218992244664,0.03822920865533895,0.0002091289947391937,6.364143058045269e-05,5.16339951308821e-05,1.0,0,1.0,140.95148420333862,0.12115475627070517,399896.9571503087,56.09178559293239,0.0,34.61417031288147,140.99652123451233,64.57434225082397,2085.3897312823037,35.070046168107254,1427.5752042866995,64.0,0.0,431.50263241964217,484.49418376942276,64.0,52761.0,0.9993058004231312,1.0,sustained_overload,contiguous
1779704029.8509054,76843,64,52889,41287,5.100631251764298e-05,75.9395130903278,135.4543263912201,140.89292526245117,0.0,75.97244377587371,0.03822920865533895,0.0002091289947391937,6.364143058045269e-05,5.162989102423798e-05,1.0,0,1.0,141.08234786987305,0.1210081491425438,404153.4323515801,56.15974345905539,0.0,34.61417031288147,141.12738490104675,64.57434225082397,2085.3897312823037,35.070046168107254,1427.5752042866995,64.0,0.0,481.4170477443239,489.05858818471,64.0,52825.0,0.999306289640592,1.0,sustained_overload,contiguous
1779704029.9811354,76898,64,52953,41223,5.676842189927811e-05,76.01544806463363,135.58226418495178,141.02349090576172,0.0,76.04597118622883,0.03822920865533895,0.0002091289947391937,6.364143058045269e-05,5.1626149799881534e-05,1.0,0,1.0,141.21257781982422,0.12086189639869319,406611.5361316969,56.227701325178394,0.0,34.61417031288147,141.25761485099792,64.57434225082397,2085.3897312823037,35.070046168107254,1427.5752042866995,64.0,0.0,422.3298866399133,491.43841354462637,64.0,52889.0,0.999306778169014,1.0,sustained_overload,contiguous
1779704030.1149387,76958,64,53017,41159,5.387067189133177e-05,76.08666014525281,135.7080900669098,141.15427589416504,0.0,76.11853460529085,0.03822920865533895,0.0002091289947391937,6.364143058045269e-05,5.166212800766678e-05,1.0,0,1.0,141.34638118743896,0.12071599675575759,396230.68496040715,56.2956591913014,0.0,34.61417031288147,141.39141821861267,64.57434225082397,2085.3897312823037,35.070046168107254,1427.5752042866995,64.0,0.0,448.4192070019885,478.31382080212114,64.0,52953.0,0.9993072660098522,1.0,sustained_overload,contiguous
1779704030.2465258,77019,64,53081,41095,4.246607819879955e-05,76.15822203537763,135.83592176437378,141.28640818595886,0.0,76.18959881243075,0.03822920865533895,0.0002091289947391937,6.364143058045269e-05,5.164526346523754e-05,1.0,0,1.0,141.47796821594238,0.12057044893653097,403390.8250965727,56.3636170574244,0.0,34.61417031288147,141.5230052471161,64.57434225082397,2085.3897312823037,35.070046168107254,1427.5752042866995,64.0,0.0,463.57152900078995,486.37012878771407,64.0,53017.0,0.999307753164557,1.0,sustained_overload,contiguous
1779704030.37944,77075,64,53145,41031,4.032946876009191e-05,76.23498288068353,135.96185541152954,141.4188253879547,0.0,76.26574663761026,0.03822920865533895,0.0002091289947391937,6.364143058045269e-05,5.1643223286346654e-05,1.0,0,1.0,141.61088252067566,0.12042525166995954,399844.0958379,56.4315749235474,0.0,34.61417031288147,141.65591955184937,64.57434225082397,2085.3897312823037,35.070046168107254,1427.5752042866995,64.0,0.0,421.32410136273216,481.5132587002653,64.0,53081.0,0.9993082396345748,1.0,sustained_overload,contiguous
1779704030.512626,77135,64,53209,40967,3.8149796935726954e-05,76.3084562000053,136.09082007408142,141.55191254615784,0.0,76.34080547270774,0.03822920865533895,0.0002091289947391937,6.364143058045269e-05,5.162522784219075e-05,1.0,0,1.0,141.74406838417053,0.12028040369110489,399509.36686346045,56.499532789670404,0.0,34.61417031288147,141.78910541534424,64.57434225082397,2085.3897312823037,35.070046168107254,1427.5752042866995,64.0,0.0,450.49826179420074,480.53147924714744,64.0,53145.0,0.9993087254213483,1.0,sustained_overload,contiguous
1779704030.6460373,77194,64,53273,40903,4.910265627700028e-05,76.38476268709812,136.22197270393372,141.68686699867249,0.0,76.41687516511308,0.03822920865533895,0.0002091289947391937,6.364143058045269e-05,5.1646095169821466e-05,1.0,0,1.0,141.87747979164124,0.12013590374110714,399313.6794670174,56.56749065579341,0.0,34.61417031288147,141.92251682281494,64.57434225082397,2085.3897312823037,35.070046168107254,1427.5752042866995,64.0,0.0,442.241043090384,479.7190975895691,64.0,53209.0,0.9993092105263158,1.0,sustained_overload,contiguous
1779704030.7800694,77253,64,53337,40839,5.442845309744371e-05,76.4595184388551,136.3528950214386,141.82027792930603,0.0,76.49106579450225,0.03822920865533895,0.0002091289947391937,6.364143058045269e-05,5.166740813478165e-05,1.0,0,1.0,142.01151180267334,0.11999175056714852,397942.2496855939,56.63544852191641,0.0,34.61417031288147,142.05654883384705,64.57434225082397,2085.3897312823037,35.070046168107254,1427.5752042866995,64.0,0.0,440.19335042184673,477.49787164403716,64.0,53273.0,0.9993096949509116,1.0,sustained_overload,contiguous
1779704030.913994,77316,64,53401,40775,4.013967188143397e-05,76.52904883290351,136.48127698898315,141.95241594314575,0.0,76.56146857007381,0.03822920865533895,0.0002091289947391937,6.364143058045269e-05,5.164996267264344e-05,1.0,0,1.0,142.14543652534485,0.11984794292241717,398738.92538110557,56.70340638803941,0.0,34.61417031288147,142.19047355651855,64.57434225082397,2085.3897312823037,35.070046168107254,1427.5752042866995,64.0,0.0,470.4135184548913,477.880399700207,64.0,53337.0,0.9993101786965662,1.0,sustained_overload,contiguous
1779704031.0489593,77377,64,53465,40711,6.545500002630433e-05,76.6051260333285,136.61232328414917,142.08914995193481,0.0,76.63653481240462,0.03822920865533895,0.0002091289947391937,6.364143058045269e-05,5.177200799789537e-05,1.0,0,1.0,142.28040170669556,0.11970447956607126,396139.20764549496,56.771364254162414,0.0,34.61417031288147,142.32543873786926,64.57434225082397,2085.3897312823037,35.070046168107254,1427.5752042866995,64.0,0.0,451.96842170345445,474.1963768691981,64.0,53401.0,0.9993106617647058,1.0,sustained_overload,contiguous
1779704031.1841576,77438,64,53529,40647,4.157450000263907e-05,76.67668791026045,136.74108242988586,142.2213637828827,0.0,76.71000995108602,0.03822920865533895,0.0002091289947391937,6.364143058045269e-05,5.175168319452049e-05,1.0,0,1.0,142.41560006141663,0.11956135926320312,395929.3743658112,56.839322120285416,0.0,34.61417031288147,142.46063709259033,64.57434225082397,2085.3897312823037,35.070046168107254,1427.5752042866995,64.0,0.0,451.1889225712134,473.37854171405996,64.0,53465.0,0.9993111441567529,1.0,sustained_overload,contiguous
1779704031.3404639,77503,64,53373,40803,5.4986359458553125e-05,76.77132072617727,136.89434003829956,142.3803243637085,0.0,76.802744415835,0.03825261501165537,0.00020851997228769155,6.364143058045269e-05,5.182266815236798e-05,1.0,0,1.0,142.5719063282013,0.11991081633035429,349429.3678912013,56.6736748216106,0.0,34.61417031288147,142.616943359375,58.184462547302246,2773.9078362196947,35.187976863919474,1434.4442483271741,0.0,156.0,415.8502492388605,998.0405981732653,577.0,54041.0,0.9993116258741259,1.0,sustained_overload,contiguous
1779704031.495847,77564,64,53437,40739,4.4941937460407644e-05,76.86198334865772,137.04301500320435,142.53149151802063,0.0,76.89455439287455,0.038271447251126224,0.00020808278372461312,6.351037458939986e-05,5.181328230789388e-05,1.0,0,1.0,142.72728943824768,0.11976720250014036,363681.7411051304,56.7416326877336,0.0,34.61417031288147,142.7723264694214,62.20154047012329,2749.1540666511255,35.32510155227584,1441.1179022272956,64.0,0.0,392.57806065144143,411.88517838839755,1601.0,54909.0,0.999312106918239,1.0,sustained_overload,contiguous
1779704031.6527631,77624,64,52220,41956,3.9724015636011245e-05,76.95589830824399,137.1942856311798,142.68484950065613,0.0,76.99078729894617,0.03828744578907508,0.00020751698326518518,6.351037458939986e-05,5.170735973779087e-05,1.0,0,1.0,142.8842055797577,0.12255840674071238,344222.076073381,55.44937138973837,0.0,34.61417031288147,142.9292426109314,0.0003123283386230469,3.308080808080808,35.14669352589232,1433.8562364625523,0.0,1217.0,382.36984049325844,7755.734931338258,321.0,53693.0,0.9993125872905028,1.0,sustained_overload,contiguous
1779704031.8114176,77683,64,51580,42596,4.8761296810084787e-05,77.05320398099155,137.34678149223328,142.84058356285095,0.0,77.08734389075569,0.0383279820283254,0.00020631515618526575,6.337942580831537e-05,5.169735208216155e-05,1.0,0,1.0,143.04286003112793,0.1240791004265219,348921.820484037,54.76979272850833,0.0,34.61417031288147,143.08789706230164,33.710219621658325,2411.535502546759,35.23546483397484,1445.6068451408232,0.0,640.0,371.8773692792041,4033.9240057405195,1602.0,53756.0,0.9993130669923238,1.0,sustained_overload,contiguous
1779704031.9506254,77748,64,51644,42532,5.5170828105133296e-05,77.12887970130639,137.4834177494049,142.98101472854614,0.0,77.1629763852707,0.0383279820283254,0.00020631515618526575,6.32803536316739e-05,5.165303351312553e-05,1.0,0,1.0,143.18206787109375,0.12392533498567114,370984.8526683565,54.83775059463133,0.0,34.61417031288147,143.22710490226746,33.710219621658325,2411.535502546759,35.23546483397484,1445.6068451408232,64.0,0.0,466.92772487497433,459.74422141535933,64.0,51580.0,0.9993135460251046,1.0,sustained_overload,contiguous
1779704032.0829957,77809,64,51708,42468,4.090632809550243e-05,77.20164975475585,137.61246752738953,143.11456871032715,0.0,77.2352130212312,0.0383279820283254,0.00020631515618526575,6.32803536316739e-05,5.1581847271575314e-05,1.0,0,1.0,143.31443810462952,0.12377195018179006,390631.6293234342,54.90570846075433,0.0,34.61417031288147,143.35947513580322,33.710219621658325,2411.535502546759,35.23546483397484,1445.6068451408232,64.0,0.0,460.8286800636166,483.49238564051575,64.0,51644.0,0.9993140243902439,1.0,sustained_overload,contiguous
1779704032.220093,77869,64,51772,42404,5.147434373498072e-05,77.2767867170591,137.74236178398132,143.24951553344727,0.0,77.31293141965924,0.0383279820283254,0.00020631515618526575,6.32803536316739e-05,5.157022709699686e-05,1.0,0,1.0,143.45153546333313,0.12361894460326045,377629.4488059712,54.973666326877336,0.0,34.61417031288147,143.49657249450684,33.710219621658325,2411.535502546759,35.23546483397484,1445.6068451408232,64.0,0.0,437.6451929297356,466.8215391250513,64.0,51708.0,0.9993145020891365,1.0,sustained_overload,contiguous
1779704032.356319,77930,64,51836,42340,5.034145311810789e-05,77.35318199345184,137.8743782043457,143.38673043251038,0.0,77.38536579385044,0.0383279820283254,0.00020631515618526575,6.32803536316739e-05,5.1681446229818574e-05,1.0,0,1.0,143.58776140213013,0.12346631684543562,380514.90382639715,55.04162419300034,0.0,34.61417031288147,143.63279843330383,33.710219621658325,2411.535502546759,35.23546483397484,1445.6068451408232,64.0,0.0,447.78549913979134,469.807736802404,64.0,51772.0,0.9993149791231732,1.0,sustained_overload,contiguous
1779704032.4910085,77997,64,51900,42276,4.292204680211853e-05,77.42241856082802,138.00522828102112,143.52272653579712,0.0,77.45596580681993,0.0383279820283254,0.00020631515618526575,6.32803536316739e-05,5.162466683411391e-05,1.0,0,1.0,143.7224509716034,0.12331406551059731,385330.5063114126,55.10958205912334,0.0,34.61417031288147,143.7674880027771,33.710219621658325,2411.535502546759,35.23546483397484,1445.6068451408232,64.0,0.0,497.44015265635153,475.1667129851716,64.0,51836.0,0.9993154554937413,1.0,sustained_overload,contiguous
1779704032.6282253,78060,64,51964,42212,4.916665625387395e-05,77.49559014239013,138.13734936714172,143.65870428085327,0.0,77.52857656530625,0.0383279820283254,0.00020631515618526575,6.32803536316739e-05,5.164450102418671e-05,1.0,0,1.0,143.85966777801514,0.12316218920791318,378699.966562936,55.17753992524634,0.0,34.61417031288147,143.90470480918884,33.710219621658325,2411.535502546759,35.23546483397484,1445.6068451408232,64.0,0.0,459.12743232747613,466.4151693485472,64.0,51900.0,0.9993159312022237,1.0,sustained_overload,contiguous
1779704032.760375,78120,64,52028,42148,6.527237505338235e-05,77.57453191111551,138.27244353294373,143.79750323295593,0.0,77.60538098061396,0.0383279820283254,0.00020631515618526575,6.32803536316739e-05,5.16315231293105e-05,1.0,0,1.0,143.99181747436523,0.12301068655339432,393705.02874380274,55.245497791369345,0.0,34.61417031288147,144.03685450553894,33.710219621658325,2411.535502546759,35.23546483397484,1445.6068451408232,64.0,0.0,454.03055517467834,484.2992588529902,64.0,51964.0,0.99931640625,1.0,sustained_overload,contiguous
1779704032.890164,78179,64,52092,42084,5.153934374391156e-05,77.64520048483021,138.39730596542358,143.92701888084412,0.0,77.67615166543138,0.0383279820283254,0.00020631515618526575,6.32803536316739e-05,5.161953565286655e-05,1.0,0,1.0,144.12160634994507,0.12285955616985335,401359.5138048474,55.31345565749235,0.0,34.61417031288147,144.16664338111877,33.710219621658325,2411.535502546759,35.23546483397484,1445.6068451408232,64.0,0.0,454.5844143915764,493.10851730611677,64.0,52028.0,0.9993168806384455,1.0,sustained_overload,contiguous
1779704033.0234718,78238,64,52156,42020,5.3354125043370004e-05,77.71747987196129,138.52253794670105,144.05816078186035,0.0,77.74831191523481,0.0383279820283254,0.00020631515618526575,6.32803536316739e-05,5.1624586810452354e-05,1.0,0,1.0,144.25491428375244,0.12270879668686248,391244.530692106,55.381413523615365,0.0,34.61417031288147,144.29995131492615,33.710219621658325,2411.535502546759,35.23546483397484,1445.6068451408232,64.0,0.0,442.5843107376765,480.09145571544565,64.0,52092.0,0.999317354368932,1.0,sustained_overload,contiguous
1779704033.1778948,78299,64,50940,43236,4.564573445975384e-05,77.81054288821674,138.67261266708374,144.21154046058655,0.0,77.84125685505515,0.03834803149385272,0.0002058047168659714,6.32803536316739e-05,5.160902661094012e-05,1.0,0,1.0,144.4093372821808,0.12563800549666274,341484.1088224895,54.09021406727829,0.0,34.61417031288147,144.4543743133545,62.53943729400635,2735.1019148309674,35.37130549297997,1452.0222434974908,0.0,1216.0,395.0188807420754,7874.474737415798,321.0,52412.0,0.9993178274428275,1.0,sustained_overload,contiguous
1779704033.3127034,78364,64,51004,43172,6.132859375895805e-05,77.87964258705925,138.7985804080963,144.34548830986023,0.0,77.91011612788917,0.03834803149385272,0.0002058047168659714,6.317560161863054e-05,5.160645154001669e-05,1.0,0,1.0,144.54414582252502,0.1254803544820014,378343.98228598514,54.15817193340129,0.0,34.61417031288147,144.58918285369873,62.53943729400635,2735.1019148309674,35.37130549297997,1452.0222434974908,64.0,0.0,482.165297792115,474.7473701337748,64.0,50940.0,0.9993182998614959,1.0,sustained_overload,contiguous
1779704033.450294,78425,64,51068,43108,4.309951569325676e-05,77.95118900673683,138.92735147476196,144.4779200553894,0.0,77.98719490146742,0.03834803149385272,0.0002058047168659714,6.317560161863054e-05,5.1572603396444064e-05,1.0,0,1.0,144.6817364692688,0.12532309861361324,371158.95017995243,54.226129799524294,0.0,34.61417031288147,144.7267735004425,62.53943729400635,2735.1019148309674,35.37130549297997,1452.0222434974908,64.0,0.0,443.3440894684949,465.14789714727334,64.0,51004.0,0.9993187716262976,1.0,sustained_overload,contiguous
1779704033.5835216,78481,64,51132,43044,4.073243745494892e-05,78.03159657474869,139.06006741523743,144.61428785324097,0.0,78.06494422170852,0.03834803149385272,0.0002058047168659714,6.317560161863054e-05,5.154616535024455e-05,1.0,0,1.0,144.81496405601501,0.12516623640772903,383794.3870994297,54.2940876656473,0.0,34.61417031288147,144.86000108718872,62.53943729400635,2735.1019148309674,35.37130549297997,1452.0222434974908,64.0,0.0,420.3333661419084,480.38098987646674,64.0,51068.0,0.9993192427385892,1.0,sustained_overload,contiguous
1779704033.7201798,78543,64,51196,42980,5.287551560684278e-05,78.1060404522705,139.1902551651001,144.7506501674652,0.0,78.13896091906733,0.03834803149385272,0.0002058047168659714,6.317560161863054e-05,5.156135607360747e-05,1.0,0,1.0,144.95162224769592,0.12500976638799907,374628.10952116764,54.3620455317703,0.0,34.61417031288147,144.99665927886963,62.53943729400635,2735.1019148309674,35.37130549297997,1452.0222434974908,64.0,0.0,453.68667064443304,468.3217245361889,64.0,51132.0,0.9993197131997236,1.0,sustained_overload,contiguous
1779704033.8579743,78604,64,51260,42916,5.410728125809783e-05,78.18183600571996,139.32193517684937,144.88738560676575,0.0,78.21478651001992,0.03834803149385272,0.0002058047168659714,6.317560161863054e-05,5.1587595370166964e-05,1.0,0,1.0,145.08941674232483,0.12485368708544675,372003.25120425224,54.4300033978933,0.0,34.61417031288147,145.13445377349854,62.53943729400635,2735.1019148309674,35.37130549297997,1452.0222434974908,64.0,0.0,442.68822324345274,464.4597752062455,64.0,51196.0,0.9993201830110497,1.0,sustained_overload,contiguous
1779704033.9930038,78661,64,51324,42852,4.021265625908654e-05,78.2590867721874,139.45143175125122,145.02161383628845,0.0,78.29517146806992,0.03834803149385272,0.0002058047168659714,6.317560161863054e-05,5.156947464637946e-05,1.0,0,1.0,145.2244462966919,0.12469799703842258,380094.5670047938,54.49796126401631,0.0,34.61417031288147,145.2694833278656,62.53943729400635,2735.1019148309674,35.37130549297997,1452.0222434974908,64.0,0.0,422.1298090420319,473.9703119068429,64.0,51260.0,0.9993206521739131,1.0,sustained_overload,contiguous
1779704034.1298747,78720,64,51388,42788,5.181595317083065e-05,78.33831724475485,139.5828881263733,145.15983867645264,0.0,78.3720761775566,0.03834803149385272,0.0002058047168659714,6.317560161863054e-05,5.1575523590087404e-05,1.0,0,1.0,145.36131715774536,0.12454269479255857,375448.7960730075,54.56591913013932,0.0,34.61417031288147,145.40635418891907,62.53943729400635,2735.1019148309674,35.37130549297997,1452.0222434974908,64.0,0.0,431.0632631802647,467.59404819554135,64.0,51324.0,0.9993211206896552,1.0,sustained_overload,contiguous
1779704034.2702973,78777,64,51452,42724,4.486520310820197e-05,78.4147719214318,139.71136164665222,145.29329800605774,0.0,78.4506189605444,0.03834803149385272,0.0002058047168659714,6.317560161863054e-05,5.155978382059027e-05,1.0,0,1.0,145.5017397403717,0.124387778900723,366408.30155439535,54.63387699626232,0.0,34.61417031288147,145.5467767715454,62.53943729400635,2735.1019148309674,35.37130549297997,1452.0222434974908,64.0,0.0,405.9176161976315,455.7671480113757,64.0,51388.0,0.9993215885596141,1.0,sustained_overload,contiguous
1779704034.407589,78841,64,51516,42660,4.510673443292035e-05,78.49155975956262,139.8464493751526,145.43407559394836,0.0,78.52757600300973,0.03834803149385272,0.0002058047168659714,6.317560161863054e-05,5.154387116015615e-05,1.0,0,1.0,145.63903141021729,0.12423324792297538,375230.3403254012,54.701834862385326,0.0,34.61417031288147,145.684068441391,62.53943729400635,2735.1019148309674,35.37130549297997,1452.0222434974908,64.0,0.0,466.16083897868,466.16083897868,64.0,51452.0,0.999322055785124,1.0,sustained_overload,contiguous
1779704034.5431805,78898,64,51580,42596,4.0308296888724726e-05,78.57062154406947,139.97887897491455,145.57017493247986,0.0,78.60352946021612,0.03834803149385272,0.0002058047168659714,6.317560161863054e-05,5.153693807306421e-05,1.0,0,1.0,145.7746229171753,0.1240791004265219,380407.3068969883,54.76979272850833,0.0,34.61417031288147,145.819659948349,62.53943729400635,2735.1019148309674,35.37130549297997,1452.0222434974908,64.0,0.0,420.3803120032635,472.0059643545415,64.0,51516.0,0.9993225223675155,1.0,sustained_overload,contiguous
1779704034.6779993,78960,64,51644,42532,6.217214064463406e-05,78.647154280779,140.11250615119934,145.70873165130615,0.0,78.6795580172921,0.03834803149385272,0.0002058047168659714,6.317560161863054e-05,5.171982567343113e-05,1.0,0,1.0,145.90944170951843,0.12392533498567114,383062.32463910617,54.83775059463133,0.0,34.61417031288147,145.95447874069214,62.53943729400635,2735.1019148309674,35.37130549297997,1452.0222434974908,64.0,0.0,459.87654185625786,474.7112690129114,64.0,51580.0,0.9993229883081155,1.0,sustained_overload,contiguous
1779704034.8122957,79018,64,51708,42468,4.304828125611948e-05,78.72161879333257,140.2411072254181,145.84123730659485,0.0,78.75483143989355,0.03834803149385272,0.0002058047168659714,6.317560161863054e-05,5.169906596487868e-05,1.0,0,1.0,146.04373812675476,0.12377195018179006,385028.886578611,54.90570846075433,0.0,34.61417031288147,146.08877515792847,62.53943729400635,2735.1019148309674,35.37130549297997,1452.0222434974908,64.0,0.0,431.88047152393125,476.55776168157934,64.0,51644.0,0.9993234536082474,1.0,sustained_overload,contiguous
1779704034.9504802,79078,64,51772,42404,5.0903328059348496e-05,78.79786395623954,140.37372303009033,145.97753643989563,0.0,78.83109002121816,0.03834803149385272,0.0002058047168659714,6.317560161863054e-05,5.169963865705144e-05,1.0,0,1.0,146.18192267417908,0.12361894460326045,374658.3895594802,54.973666326877336,0.0,34.61417031288147,146.22695970535278,62.53943729400635,2735.1019148309674,35.37130549297997,1452.0222434974908,64.0,0.0,434.20195035093894,463.1487470410015,64.0,51708.0,0.9993239182692307,1.0,sustained_overload,contiguous
1779704035.0849528,79140,64,51836,42340,4.8221421863559044e-05,78.87261315649263,140.50687837600708,146.11433959007263,0.0,78.90597080978725,0.03834803149385272,0.0002058047168659714,6.317560161863054e-05,5.168508946565828e-05,1.0,0,1.0,146.31639528274536,0.12346631684543562,385476.27321774623,55.04162419300034,0.0,34.61417031288147,146.36143231391907,62.53943729400635,2735.1019148309674,35.37130549297997,1452.0222434974908,64.0,0.0,461.0604394532808,475.93335685499954,64.0,51772.0,0.9993243822923816,1.0,sustained_overload,contiguous
1779704035.2209258,79201,64,51900,42276,8.687468752555105e-05,78.94786925377423,140.63848185539246,146.25066494941711,0.0,78.98103418971054,0.03834803149385272,0.0002058047168659714,6.317560161863054e-05,5.171199569723908e-05,1.0,0,1.0,146.45236825942993,0.12331406551059731,381693.489879224,55.10958205912334,0.0,34.61417031288147,146.49740529060364,62.53943729400635,2735.1019148309674,35.37130549297997,1452.0222434974908,64.0,0.0,448.61855265188177,470.68176015935137,64.0,51836.0,0.9993248456790124,1.0,sustained_overload,contiguous
1779704035.3581524,79262,64,51964,42212,5.0836140658816475e-05,79.02309949765561,140.77125215530396,146.386976480484,0.0,79.05537199030674,0.03834803149385272,0.0002058047168659714,6.317560161863054e-05,5.1709818298273084e-05,1.0,0,1.0,146.58959484100342,0.12316218920791318,378672.9903504352,55.17753992524634,0.0,34.61417031288147,146.63463187217712,62.53943729400635,2735.1019148309674,35.37130549297997,1452.0222434974908,64.0,0.0,444.52029118960337,466.3819448546658,64.0,51900.0,0.9993253084304318,1.0,sustained_overload,contiguous
1779704035.4924273,79319,64,52028,42148,4.094206251181731e-05,79.10088256014055,140.90246081352234,146.52187204360962,0.0,79.13376655316677,0.03834803149385272,0.0002058047168659714,6.317560161863054e-05,5.1689206083877874e-05,1.0,0,1.0,146.72386980056763,0.12301068655339432,387473.5853122392,55.245497791369345,0.0,34.61417031288147,146.76890683174133,62.53943729400635,2735.1019148309674,35.37130549297997,1452.0222434974908,64.0,0.0,424.50208277845843,476.63391750563756,64.0,51964.0,0.9993257705479452,1.0,sustained_overload,contiguous
1779704035.6500602,79379,64,51440,42736,4.824440620154746e-05,79.19484543564768,141.05512642860413,146.6756181716919,0.0,79.22949294527542,0.038378641399997894,0.00020467208119367392,6.317560161863054e-05,5.1684148293665096e-05,1.0,0,1.0,146.88150262832642,0.1244167962674961,346717.11963216163,54.621134896364254,0.0,34.61417031288147,146.92653965950012,50.91685628890991,2616.7945699206766,35.57975360912643,1463.4169989792751,0.0,588.0,380.6313751588118,3730.1874765563557,1346.0,53308.0,0.9993262320328542,1.0,sustained_overload,contiguous
1779704035.784415,79439,64,51504,42672,4.211471876658379e-05,79.27154271974081,141.18841290473938,146.81245827674866,0.0,79.3030631173595,0.038378641399997894,0.00020467208119367392,6.292140589351147e-05,5.166885854399708e-05,1.0,0,1.0,147.01585745811462,0.12426219322771047,383343.12269375805,54.689092762487256,0.0,34.61417031288147,147.06089448928833,50.91685628890991,2616.7945699206766,35.57975360912643,1463.4169989792751,64.0,0.0,446.5786611064283,476.35057184685684,64.0,51440.0,0.9993266928864569,1.0,sustained_overload,contiguous
1779704035.9177384,79500,64,51568,42608,4.183276557512272e-05,79.34327160808915,141.3174126148224,146.94531989097595,0.0,79.37645350460816,0.038378641399997894,0.00020467208119367392,6.292140589351147e-05,5.200391956921558e-05,1.0,0,1.0,147.14918088912964,0.12410797393732546,386788.72578813625,54.75705062861026,0.0,34.61417031288147,147.19421792030334,50.91685628890991,2616.7945699206766,35.57975360912643,1463.4169989792751,64.0,0.0,457.53397985332595,480.0356509936534,64.0,51504.0,0.9993271531100478,1.0,sustained_overload,contiguous
1779704036.0516233,79560,64,51632,42544,4.126875005283637e-05,79.41653724014031,141.44479608535767,147.07873582839966,0.0,79.44921598934025,0.038378641399997894,0.00020467208119367392,6.292140589351147e-05,5.173810004763096e-05,1.0,0,1.0,147.28306579589844,0.12395413696932135,385644.6648550273,54.82500849473326,0.0,34.61417031288147,147.32810282707214,50.91685628890991,2616.7945699206766,35.57975360912643,1463.4169989792751,64.0,0.0,448.1461088337008,478.0225160892808,64.0,51568.0,0.999327612704918,1.0,sustained_overload,contiguous
1779704036.1872287,79623,64,51696,42480,4.7301031287361184e-05,79.48877828007184,141.5746750831604,147.2141261100769,0.0,79.52193209847294,0.038378641399997894,0.00020467208119367392,6.292140589351147e-05,5.167115366305735e-05,1.0,0,1.0,147.41867113113403,0.12380068090374496,381223.9386465531,54.89296636085626,0.0,34.61417031288147,147.46370816230774,50.91685628890991,2616.7945699206766,35.57975360912643,1463.4169989792751,64.0,0.0,464.58349069043726,471.9578318125077,64.0,51632.0,0.9993280716723549,1.0,sustained_overload,contiguous
1779704036.3248768,79684,64,51760,42416,4.903268747113998e-05,79.56217863779173,141.70454597473145,147.34869194030762,0.0,79.59559850584985,0.038378641399997894,0.00020467208119367392,6.292140589351147e-05,5.16312517767757e-05,1.0,0,1.0,147.55631923675537,0.12364760432766615,376031.32833799266,54.960924226979266,0.0,34.61417031288147,147.60135626792908,50.91685628890991,2616.7945699206766,35.57975360912643,1463.4169989792751,64.0,0.0,443.1590229640176,464.9537290114283,64.0,51696.0,0.9993285300136425,1.0,sustained_overload,contiguous
1779704036.4608462,79745,64,51824,42352,4.085623430682972e-05,79.63825929060296,141.83699369430542,147.48595714569092,0.0,79.671372967944,0.038378641399997894,0.00020467208119367392,6.292140589351147e-05,5.158876198221387e-05,1.0,0,1.0,147.69228863716125,0.1234949058351343,381144.57992239133,55.02888209310227,0.0,34.61417031288147,147.73732566833496,50.91685628890991,2616.7945699206766,35.57975360912643,1463.4169989792751,64.0,0.0,448.6303522550531,470.69414007087533,64.0,51760.0,0.9993289877300614,1.0,sustained_overload,contiguous
1779704036.6206987,79807,64,50921,43255,5.582848429241949e-05,79.73479754740322,141.99197125434875,147.64449620246887,0.0,79.76734754407181,0.03839880939739854,0.00020410943387159662,6.292140589351147e-05,5.1606198736660036e-05,1.0,0,1.0,147.85214114189148,0.12568488442882111,331011.391340403,54.070039075773025,0.0,34.61417031288147,147.89717817306519,56.936447858810425,2560.514867432235,35.68444328682095,1468.7949297069856,0.0,903.0,387.85754470744405,5648.957465658419,577.0,52336.0,0.9993294448228883,1.0,sustained_overload,contiguous
1779704036.7578092,79872,64,50985,43191,5.726770308456253e-05,79.80728007430652,142.12435698509216,147.7821855545044,0.0,79.8413841505388,0.03839880939739854,0.00020410943387159662,6.279756319155252e-05,5.160230878286138e-05,1.0,0,1.0,147.98925161361694,0.12552711581837794,371853.4358344795,54.13799694189603,0.0,34.61417031288147,148.03428864479065,56.936447858810425,2560.514867432235,35.68444328682095,1468.7949297069856,64.0,0.0,474.070282028855,466.7768930745649,64.0,50921.0,0.9993299012933968,1.0,sustained_overload,contiguous
1779704036.8926058,79933,64,51049,43127,4.699195312696247e-05,79.88198965323616,142.2575101852417,147.918119430542,0.0,79.91522990016394,0.03839880939739854,0.00020410943387159662,6.279756319155252e-05,5.152609065020745e-05,1.0,0,1.0,148.12404823303223,0.12536974279613702,378711.27793440846,54.20595480801903,0.0,34.61417031288147,148.16908526420593,56.936447858810425,2560.514867432235,35.68444328682095,1468.7949297069856,64.0,0.0,452.53360406665985,474.7893550863316,64.0,50985.0,0.9993303571428571,1.0,sustained_overload,contiguous
1779704037.0354807,79996,64,51113,43063,5.6963874968118944e-05,79.95693271798234,142.38939666748047,148.0562973022461,0.0,79.99355556440953,0.03839880939739854,0.00020410943387159662,6.279756319155252e-05,5.1616904055198855e-05,1.0,0,1.0,148.2669231891632,0.1252127638761176,357746.39155893674,54.27391267414203,0.0,34.61417031288147,148.3119602203369,56.936447858810425,2560.514867432235,35.68444328682095,1468.7949297069856,64.0,0.0,440.9450172796161,447.94414453802267,64.0,51049.0,0.9993308123725357,1.0,sustained_overload,contiguous
1779704037.1927695,80056,64,49897,44279,4.553343755731021e-05,80.05679395836238,142.54423236846924,148.21599006652832,0.0,80.09116445559262,0.038417423524821116,0.00020356249188845042,6.279756319155252e-05,5.1592583305768125e-05,1.0,0,1.0,148.42421197891235,0.12826422430206225,328631.1763377327,52.982713217804964,0.0,34.61417031288147,148.46924901008606,63.336524963378906,2626.3524730398,35.819331490121236,1474.4415518695848,0.0,1216.0,381.4639307460623,7731.002329786863,321.0,51369.0,0.9993312669836957,1.0,sustained_overload,contiguous
1779704037.3320127,80114,64,49961,44215,4.688014054465839e-05,80.13460114225184,142.67540574073792,148.35208439826965,0.0,80.16772874790027,0.038417423524821116,0.00020356249188845042,6.267271543803967e-05,5.1565480835402045e-05,1.0,0,1.0,148.56345510482788,0.12809991793599007,358804.06785976014,53.050671083927966,0.0,34.61417031288147,148.6084921360016,63.336524963378906,2626.3524730398,35.819331490121236,1474.4415518695848,64.0,0.0,416.5376180594081,459.6277164793469,64.0,49897.0,0.9993317209775967,1.0,sustained_overload,contiguous
1779704037.4663942,80175,64,50025,44151,4.140723446255379e-05,80.21093272093509,142.80606412887573,148.48971223831177,0.0,80.24445234176736,0.038417423524821116,0.00020356249188845042,6.267271543803967e-05,5.147336002249163e-05,1.0,0,1.0,148.69783663749695,0.127936031984008,372260.97222148295,53.118628950050976,0.0,34.61417031288147,148.74287366867065,63.336524963378906,2626.3524730398,35.819331490121236,1474.4415518695848,64.0,0.0,453.93142040000924,476.25591648525557,64.0,49961.0,0.9993321743554953,1.0,sustained_overload,contiguous
1779704037.6011536,80231,64,50089,44087,4.0851078125569984e-05,80.28953176357139,142.9370949268341,148.62462377548218,0.0,80.32203773453533,0.038417423524821116,0.00020356249188845042,6.267271543803967e-05,5.144527337157181e-05,1.0,0,1.0,148.8325960636139,0.12777256483459443,371691.9954566524,53.18658681617398,0.0,34.61417031288147,148.8776330947876,63.336524963378906,2626.3524730398,35.819331490121236,1474.4415518695848,64.0,0.0,415.55534639486785,474.92039587984897,64.0,50025.0,0.999332627118644,1.0,sustained_overload,contiguous
1779704037.734537,80285,64,50153,44023,4.4504171810899606e-05,80.36911752888606,143.06754755973816,148.75853872299194,0.0,80.40362598239649,0.038417423524821116,0.00020356249188845042,6.267271543803967e-05,5.1431043573477674e-05,1.0,0,1.0,148.96597933769226,0.12760951488445357,376006.66460273485,53.25454468229698,0.0,34.61417031288147,149.01101636886597,63.336524963378906,2626.3524730398,35.819331490121236,1474.4415518695848,64.0,0.0,404.8483617838949,479.8202806327643,64.0,50089.0,0.9993330792682927,1.0,sustained_overload,contiguous
1779704037.868033,80339,64,50217,43959,4.064898431010988e-05,80.44821445944706,143.19512271881104,148.89198064804077,0.0,80.4815417044368,0.038417423524821116,0.00020356249188845042,6.267271543803967e-05,5.141933343215962e-05,1.0,0,1.0,149.09947538375854,0.12744688053846306,376168.4445325518,53.32250254841998,0.0,34.61417031288147,149.14451241493225,63.336524963378906,2626.3524730398,35.819331490121236,1474.4415518695848,64.0,0.0,404.5063624819841,479.414948126796,64.0,50153.0,0.9993335308056872,1.0,sustained_overload,contiguous
1779704038.0038216,80400,64,50281,43895,3.865381243883803e-05,80.52053817044771,143.3226294517517,149.0256519317627,0.0,80.55369723476046,0.038417423524821116,0.00020356249188845042,6.267271543803967e-05,5.139918525172853e-05,1.0,0,1.0,149.23526406288147,0.12728466020962192,370288.6008227707,53.390460414542986,0.0,34.61417031288147,149.28030109405518,63.336524963378906,2626.3524730398,35.819331490121236,1474.4415518695848,64.0,0.0,449.22743482009133,471.320587352227,64.0,50217.0,0.9993339817320703,1.0,sustained_overload,contiguous
1779704038.1596997,80457,64,50982,43194,4.255598430802365e-05,80.61952962728523,143.47544193267822,149.18184876441956,0.0,80.65190144313635,0.03843140337202284,0.00020299752553304035,6.267271543803967e-05,5.139573111596045e-05,1.0,0,1.0,149.39114212989807,0.12553450237338667,342690.9315876415,54.134811416921515,0.0,34.61417031288147,149.43617916107178,77.67905259132385,2405.2096127310742,36.02253401973873,1478.959843427165,701.0,0.0,365.6704313245641,4497.104778219639,1601.0,51817.0,0.9993344320486816,1.0,sustained_overload,contiguous
1779704038.31744,80517,64,50021,44155,5.015157815080329e-05,80.71518281260511,143.6291434764862,149.3375904560089,0.0,80.7489945577545,0.03844564163376924,0.00020243936799109203,6.267271543803967e-05,5.1399413975540974e-05,1.0,0,1.0,149.54888248443604,0.12794626256972072,330105.76242535264,53.11438158341828,0.0,34.61417031288147,149.59391951560974,0.00020456314086914062,4.009345794392523,35.84851310448946,1471.8344787043013,0.0,961.0,380.37191038238484,6092.2900979578635,577.0,51494.0,0.9993348817567568,1.0,sustained_overload,contiguous
1779704038.4590957,80581,64,50085,44091,5.530828119049147e-05,80.79125082956973,143.76606345176697,149.47809386253357,0.0,80.82611767700817,0.03844564163376924,0.00020243936799109203,6.258643870790974e-05,5.142360997636474e-05,1.0,0,1.0,149.6905381679535,0.12778276929220325,353568.587975703,53.18233944954128,0.0,34.61417031288147,149.7355751991272,0.00020456314086914062,4.009345794392523,35.84851310448946,1471.8344787043013,64.0,0.0,451.79973306269324,451.79973306269324,64.0,50021.0,0.9993353308575287,1.0,sustained_overload,contiguous
1779704038.5946212,80639,64,50149,44027,4.3044546913506565e-05,80.86820134048394,143.89777898788452,149.6134786605835,0.0,80.90210460495669,0.03844564163376924,0.00020243936799109203,6.258643870790974e-05,5.138435437744418e-05,1.0,0,1.0,149.8260636329651,0.1276196933139245,370033.7792289356,53.250297315664284,0.0,34.61417031288147,149.8711006641388,0.00020456314086914062,4.009345794392523,35.84851310448946,1471.8344787043013,64.0,0.0,427.9638516277147,472.23597420989205,64.0,50085.0,0.9993357793522267,1.0,sustained_overload,contiguous
1779704038.7299964,80699,64,50213,43963,3.7679234395682215e-05,80.9432470714485,144.02948546409607,149.74897003173828,0.0,80.9766279453582,0.03844564163376924,0.00020243936799109203,6.258643870790974e-05,5.1369124465458694e-05,1.0,0,1.0,149.96143889427185,0.1274570330392528,370917.1049074947,53.318255181787286,0.0,34.61417031288147,150.00647592544556,0.00020456314086914062,4.009345794392523,35.84851310448946,1471.8344787043013,64.0,0.0,443.2124408907988,472.75993695018536,64.0,50149.0,0.9993362272420768,1.0,sustained_overload,contiguous
1779704038.8675914,80759,64,50277,43899,4.795571867077797e-05,81.0205184082536,144.16342902183533,149.88670563697815,0.0,81.05420709701062,0.03844564163376924,0.00020243936799109203,6.258643870790974e-05,5.1404304137250735e-05,1.0,0,1.0,150.09903383255005,0.12729478688068102,365398.615887648,53.38621304791029,0.0,34.61417031288147,150.14407086372375,0.00020456314086914062,4.009345794392523,35.84851310448946,1471.8344787043013,64.0,0.0,436.0625525241936,465.13338935913987,64.0,50213.0,0.9993366745283019,1.0,sustained_overload,contiguous
1779704039.0056446,80816,64,50341,43835,4.648453125355445e-05,81.1004340466442,144.29581832885742,150.02409744262695,0.0,81.13465105631411,0.03844564163376924,0.00020243936799109203,6.258643870790974e-05,5.141461148429877e-05,1.0,0,1.0,150.23708701133728,0.12713295325877516,364649.3361633194,53.45417091403329,0.0,34.61417031288147,150.282124042511,0.00020456314086914062,4.009345794392523,35.84851310448946,1471.8344787043013,64.0,0.0,412.88437181043696,463.5894701029468,64.0,50277.0,0.9993371212121213,1.0,sustained_overload,contiguous
1779704039.1395397,80874,64,50405,43771,4.450931254496027e-05,81.1773973117056,144.42682123184204,150.15954756736755,0.0,81.21048360795429,0.03844564163376924,0.00020243936799109203,6.258643870790974e-05,5.1391794850242425e-05,1.0,0,1.0,150.37098217010498,0.12697153060212282,376451.25084357645,53.52212878015631,0.0,34.61417031288147,150.4160192012787,0.00020456314086914062,4.009345794392523,35.84851310448946,1471.8344787043013,64.0,0.0,433.17473562002647,477.98591516692574,64.0,50341.0,0.999337567294751,1.0,sustained_overload,contiguous
1779704039.27535,80937,64,50469,43707,5.139515629082325e-05,81.2508604930118,144.56007957458496,150.29651355743408,0.0,81.28362934940846,0.03844564163376924,0.00020243936799109203,6.258643870790974e-05,5.1444940216829933e-05,1.0,0,1.0,150.5067925453186,0.1268105173472825,371613.7292207222,53.59008664627931,0.0,34.61417031288147,150.5518295764923,0.00020456314086914062,4.009345794392523,35.84851310448946,1471.8344787043013,64.0,0.0,463.88208486210345,471.2452925583273,64.0,50405.0,0.9993380127774042,1.0,sustained_overload,contiguous
1779704039.41643,80999,64,50533,43643,5.156993751143091e-05,81.32321606573032,144.69126915931702,150.4313724040985,0.0,81.35837946518815,0.03844564163376924,0.00020243936799109203,6.258643870790974e-05,5.142991110762768e-05,1.0,0,1.0,150.64787244796753,0.12664991193873312,358187.09150764195,53.65804451240231,0.0,34.61417031288147,150.69290947914124,0.00020456314086914062,4.009345794392523,35.84851310448946,1471.8344787043013,64.0,0.0,439.46727234626485,453.6436359703379,64.0,50469.0,0.9993384576612904,1.0,sustained_overload,contiguous
1779704039.5522907,81057,64,50597,43579,4.4715437411468884e-05,81.40449634605086,144.82761979103088,150.5711829662323,0.0,81.43796150865866,0.03844564163376924,0.00020243936799109203,6.258643870790974e-05,5.1449676890063526e-05,1.0,0,1.0,150.78373312950134,0.12648971282882385,372418.2701630806,53.726002378525315,0.0,34.61417031288147,150.82877016067505,0.00020456314086914062,4.009345794392523,35.84851310448946,1471.8344787043013,64.0,0.0,426.90791290903957,471.070800451354,64.0,50533.0,0.9993389019476159,1.0,sustained_overload,contiguous
1779704039.7103634,81120,64,49973,44203,4.258087500375041e-05,81.49861715710279,144.98279070854187,150.7286458015442,0.0,81.53275432663061,0.038456750266692215,0.00020189057378207936,6.258643870790974e-05,5.143344879126264e-05,1.0,0,1.0,150.94180583953857,0.12806915734496627,323737.0953401558,53.06341318382602,0.0,34.61417031288147,150.98684287071228,82.80649399757385,1799.7600987394337,36.0742726280139,1473.4110441852392,0.0,624.0,398.5507680937549,3947.5504649286204,321.0,50853.0,0.9993393456375839,1.0,sustained_overload,contiguous
1779704039.8455524,81177,64,50037,44139,4.873071875977075e-05,81.57682980611051,145.11477828025818,150.86441135406494,0.0,81.61016968481596,0.038456750266692215,0.00020189057378207936,6.248639977496603e-05,5.144656210962411e-05,1.0,0,1.0,151.07699489593506,0.12790535004096967,370126.11326504697,53.131371049949024,0.0,34.61417031288147,151.12203192710876,82.80649399757385,1799.7600987394337,36.0742726280139,1473.4110441852392,64.0,0.0,421.63176161855586,473.41110076469425,64.0,49973.0,0.9993397887323944,1.0,sustained_overload,contiguous
1779704039.9816904,81231,64,50101,44075,4.132410936108499e-05,81.65760655034143,145.24554753303528,150.99974822998047,0.0,81.69168483282543,0.038456750266692215,0.00020189057378207936,6.248639977496603e-05,5.135073291693702e-05,1.0,0,1.0,151.21313285827637,0.12774196123829865,368016.3794018956,53.199328916072034,0.0,34.61417031288147,151.25816988945007,82.80649399757385,1799.7600987394337,36.0742726280139,1473.4110441852392,64.0,0.0,396.6564437376971,470.11134072615954,64.0,50037.0,0.999340231233244,1.0,sustained_overload,contiguous
1779704040.117808,81291,64,50165,44011,4.495818751593106e-05,81.73351358148429,145.3785388469696,151.1362476348877,0.0,81.76680851063922,0.038456750266692215,0.00020189057378207936,6.248639977496603e-05,5.135801862249273e-05,1.0,0,1.0,151.34925055503845,0.12757898933519388,368541.35203067336,53.267286782195036,0.0,34.61417031288147,151.39428758621216,82.80649399757385,1799.7600987394337,36.0742726280139,1473.4110441852392,64.0,0.0,440.794998940305,470.181332202992,64.0,50101.0,0.9993406731413262,1.0,sustained_overload,contiguous
1779704040.2548738,81352,64,50229,43947,4.858401563012649e-05,81.8093919114051,145.50962615013123,151.27373433113098,0.0,81.84267739074919,0.038456750266692215,0.00020189057378207936,6.248639977496603e-05,5.1385011127981034e-05,1.0,0,1.0,151.48631620407104,0.1274164327380597,366459.4327938145,53.335244648318046,0.0,34.61417031288147,151.53135323524475,82.80649399757385,1799.7600987394337,36.0742726280139,1473.4110441852392,64.0,0.0,445.0422146652867,466.92953669800573,64.0,50165.0,0.9993411144578314,1.0,sustained_overload,contiguous
1779704040.3891492,81409,64,50293,43883,4.1691906247365296e-05,81.88551508182279,145.6397683620453,151.40745329856873,0.0,81.91968320751828,0.038456750266692215,0.00020189057378207936,6.248639977496603e-05,5.137923583576619e-05,1.0,0,1.0,151.6205916404724,0.12725428986141213,374551.00759953976,53.40320251444105,0.0,34.61417031288147,151.66562867164612,82.80649399757385,1799.7600987394337,36.0742726280139,1473.4110441852392,64.0,0.0,424.5005752922627,476.6322248895581,64.0,50229.0,0.9993415551839465,1.0,sustained_overload,contiguous
1779704040.527372,81467,64,50357,43819,4.8330406258401126e-05,81.96371071744588,145.77425909042358,151.54427313804626,0.0,81.9987036423963,0.038456750266692215,0.00020189057378207936,6.248639977496603e-05,5.137856040197611e-05,1.0,0,1.0,151.75881433486938,0.1270925591278273,364317.8873027591,53.47116038056405,0.0,34.61417031288147,151.8038513660431,82.80649399757385,1799.7600987394337,36.0742726280139,1473.4110441852392,64.0,0.0,419.61271448974384,463.02092633351043,64.0,50293.0,0.9993419953208557,1.0,sustained_overload,contiguous
1779704040.6873338,81526,64,49553,44623,5.345964063963038e-05,82.06484355422448,145.93244695663452,151.70463013648987,0.0,82.09892536153957,0.038474912608499494,0.00020134929335597672,6.248639977496603e-05,5.1393815318666626e-05,1.0,0,1.0,151.91877627372742,0.12915464250398564,321614.0062271865,52.61743968739382,0.0,34.61417031288147,151.96381330490112,45.91168689727783,2934.065840756104,36.121341595809426,1480.3998231162004,0.0,804.0,368.8377399098861,5026.195642161838,577.0,50869.0,0.9993424348697395,1.0,sustained_overload,contiguous
1779704040.8221307,81580,64,49617,44559,4.0016593686686974e-05,82.14437415409823,146.0630283355713,151.83880615234375,0.0,82.17727864969498,0.038474912608499494,0.00020134929335597672,6.236555256368794e-05,5.137432375538352e-05,1.0,0,1.0,152.05357313156128,0.1289880484511357,368087.21506812243,52.68539755351682,0.0,34.61417031288147,152.09861016273499,45.91168689727783,2934.065840756104,36.121341595809426,1480.3998231162004,64.0,0.0,400.6028097966143,474.78851531450584,64.0,49553.0,0.9993428738317757,1.0,sustained_overload,contiguous
1779704040.9591696,81643,64,49681,44495,4.611759371186963e-05,82.2168136719434,146.1952667236328,151.97494435310364,0.0,82.25180980089104,0.038474912608499494,0.00020134929335597672,6.236555256368794e-05,5.1327452908607535e-05,1.0,0,1.0,152.190612077713,0.12882188361747954,362531.9764572021,52.753355419639824,0.0,34.61417031288147,152.23564910888672,45.91168689727783,2934.065840756104,36.121341595809426,1480.3998231162004,64.0,0.0,459.72332515053506,467.02052078784516,64.0,49617.0,0.9993433122081388,1.0,sustained_overload,contiguous
1779704041.0978308,81703,64,49745,44431,5.986189061957248e-05,82.2958006979146,146.330180644989,152.11464142799377,0.0,82.33093252978868,0.038474912608499494,0.00020134929335597672,6.236555256368794e-05,5.1369298412235476e-05,1.0,0,1.0,152.32927322387695,0.12865614634636646,358752.2631695688,52.82131328576283,0.0,34.61417031288147,152.37431025505066,45.91168689727783,2934.065840756104,36.121341595809426,1480.3998231162004,64.0,0.0,432.7095344290708,461.5568367243422,64.0,49681.0,0.99934375,1.0,sustained_overload,contiguous
1779704041.233521,81758,64,49809,44367,4.0537046913868835e-05,82.37478974680447,146.4613127708435,152.24931693077087,0.0,82.40858297585636,0.038474912608499494,0.00020134929335597672,6.236555256368794e-05,5.134014605624348e-05,1.0,0,1.0,152.4649634361267,0.1284908349896605,367078.7979041548,52.88927115188583,0.0,34.61417031288147,152.51000046730042,45.91168689727783,2934.065840756104,36.121341595809426,1480.3998231162004,64.0,0.0,405.33505761465824,471.6626124970569,64.0,49745.0,0.9993441872085277,1.0,sustained_overload,contiguous
1779704041.3696845,81816,64,49873,44303,3.992109374451047e-05,82.45255381439262,146.59414839744568,152.38580060005188,0.0,82.48636977377657,0.038474912608499494,0.00020134929335597672,6.236555256368794e-05,5.131504115150528e-05,1.0,0,1.0,152.60112690925598,0.1283259479076855,366272.97214026697,52.95722901800883,0.0,34.61417031288147,152.6461639404297,45.91168689727783,2934.065840756104,36.121341595809426,1480.3998231162004,64.0,0.0,425.95858248221447,470.02326342865047,64.0,49809.0,0.9993446238348869,1.0,sustained_overload,contiguous
1779704041.5101619,81873,64,49937,44239,4.9106140593835335e-05,82.53087485704388,146.72309637069702,152.52184867858887,0.0,82.56745966910526,0.038474912608499494,0.00020134929335597672,6.236555256368794e-05,5.1304850253379004e-05,1.0,0,1.0,152.74160432815552,0.12816148346917114,355480.6202391358,53.025186884131834,0.0,34.61417031288147,152.78664135932922,45.91168689727783,2934.065840756104,36.121341595809426,1480.3998231162004,64.0,0.0,405.75916361877444,455.5892363438871,64.0,49873.0,0.9993450598802395,1.0,sustained_overload,contiguous
1779704041.648385,81933,64,50001,44175,4.6684781267458675e-05,82.61164108142421,146.8610339164734,152.66339230537415,0.0,82.64679541851854,0.038474912608499494,0.00020134929335597672,6.236555256368794e-05,5.1295663382775324e-05,1.0,0,1.0,152.87982749938965,0.12799744005119898,361741.0854747736,53.09314475025484,0.0,34.61417031288147,152.92486453056335,45.91168689727783,2934.065840756104,36.121341595809426,1480.3998231162004,64.0,0.0,434.0806209573092,463.0193290211298,64.0,49937.0,0.9993454953457447,1.0,sustained_overload,contiguous
1779704041.785198,81991,64,50065,44111,4.2816359353992084e-05,82.69019444205239,146.99472522735596,152.80071234703064,0.0,82.72563110504184,0.038474912608499494,0.00020134929335597672,6.236555256368794e-05,5.1289192104401474e-05,1.0,0,1.0,153.0166404247284,0.12783381603914912,365937.6471633832,53.16110261637784,0.0,34.61417031288147,153.0616774559021,45.91168689727783,2934.065840756104,36.121341595809426,1480.3998231162004,64.0,0.0,423.936553190377,467.7920586928298,64.0,50001.0,0.9993459302325581,1.0,sustained_overload,contiguous
1779704041.9430861,82046,64,51119,43057,5.3583390624112326e-05,82.7919709669866,147.14978456497192,152.95926475524902,0.0,82.8253718961262,0.038487479634528615,0.0002008163145858876,6.236555256368794e-05,5.12889259961649e-05,1.0,0,1.0,153.1745285987854,0.12519806725483673,336960.00550865184,54.28028372409106,0.0,34.61417031288147,153.2195656299591,37.99491095542908,2839.9835090606366,36.130263354664756,1486.8740311445072,1054.0,0.0,348.34781216826156,6675.610800460867,1601.0,51601.0,0.9993463645418327,1.0,sustained_overload,contiguous
1779704042.1059537,82107,64,49902,44274,6.787450003287177e-05,82.89100126017266,147.30804586410522,153.12005996704102,0.0,82.92690810908121,0.03851213975386186,0.00020027680830522017,6.236555256368794e-05,5.132317999845984e-05,1.0,0,1.0,153.33739614486694,0.12825137269047332,317411.30288852844,52.98802242609582,0.0,34.61417031288147,153.38243317604065,0.00023794174194335938,4.301724137931035,35.95903100673621,1479.8476221065614,0.0,1217.0,374.53747826137874,7472.329689247507,321.0,51375.0,0.999346798274718,1.0,sustained_overload,contiguous
1779704042.245282,82168,64,49966,44210,5.143764057891076e-05,82.96835113662837,147.44327688217163,153.25927591323853,0.0,83.00245918675624,0.03851213975386186,0.00020027680830522017,6.226218979934166e-05,5.1326444840503405e-05,1.0,0,1.0,153.4767243862152,0.1280870992274747,358620.7614226922,53.05598029221883,0.0,34.61417031288147,153.52176141738892,0.00023794174194335938,4.301724137931035,35.95903100673621,1479.8476221065614,64.0,0.0,437.81504316503674,459.34693053380903,64.0,49902.0,0.9993472314323607,1.0,sustained_overload,contiguous
1779704042.3821676,82227,64,50030,44146,5.333562501164124e-05,83.04666449464118,147.57781195640564,153.3974494934082,0.0,83.08091864618298,0.03851213975386186,0.00020027680830522017,6.226218979934166e-05,5.139449166809774e-05,1.0,0,1.0,153.61361002922058,0.12792324605236857,365487.56247605116,53.12393815834183,0.0,34.61417031288147,153.6586470603943,0.00023794174194335938,4.301724137931035,35.95903100673621,1479.8476221065614,64.0,0.0,431.01671369352425,467.54355383704325,64.0,49966.0,0.9993476640159046,1.0,sustained_overload,contiguous
1779704042.5251522,82289,64,50094,44082,5.237606247021631e-05,83.12400241165186,147.71333169937134,153.53768706321716,0.0,83.16124525486055,0.03851213975386186,0.00020027680830522017,6.226218979934166e-05,5.140271161721128e-05,1.0,0,1.0,153.75659465789795,0.12775981155427796,350345.35154847003,53.19189602446484,0.0,34.61417031288147,153.80163168907166,0.00023794174194335938,4.301724137931035,35.95903100673621,1479.8476221065614,64.0,0.0,433.61304339851364,447.60056092749795,64.0,50030.0,0.9993480960264901,1.0,sustained_overload,contiguous
1779704042.6604545,82347,64,50158,44018,4.6407843768747625e-05,83.2035042412709,147.84767246246338,153.67606806755066,0.0,83.23828963745926,0.03851213975386186,0.00020027680830522017,6.226218979934166e-05,5.1368184197071414e-05,1.0,0,1.0,153.8918969631195,0.12759679413054748,370710.60923807794,53.25985389058784,0.0,34.61417031288147,153.9369339942932,0.00023794174194335938,4.301724137931035,35.95903100673621,1479.8476221065614,64.0,0.0,428.6697104312078,473.0148528896086,64.0,50094.0,0.9993485274652548,1.0,sustained_overload,contiguous
1779704042.7978358,82404,64,50222,43954,4.393431247251556e-05,83.28171833867592,147.97933626174927,153.81216025352478,0.0,83.31604028669949,0.03851213975386186,0.00020027680830522017,6.226218979934166e-05,5.136257527786329e-05,1.0,0,1.0,154.02927827835083,0.1274341921866911,365566.45214406325,53.327811756710844,0.0,34.61417031288147,154.07431530952454,0.00023794174194335938,4.301724137931035,35.95903100673621,1479.8476221065614,64.0,0.0,414.9035835333441,465.8566551953337,64.0,50158.0,0.9993489583333334,1.0,sustained_overload,contiguous
1779704042.93718,82468,64,50286,43890,5.3542671949458054e-05,83.35610963428545,148.113774061203,153.95150327682495,0.0,83.39045256786913,0.03851213975386186,0.00020027680830522017,6.226218979934166e-05,5.136636969770246e-05,1.0,0,1.0,154.1686224937439,0.12727200413634013,360876.1214676312,53.395769622833846,0.0,34.61417031288147,154.2136595249176,0.00023794174194335938,4.301724137931035,35.95903100673621,1479.8476221065614,64.0,0.0,459.29427224134747,459.29427224134747,64.0,50222.0,0.9993493886318572,1.0,sustained_overload,contiguous
1779704043.0779388,82530,64,50350,43826,4.349987503360353e-05,83.43047045201007,148.24634528160095,154.08880138397217,0.0,83.46724325513627,0.03851213975386186,0.00020027680830522017,6.226218979934166e-05,5.1350590399855674e-05,1.0,0,1.0,154.30938124656677,0.12711022840119166,357704.22080506786,53.46372748895685,0.0,34.61417031288147,154.35441827774048,0.00023794174194335938,4.301724137931035,35.95903100673621,1479.8476221065614,64.0,0.0,440.46994418896145,454.6786520660247,64.0,50286.0,0.9993498183619551,1.0,sustained_overload,contiguous
1779704043.2160301,82589,64,50414,43762,5.069843753346959e-05,83.51288309389501,148.38494324684143,154.23115873336792,0.0,83.54757982321766,0.03851213975386186,0.00020027680830522017,6.226218979934166e-05,5.136340342454956e-05,1.0,0,1.0,154.44747257232666,0.1269488634109573,365077.2394470275,53.53168535507985,0.0,34.61417031288147,154.49250960350037,0.00023794174194335938,4.301724137931035,35.95903100673621,1479.8476221065614,64.0,0.0,427.2534837024363,463.4614060501004,64.0,50350.0,0.9993502475247524,1.0,sustained_overload,contiguous
1779704043.3529944,82648,64,50478,43698,5.5204859336299705e-05,83.59100402438166,148.51822066307068,154.36922335624695,0.0,83.6249640054042,0.03851213975386186,0.00020027680830522017,6.226218979934166e-05,5.139194524656105e-05,1.0,0,1.0,154.58443689346313,0.12678790760331232,368548.53571465873,53.599643221202854,0.0,34.61417031288147,154.62947392463684,0.00023794174194335938,4.301724137931035,35.95903100673621,1479.8476221065614,64.0,0.0,430.7691193621947,467.2749769352621,64.0,50414.0,0.9993506761213721,1.0,sustained_overload,contiguous
1779704043.4896905,82705,64,50542,43634,4.137631249534479e-05,83.66857722560076,148.6501362323761,154.50472784042358,0.0,83.70177746800508,0.03851213975386186,0.00020027680830522017,6.226218979934166e-05,5.138105300721233e-05,1.0,0,1.0,154.72113299369812,0.1266273594238455,369739.8822140247,53.667601087325856,0.0,34.61417031288147,154.76617002487183,0.00023794174194335938,4.301724137931035,35.95903100673621,1479.8476221065614,64.0,0.0,416.98336603615627,468.1918495844561,64.0,50478.0,0.9993511041529334,1.0,sustained_overload,contiguous
1779704043.631444,82772,64,50606,43570,5.7435453271637016e-05,83.74113503012254,148.78711652755737,154.64532709121704,0.0,83.77532658492049,0.03851213975386186,0.00020027680830522017,6.226218979934166e-05,5.1414082163157726e-05,1.0,0,1.0,154.862886428833,0.12646721732600877,357000.1668872791,53.73555895344886,0.0,34.61417031288147,154.9079234600067,0.00023794174194335938,4.301724137931035,35.95903100673621,1479.8476221065614,64.0,0.0,472.6516852042781,451.48817691154926,64.0,50542.0,0.9993515316205533,1.0,sustained_overload,contiguous
1779704043.7700508,82831,64,50670,43506,4.9831624949092657e-05,83.82049508773902,148.92283010482788,154.78466606140137,0.0,83.85530024757527,0.03851213975386186,0.00020027680830522017,6.226218979934166e-05,5.1416213660906706e-05,1.0,0,1.0,155.0014932155609,0.12630747977106768,365566.51514812704,53.80351681957186,0.0,34.61417031288147,155.04653024673462,0.00023794174194335938,4.301724137931035,35.95903100673621,1479.8476221065614,64.0,0.0,425.66458246969603,461.7378521705177,64.0,50606.0,0.9993519585253456,1.0,sustained_overload,contiguous
1779704043.9060984,82889,64,50734,43442,4.449373435022608e-05,83.89817796467439,149.0547239780426,154.92132210731506,0.0,83.93185182630235,0.03851213975386186,0.00020027680830522017,6.226218979934166e-05,5.140847070806452e-05,1.0,0,1.0,155.13754081726074,0.12614814522805218,372913.5932284775,53.871474685694864,0.0,34.61417031288147,155.18257784843445,0.00023794174194335938,4.301724137931035,35.95903100673621,1479.8476221065614,64.0,0.0,426.3213704271632,470.4235811610077,64.0,50670.0,0.999352384868421,1.0,sustained_overload,contiguous
1779704044.0453558,82947,64,50798,43378,4.9827843696448326e-05,83.97832166298302,149.18919444084167,155.060462474823,0.0,84.01203854449142,0.03851213975386186,0.00020027680830522017,6.226218979934166e-05,5.140641053803004e-05,1.0,0,1.0,155.27679824829102,0.12598921217370762,364777.6612291299,53.939432551817866,0.0,34.61417031288147,155.32183527946472,0.00023794174194335938,4.301724137931035,35.95903100673621,1479.8476221065614,64.0,0.0,416.4948295462328,459.58050156825686,64.0,50734.0,0.9993528106508875,1.0,sustained_overload,contiguous
1779704044.1837733,83010,64,50862,43314,5.2377453130247886e-05,84.05282360431762,149.3229820728302,155.19901585578918,0.0,84.08813483087673,0.03851213975386186,0.00020027680830522017,6.226218979934166e-05,5.1420043497106964e-05,1.0,0,1.0,155.41521573066711,0.12583067909244622,367453.5840913593,54.00739041794088,0.0,34.61417031288147,155.46025276184082,0.00023794174194335938,4.301724137931035,35.95903100673621,1479.8476221065614,64.0,0.0,455.1448192708827,462.3693402116903,64.0,50798.0,0.9993532358738502,1.0,sustained_overload,contiguous
1779704044.3211973,83067,64,50926,43250,4.654257813285767e-05,84.13160569577532,149.45623517036438,155.33579921722412,0.0,84.16561841549661,0.03851213975386186,0.00020027680830522017,6.226218979934166e-05,5.14156434386003e-05,1.0,0,1.0,155.5526397228241,0.12567254447629894,370575.7575564107,54.075348284063885,0.0,34.61417031288147,155.5976767539978,0.00023794174194335938,4.301724137931035,35.95903100673621,1479.8476221065614,64.0,0.0,414.77473551261454,465.7119837334619,64.0,50862.0,0.999353660538411,1.0,sustained_overload,contiguous
1779704044.4584346,83126,64,50990,43186,4.9963828089971685e-05,84.20929380532408,149.59033823013306,155.47352290153503,0.0,84.24372767790088,0.03851213975386186,0.00020027680830522017,6.226218979934166e-05,5.142635716421267e-05,1.0,0,1.0,155.68987703323364,0.12551480682486763,371546.19139529025,54.14330615018689,0.0,34.61417031288147,155.73491406440735,0.00023794174194335938,4.301724137931035,35.95903100673621,1479.8476221065614,64.0,0.0,429.9122434265959,466.3454843949515,64.0,50926.0,0.9993540846456693,1.0,sustained_overload,contiguous
1779704044.600126,83188,64,51054,43122,5.21660781060973e-05,84.28550387270667,149.7259805202484,155.61281657218933,0.0,84.32105115482315,0.03851213975386186,0.00020027680830522017,6.226218979934166e-05,5.143660650697884e-05,1.0,0,1.0,155.83156847953796,0.12535746464527756,360318.151388952,54.21126401630989,0.0,34.61417031288147,155.87660551071167,0.00023794174194335938,4.301724137931035,35.95903100673621,1479.8476221065614,64.0,0.0,437.570521136738,451.68569923792313,64.0,50990.0,0.9993545081967213,1.0,sustained_overload,contiguous
1779704044.7400935,83248,64,51118,43058,5.662707805242917e-05,84.36587024280546,149.86373686790466,155.7542643547058,0.0,84.40090512660497,0.03851213975386186,0.00020027680830522017,6.226218979934166e-05,5.1438256121860995e-05,1.0,0,1.0,155.9715359210968,0.12520051645213037,365213.50558880944,54.27922188243289,0.0,34.61417031288147,156.0165729522705,0.00023794174194335938,4.301724137931035,35.95903100673621,1479.8476221065614,64.0,0.0,428.67112045323694,457.2491951501194,64.0,51054.0,0.9993549311926605,1.0,sustained_overload,contiguous
1779704044.876682,83305,64,51182,42994,3.7902125015421007e-05,84.44537139160835,149.99464988708496,155.8918170928955,0.0,84.47987849395041,0.03851213975386186,0.00020027680830522017,6.226218979934166e-05,5.142209910819957e-05,1.0,0,1.0,156.1081244945526,0.1250439607674573,374716.5572130272,54.347179748555895,0.0,34.61417031288147,156.15316152572632,0.00023794174194335938,4.301724137931035,35.95903100673621,1479.8476221065614,64.0,0.0,417.31162832914987,468.56042479062444,64.0,51118.0,0.9993553536345776,1.0,sustained_overload,contiguous
1779704045.0142052,83360,64,51246,42930,3.963354690483811e-05,84.52524764009148,150.12803506851196,156.02773308753967,0.0,84.56077485496151,0.03851213975386186,0.00020027680830522017,6.226218979934166e-05,5.141628686912144e-05,1.0,0,1.0,156.2456476688385,0.12488779612067284,372635.3777543541,54.4151376146789,0.0,34.61417031288147,156.2906847000122,0.00023794174194335938,4.301724137931035,35.95903100673621,1479.8476221065614,64.0,0.0,399.93259525600973,465.3761108433568,64.0,51182.0,0.9993557755235603,1.0,sustained_overload,contiguous
1779704045.1532605,83421,64,51310,42866,4.584504677040968e-05,84.6027384693349,150.26419639587402,156.1673572063446,0.0,84.63879479385476,0.03851213975386186,0.00020027680830522017,6.226218979934166e-05,5.141889449661115e-05,1.0,0,1.0,156.3847029209137,0.12473202104852855,368990.0182429189,54.4830954808019,0.0,34.61417031288147,156.4297399520874,0.00023794174194335938,4.301724137931035,35.95903100673621,1479.8476221065614,64.0,0.0,438.67454907070845,460.24870722172693,64.0,51246.0,0.9993561968606932,1.0,sustained_overload,contiguous
1779704045.2937143,83478,64,51374,42802,5.697764063938848e-05,84.6851948863842,150.40118074417114,156.30791783332825,0.0,84.72028746189385,0.03851213975386186,0.00020027680830522017,6.226218979934166e-05,5.142681438184823e-05,1.0,0,1.0,156.5251567363739,0.12457663409506754,365771.48033800366,54.5510533469249,0.0,34.61417031288147,156.5701937675476,0.00023794174194335938,4.301724137931035,35.95903100673621,1479.8476221065614,64.0,0.0,405.82735195363824,455.66579868478675,64.0,51310.0,0.9993566176470589,1.0,sustained_overload,contiguous
1779704045.432002,83533,64,51438,42738,4.6097937470790384e-05,84.76662741710709,150.5349600315094,156.44543933868408,0.0,84.80107599582891,0.03851213975386186,0.00020027680830522017,6.226218979934166e-05,5.1438950393048864e-05,1.0,0,1.0,156.66344451904297,0.124421633811579,371963.4446890716,54.619011213047905,0.0,34.61417031288147,156.70848155021667,0.00023794174194335938,4.301724137931035,35.95903100673621,1479.8476221065614,64.0,0.0,397.7213238831008,462.8029950639718,64.0,51374.0,0.9993570378837361,1.0,sustained_overload,contiguous
1779704045.5718946,83594,64,51502,42674,4.4408437545939705e-05,84.84247516442684,150.6692817211151,156.5834605693817,0.0,84.87800570175247,0.03851213975386186,0.00020027680830522017,6.226218979934166e-05,5.143669433119958e-05,1.0,0,1.0,156.80333709716797,0.12426701875655315,368153.9127399651,54.68696907917091,0.0,34.61417031288147,156.84837412834167,0.00023794174194335938,4.301724137931035,35.95903100673621,1479.8476221065614,64.0,0.0,436.04886561954623,457.4938917975567,64.0,51438.0,0.9993574575718016,1.0,sustained_overload,contiguous
1779704045.709235,83656,64,51566,42610,4.562673441910192e-05,84.91987737022413,150.80399799346924,156.72406673431396,0.0,84.95558763557317,0.03851213975386186,0.00020027680830522017,6.226218979934166e-05,5.143501510131099e-05,1.0,0,1.0,156.9406774044037,0.12411278749563666,375461.51627210976,54.75492694529392,0.0,34.61417031288147,156.9857144355774,0.00023794174194335938,4.301724137931035,35.95903100673621,1479.8476221065614,64.0,0.0,451.43338651186446,465.9957538186988,64.0,51502.0,0.9993578767123288,1.0,sustained_overload,contiguous
1779704045.8471587,83714,64,51630,42546,4.566895313473651e-05,84.99800466827749,150.93772506713867,156.8613522052765,0.0,85.03211956452498,0.03851213975386186,0.00020027680830522017,6.226218979934166e-05,5.1425043952156886e-05,1.0,0,1.0,157.07860112190247,0.12395893860158821,374337.35789826687,54.82288481141692,0.0,34.61417031288147,157.12363815307617,0.00023794174194335938,4.301724137931035,35.95903100673621,1479.8476221065614,64.0,0.0,420.5223079236777,464.0246156399202,64.0,51566.0,0.9993582953063885,1.0,sustained_overload,contiguous
1779704045.9849346,83770,64,51694,42482,4.528157808181277e-05,85.07941081727719,151.0738492012024,156.99990820884705,0.0,85.11291573276296,0.03851213975386186,0.00020027680830522017,6.226218979934166e-05,5.142577477944806e-05,1.0,0,1.0,157.2163770198822,0.12380547065423454,375203.50625914993,54.89084267753993,0.0,34.61417031288147,157.2614140510559,0.00023794174194335938,4.301724137931035,35.95903100673621,1479.8476221065614,64.0,0.0,406.45715848091453,464.5224668353309,64.0,51630.0,0.9993587133550489,1.0,sustained_overload,contiguous
1779704046.1239796,83828,64,51758,42418,5.800417186208051e-05,85.15910229983926,151.20932292938232,157.1387903690338,0.0,85.19378850514421,0.03851213975386186,0.00020027680830522017,6.226218979934166e-05,5.143701383688208e-05,1.0,0,1.0,157.3554220199585,0.1236523822404266,372239.202931428,54.95880054366293,0.0,34.61417031288147,157.4004590511322,0.00023794174194335938,4.301724137931035,35.95903100673621,1479.8476221065614,64.0,0.0,417.1311443645972,460.28264205748656,64.0,51694.0,0.999359130859375,1.0,sustained_overload,contiguous
1779704046.2610576,83885,64,51822,42354,4.4590015676249095e-05,85.23779476823802,151.3426170349121,157.27566814422607,0.0,85.27260869785135,0.03851213975386186,0.00020027680830522017,6.226218979934166e-05,5.1440523443313707e-05,1.0,0,1.0,157.4925000667572,0.12349967195399637,378047.40591393644,55.026758409785934,0.0,34.61417031288147,157.5375370979309,0.00023794174194335938,4.301724137931035,35.95903100673621,1479.8476221065614,64.0,0.0,415.821507025865,466.88730613430454,64.0,51758.0,0.9993595478204295,1.0,sustained_overload,contiguous
1779704046.3980656,83944,64,51886,42290,3.9357515674964816e-05,85.31417788111024,151.47676348686218,157.4122757911682,0.0,85.34940907931504,0.03851213975386186,0.00020027680830522017,6.226218979934166e-05,5.14299310866256e-05,1.0,0,1.0,157.62950801849365,0.12334733839571368,378707.94608920516,55.09471627590894,0.0,34.61417031288147,157.67454504966736,0.00023794174194335938,4.301724137931035,35.95903100673621,1479.8476221065614,64.0,0.0,430.63193962269406,467.1261717941088,64.0,51822.0,0.9993599642392718,1.0,sustained_overload,contiguous
1779704046.5356119,84002,64,51950,42226,4.168671873117091e-05,85.39268194917489,151.61090993881226,157.5500066280365,0.0,85.42559983457511,0.03851213975386186,0.00020027680830522017,6.226218979934166e-05,5.142465964907259e-05,1.0,0,1.0,157.7670543193817,0.12319538017324351,377691.0005182775,55.16267414203194,0.0,34.61417031288147,157.81209135055542,0.00023794174194335938,4.301724137931035,35.95903100673621,1479.8476221065614,64.0,0.0,421.67618922156106,465.2978639686191,64.0,51886.0,0.999360380116959,1.0,sustained_overload,contiguous
1779704046.6747434,84061,64,52014,42162,4.9088437521049855e-05,85.47125827818911,151.74393701553345,157.6888391971588,0.0,85.5054955691073,0.03851213975386186,0.00020027680830522017,6.226218979934166e-05,5.1421902816508904e-05,1.0,0,1.0,157.90618586540222,0.12304379590110355,373847.6390705326,55.23063200815494,0.0,34.61417031288147,157.95122289657593,0.00023794174194335938,4.301724137931035,35.95903100673621,1479.8476221065614,64.0,0.0,424.0591130303653,459.9963259990404,64.0,51950.0,0.9993607954545455,1.0,sustained_overload,contiguous
1779704046.8130531,84122,64,52078,42098,4.026306247340017e-05,85.5469821760428,151.87821745872498,157.82685542106628,0.0,85.58225128041413,0.03851213975386186,0.00020027680830522017,6.226218979934166e-05,5.141068823249077e-05,1.0,0,1.0,158.04449558258057,0.12289258420062216,376531.75107608346,55.29858987427795,0.0,34.61417031288147,158.08953261375427,0.00023794174194335938,4.301724137931035,35.95903100673621,1479.8476221065614,64.0,0.0,441.0391492691941,462.7295992332528,64.0,52014.0,0.9993612102530824,1.0,sustained_overload,contiguous
1779704046.9531574,84187,64,52142,42034,4.252953127092951e-05,85.61994776623922,152.0125515460968,157.9661819934845,0.0,85.65491471893719,0.03851213975386186,0.00020027680830522017,6.226218979934166e-05,5.140045578516502e-05,1.0,0,1.0,158.1845998764038,0.12274174369989643,372165.6101831053,55.366547740400954,0.0,34.61417031288147,158.22963690757751,0.00023794174194335938,4.301724137931035,35.95903100673621,1479.8476221065614,64.0,0.0,463.94009938057314,456.8025593901028,64.0,52078.0,0.9993616245136187,1.0,sustained_overload,contiguous
1779704047.092883,84244,64,52206,41970,4.2923828090124516e-05,85.70043339080956,152.1489086151123,158.10492372512817,0.0,85.73517232130209,0.03851213975386186,0.00020027680830522017,6.226218979934166e-05,5.139304454777826e-05,1.0,0,1.0,158.32432556152344,0.1225912730337509,373632.0917324743,55.434505606523956,0.0,34.61417031288147,158.36936259269714,0.00023794174194335938,4.301724137931035,35.95903100673621,1479.8476221065614,64.0,0.0,407.94217577962365,458.04033771747214,64.0,52142.0,0.9993620382372003,1.0,sustained_overload,contiguous
1779704047.2307205,84306,64,52270,41906,4.4210968709990084e-05,85.77621884262909,152.27941846847534,158.2440505027771,0.0,85.80985171775414,0.03851213975386186,0.00020027680830522017,6.226218979934166e-05,5.138757371475872e-05,1.0,0,1.0,158.46216297149658,0.1224411708436962,379214.90261739533,55.50246347264696,0.0,34.61417031288147,158.5072000026703,0.00023794174194335938,4.301724137931035,35.95903100673621,1479.8476221065614,64.0,0.0,449.80531781669237,464.3151667785212,64.0,52206.0,0.9993624514248705,1.0,sustained_overload,contiguous
1779704047.3704205,84371,64,52334,41842,5.620314075827082e-05,85.85060451348056,152.41536283493042,158.3848340511322,0.0,85.88571953955162,0.03851213975386186,0.00020027680830522017,6.226218979934166e-05,5.147612911873958e-05,1.0,0,1.0,158.60186290740967,0.12229143577788819,374617.20836120856,55.57042133876996,0.0,34.61417031288147,158.64689993858337,0.00023794174194335938,4.301724137931035,35.95903100673621,1479.8476221065614,64.0,0.0,465.2829621943394,458.12476277596494,64.0,52270.0,0.9993628640776699,1.0,sustained_overload,contiguous
1779704047.511452,84427,64,52398,41778,5.3862624994849284e-05,85.93367424947655,152.55192255973816,158.5251820087433,0.0,85.96815098644446,0.03851213975386186,0.00020027680830522017,6.226218979934166e-05,5.1490924846338534e-05,1.0,0,1.0,158.74289441108704,0.12214206649108744,371534.00930808124,55.63837920489296,0.0,34.61417031288147,158.78793144226074,0.00023794174194335938,4.301724137931035,35.95903100673621,1479.8476221065614,64.0,0.0,397.0744021003197,453.79931668607964,64.0,52334.0,0.9993632761966365,1.0,sustained_overload,contiguous
1779704047.652094,84483,64,52462,41714,4.083687498734889e-05,86.01506367630775,152.6879723072052,158.66385984420776,0.0,86.05285367223841,0.03851213975386186,0.00020027680830522017,6.226218979934166e-05,5.148472258097697e-05,1.0,0,1.0,158.88353633880615,0.12199306164461896,373018.2090846676,55.706337071015966,0.0,34.61417031288147,158.92857336997986,0.00023794174194335938,4.301724137931035,35.95903100673621,1479.8476221065614,64.0,0.0,398.1742920350232,455.0563337543122,64.0,52398.0,0.9993636877828054,1.0,sustained_overload,contiguous
1779704047.7932477,84544,64,52526,41650,5.29003281428686e-05,86.09513952630078,152.82793283462524,158.8063292503357,0.0,86.12837913992932,0.03851213975386186,0.00020027680830522017,6.226218979934166e-05,5.148569973738165e-05,1.0,0,1.0,159.0246901512146,0.12184441990633212,372118.8900517193,55.77429493713897,0.0,34.61417031288147,159.0697271823883,0.00023794174194335938,4.301724137931035,35.95903100673621,1479.8476221065614,64.0,0.0,432.1526918698336,453.40610294539914,64.0,52462.0,0.9993640988372093,1.0,sustained_overload,contiguous
1779704047.9371393,84609,64,52590,41586,6.624521871856359e-05,86.17258146607591,152.96488118171692,158.95023679733276,0.0,86.20732919839263,0.03851213975386186,0.00020027680830522017,6.226218979934166e-05,5.150977826461647e-05,1.0,0,1.0,159.16858172416687,0.12169613995056094,365483.5298620604,55.842252803261985,0.0,34.61417031288147,159.21361875534058,0.00023794174194335938,4.301724137931035,35.95903100673621,1479.8476221065614,64.0,0.0,451.7290253096392,444.7793479971832,64.0,52526.0,0.999364509360878,1.0,sustained_overload,contiguous
1779704048.0771697,84667,64,52654,41522,5.070887500835397e-05,86.25415383139507,153.1005721092224,159.09116983413696,0.0,86.28840582628801,0.03851213975386186,0.00020027680830522017,6.226218979934166e-05,5.1504707920226095e-05,1.0,0,1.0,159.3086121082306,0.12154822045808485,376018.39309417194,55.91021066938499,0.0,34.61417031288147,159.3536491394043,0.00023794174194335938,4.301724137931035,35.95903100673621,1479.8476221065614,64.0,0.0,414.19582176970357,457.04366540105224,64.0,52590.0,0.9993649193548387,1.0,sustained_overload,contiguous
1779704048.2442174,84729,64,51650,42526,4.154329690209124e-05,86.35602503795286,153.2622139453888,159.25643515586853,0.0,86.39177162191501,0.03852530666019605,0.00019973948381949162,6.226218979934166e-05,5.1494034781332435e-05,1.0,0,1.0,159.47565984725952,0.1239109390125847,318657.41080626677,54.844121644580355,0.0,34.61417031288147,159.52069687843323,39.935065269470215,3283.4395705008064,35.977785885334015,1488.3551312971001,0.0,1004.0,371.15138678568013,6010.257940851981,321.0,52910.0,0.9993653288201161,1.0,sustained_overload,contiguous
1779704048.384203,84790,64,51714,42462,4.780720310293418e-05,86.43278800584673,153.39753007888794,159.39564180374146,0.0,86.46787153880007,0.03852530666019605,0.00019973948381949162,6.218734217304017e-05,5.149311770139141e-05,1.0,0,1.0,159.61564540863037,0.12375758982093824,369423.814096079,54.91207951070336,0.0,34.61417031288147,159.66068243980408,39.935065269470215,3283.4395705008064,35.977785885334015,1488.3551312971001,64.0,0.0,435.7592268991147,457.1900085498908,64.0,51650.0,0.999365737757732,1.0,sustained_overload,contiguous
1779704048.5490623,84852,64,51070,43106,5.670317187878027e-05,86.53345057654542,153.55898547172546,159.5596945285797,0.0,86.56815942925702,0.038546989110402684,0.00019922239255388722,6.218734217304017e-05,5.145681494965741e-05,1.0,0,1.0,159.78050470352173,0.1253181907186215,317185.63417646463,54.228253482840636,0.0,34.61417031288147,159.82554173469543,87.1113932132721,1959.8336722991874,36.21784976950274,1490.5686455741052,0.0,644.0,376.07827960721363,3906.361484952348,321.0,51970.0,0.9993661461687058,1.0,sustained_overload,contiguous
1779704048.6926389,84912,64,51134,43042,4.9466140609411013e-05,86.61264465377684,153.69556546211243,159.70035910606384,0.0,86.65087263949682,0.038546989110402684,0.00019922239255388722,6.211007762159038e-05,5.153225354620942e-05,1.0,0,1.0,159.924081325531,0.12516134079086322,356144.33105060743,54.29621134896364,0.0,34.61417031288147,159.9691183567047,87.1113932132721,1959.8336722991874,36.21784976950274,1490.5686455741052,64.0,0.0,417.8953311502414,445.7550198935909,64.0,51070.0,0.9993665540540541,1.0,sustained_overload,contiguous
1779704048.8322852,84971,64,51198,42978,4.3374234365956e-05,86.69388082688926,153.83373379707336,159.84206748008728,0.0,86.72906449064709,0.038546989110402684,0.00019922239255388722,6.211007762159038e-05,5.1419670001237586e-05,1.0,0,1.0,160.0637276172638,0.1250048830032423,366626.27675045544,54.36416921508665,0.0,34.61417031288147,160.1087646484375,87.1113932132721,1959.8336722991874,36.21784976950274,1490.5686455741052,64.0,0.0,422.4960023492494,458.3007483110502,64.0,51134.0,0.999366961414791,1.0,sustained_overload,contiguous
1779704048.973647,85029,64,51262,42914,5.2623234410020814e-05,86.77523651626514,153.97095227241516,159.9828872680664,0.0,86.8108927349337,0.038546989110402684,0.00019922239255388722,6.211007762159038e-05,5.142961526416819e-05,1.0,0,1.0,160.2050895690918,0.12484881588701183,362629.4015971935,54.43212708120965,0.0,34.61417031288147,160.2501266002655,87.1113932132721,1959.8336722991874,36.21784976950274,1490.5686455741052,64.0,0.0,410.29427826922915,452.73851395225284,64.0,51198.0,0.9993673682519281,1.0,sustained_overload,contiguous
1779704049.1168253,85087,64,51326,42850,5.007684372060339e-05,86.85839173152361,154.10617566108704,160.12552976608276,0.0,86.89538951329473,0.038546989110402684,0.00019922239255388722,6.211007762159038e-05,5.1424723939254464e-05,1.0,0,1.0,160.3482677936554,0.1246931379807505,358476.29872796335,54.50008494733265,0.0,34.61417031288147,160.3933048248291,87.1113932132721,1959.8336722991874,36.21784976950274,1490.5686455741052,64.0,0.0,405.08953213228915,446.99534580114664,64.0,51262.0,0.999367774566474,1.0,sustained_overload,contiguous
1779704049.2568557,85145,64,51390,42786,4.519162496308127e-05,86.93903477848775,154.24227118492126,160.26566743850708,0.0,86.97494105543487,0.038546989110402684,0.00019922239255388722,6.211007762159038e-05,5.141931087259177e-05,1.0,0,1.0,160.48829817771912,0.1245378478303172,366991.7807025011,54.568042813455655,0.0,34.61417031288147,160.53333520889282,87.1113932132721,1959.8336722991874,36.21784976950274,1490.5686455741052,64.0,0.0,414.19582176970357,457.04366540105224,64.0,51326.0,0.9993681803594352,1.0,sustained_overload,contiguous
1779704049.3985186,85207,64,51454,42722,4.325429691220961e-05,87.01761112842733,154.38053727149963,160.40782952308655,0.0,87.05259342720696,0.038546989110402684,0.00019922239255388722,6.211007762159038e-05,5.14086763093652e-05,1.0,0,1.0,160.62996101379395,0.12438294398880553,363214.52701131144,54.63600067957866,0.0,34.61417031288147,160.67499804496765,87.1113932132721,1959.8336722991874,36.21784976950274,1490.5686455741052,64.0,0.0,437.6588928888193,451.7769216916845,64.0,51390.0,0.9993685856318153,1.0,sustained_overload,contiguous
1779704049.5383315,85265,64,51518,42658,4.23814219061569e-05,87.09866907559184,154.5174024105072,160.54840636253357,0.0,87.13486908509348,0.038546989110402684,0.00019922239255388722,6.211007762159038e-05,5.141944926245529e-05,1.0,0,1.0,160.76977396011353,0.12422842501649908,368478.03694975254,54.70395854570167,0.0,34.61417031288147,160.81481099128723,87.1113932132721,1959.8336722991874,36.21784976950274,1490.5686455741052,64.0,0.0,414.839981037417,457.7544618343912,64.0,51454.0,0.9993689903846154,1.0,sustained_overload,contiguous
1779704049.7142007,85331,64,50687,43489,6.46012500027382e-05,87.2029676716599,154.68531203269958,160.72018194198608,0.0,87.24030277621681,0.038592865998796425,0.0001986987299198727,6.211007762159038e-05,5.147034575740647e-05,1.0,0,1.0,160.9456431865692,0.1262651172884566,299125.66888587933,53.82156812776079,0.0,34.61417031288147,160.99068021774292,50.44237995147705,3004.9157738365548,36.284319536708225,1497.6450340239296,0.0,831.0,375.2788440030421,4725.101808583758,577.0,52030.0,0.9993693946188341,1.0,sustained_overload,contiguous
1779704049.878483,85393,64,49561,44615,6.303223442216677e-05,87.3040529754518,154.8480212688446,160.88444471359253,0.0,87.34015174841925,0.03863566092082432,0.00019763026918683733,6.201419424503407e-05,5.1556851597364227e-05,1.0,0,1.0,161.10992550849915,0.1291337947176207,327637.2002031783,52.62593442065919,0.0,34.61417031288147,161.15496253967285,65.94389271736145,2845.1746027638824,36.643902736681476,1508.9889706721412,0.0,1126.0,377.39909730788764,6854.054573688411,1602.0,52223.0,0.9993697983354674,1.0,sustained_overload,contiguous
1779704050.0178216,85453,64,49625,44551,4.7565843715347e-05,87.38255171877434,154.98289442062378,161.02456665039062,0.0,87.41825769520665,0.03863566092082432,0.00019763026918683733,6.178763345324038e-05,5.1509956858797584e-05,1.0,0,1.0,161.2492640018463,0.12896725440806045,356147.09767499164,52.693892286782194,0.0,34.61417031288147,161.29430103302002,65.94389271736145,2845.1746027638824,36.643902736681476,1508.9889706721412,64.0,0.0,430.60606268009064,459.31313352543,64.0,49561.0,0.9993702015355086,1.0,sustained_overload,contiguous
1779704050.1576781,85513,64,49689,44487,5.4153671840140305e-05,87.46124474509267,155.11950516700745,161.16489624977112,0.0,87.49653601927642,0.03863566092082432,0.00019763026918683733,6.178763345324038e-05,5.139302691479233e-05,1.0,0,1.0,161.38912057876587,0.12880114311014512,355285.40090453305,52.7618501529052,0.0,34.61417031288147,161.43415760993958,65.94389271736145,2845.1746027638824,36.643902736681476,1508.9889706721412,64.0,0.0,429.0109290642191,457.6116576685004,64.0,49625.0,0.9993706042199488,1.0,sustained_overload,contiguous
1779704050.2968469,85566,64,49753,44423,4.8346984442559915e-05,87.545825170062,155.2549307346344,161.30398607254028,0.0,87.58006774283898,0.03863566092082432,0.00019763026918683733,6.178763345324038e-05,5.136034406687767e-05,1.0,0,1.0,161.52828931808472,0.12863545916829136,357501.26244954736,52.8298080190282,0.0,34.61417031288147,161.57332634925842,65.94389271736145,2845.1746027638824,36.643902736681476,1508.9889706721412,64.0,0.0,380.83265149490506,459.8733904844137,64.0,49689.0,0.9993710063897764,1.0,sustained_overload,contiguous
1779704050.4369833,85624,64,49817,44359,5.345003133072623e-05,87.62466581595702,155.389577627182,161.442449092865,0.0,87.66002002543058,0.03863566092082432,0.00019763026918683733,6.178763345324038e-05,5.138461917623931e-05,1.0,0,1.0,161.66842579841614,0.12847020093542366,355489.1622950959,52.8977658851512,0.0,34.61417031288147,161.71346282958984,65.94389271736145,2845.1746027638824,36.643902736681476,1508.9889706721412,64.0,0.0,413.88223725064864,456.697641104164,64.0,49753.0,0.999371408045977,1.0,sustained_overload,contiguous
1779704050.5757763,85684,64,49881,44295,4.6080656247227125e-05,87.70284682521158,155.52569723129272,161.5823106765747,0.0,87.73886311678085,0.03863566092082432,0.00019763026918683733,6.178763345324038e-05,5.138121904221363e-05,1.0,0,1.0,161.80721879005432,0.12830536677291954,359391.34542206343,52.965723751274204,0.0,34.61417031288147,161.85225582122803,65.94389271736145,2845.1746027638824,36.643902736681476,1508.9889706721412,64.0,0.0,432.2984849005394,461.1183838939087,64.0,49817.0,0.9993718091895342,1.0,sustained_overload,contiguous
1779704050.7397876,85747,64,49433,44743,4.735070318417911e-05,87.797649643356,155.68147826194763,161.74139618873596,0.0,87.83451131263304,0.03864475840775568,0.0001971212570353335,6.178763345324038e-05,5.143211276436273e-05,1.0,0,1.0,161.97123003005981,0.1294681690368782,317014.8582393413,52.49001868841319,0.0,34.61417031288147,162.01626706123352,66.10358905792236,2654.2642369436394,36.77966165982084,1514.2667368761572,0.0,448.0,384.1200151763377,2731.5201079206236,1089.0,50905.0,0.9993722098214286,1.0,sustained_overload,contiguous
1779704050.8797023,85807,64,49497,44679,5.7899937445426986e-05,87.87923831398155,155.82079529762268,161.88471245765686,0.0,87.91423906074112,0.03864475840775568,0.0001971212570353335,6.173738912374032e-05,5.154153026337072e-05,1.0,0,1.0,162.11114478111267,0.1293007657029719,353765.41520844516,52.55797655453619,0.0,34.61417031288147,162.15618181228638,66.10358905792236,2654.2642369436394,36.77966165982084,1514.2667368761572,64.0,0.0,428.8325537407663,457.4213906568174,64.0,49433.0,0.9993726099426387,1.0,sustained_overload,contiguous
1779704051.01821,85864,64,49561,44615,4.8669796868239246e-05,87.95901403790239,155.95543885231018,162.0231487751007,0.0,87.99394659810005,0.03864475840775568,0.0001971212570353335,6.173738912374032e-05,5.1570685117411977e-05,1.0,0,1.0,162.24965238571167,0.1291337947176207,357821.50838206155,52.62593442065919,0.0,34.61417031288147,162.29468941688538,66.10358905792236,2654.2642369436394,36.77966165982084,1514.2667368761572,64.0,0.0,411.529750767287,462.0684920895854,64.0,49497.0,0.9993730095541401,1.0,sustained_overload,contiguous
1779704051.1618006,85920,64,49625,44551,5.487820314442615e-05,88.04105260774011,156.09114146232605,162.1628441810608,0.0,88.0792777594194,0.03864475840775568,0.0001971212570353335,6.173738912374032e-05,5.162216989704677e-05,1.0,0,1.0,162.39324307441711,0.12896725440806045,345600.4038102955,52.693892286782194,0.0,34.61417031288147,162.43828010559082,66.10358905792236,2654.2642369436394,36.77966165982084,1514.2667368761572,64.0,0.0,389.99743301514457,445.71135201730806,64.0,49561.0,0.9993734086569064,1.0,sustained_overload,contiguous
1779704051.304832,85979,64,49689,44487,6.890100003431598e-05,88.12544105321604,156.23004484176636,162.30799198150635,0.0,88.16173772944771,0.03864475840775568,0.0001971212570353335,6.173738912374032e-05,5.162398899374861e-05,1.0,0,1.0,162.536274433136,0.12880114311014512,347399.34266906924,52.7618501529052,0.0,34.61417031288147,162.5813114643097,66.10358905792236,2654.2642369436394,36.77966165982084,1514.2667368761572,64.0,0.0,412.49695541216533,447.45432451489125,64.0,49625.0,0.9993738072519084,1.0,sustained_overload,contiguous
1779704051.4447963,86038,64,49753,44423,4.884465623433698e-05,88.20497324675821,156.3676300048828,162.44828033447266,0.0,88.24084082522256,0.03864475840775568,0.0001971212570353335,6.173738912374032e-05,5.161814860606136e-05,1.0,0,1.0,162.6762387752533,0.12863545916829136,355469.1091128058,52.8298080190282,0.0,34.61417031288147,162.721275806427,66.10358905792236,2654.2642369436394,36.77966165982084,1514.2667368761572,64.0,0.0,421.53593627832583,457.2593207086924,64.0,49689.0,0.9993742053401145,1.0,sustained_overload,contiguous
1779704051.586211,86099,64,49817,44359,4.8800468860576984e-05,88.28433972784809,156.50405883789062,162.5904643535614,0.0,88.31987946367295,0.03864475840775568,0.0001971212570353335,6.173738912374032e-05,5.1591316981488056e-05,1.0,0,1.0,162.81765341758728,0.12847020093542366,352276.10930376843,52.8977658851512,0.0,34.61417031288147,162.862690448761,66.10358905792236,2654.2642369436394,36.77966165982084,1514.2667368761572,64.0,0.0,431.35561490113565,452.56982547004395,64.0,49753.0,0.9993746029224905,1.0,sustained_overload,contiguous
1779704051.7518768,86164,64,49881,44295,0.0001274976562797292,88.37650539642942,156.6594958305359,162.74960851669312,0.0,88.41480285675618,0.03864475840775568,0.0001971212570353335,6.173738912374032e-05,5.166462352974053e-05,1.0,0,1.0,162.98331928253174,0.12830536677291954,301094.012437163,52.965723751274204,0.0,34.61417031288147,163.02835631370544,66.10358905792236,2654.2642369436394,36.77966165982084,1514.2667368761572,64.0,0.0,392.356023504252,386.31977698880195,64.0,49817.0,0.999375,1.0,sustained_overload,contiguous
1779704051.896739,86227,64,49945,44231,5.886435936020007e-05,88.4601022173199,156.80324530601501,162.898122549057,0.0,88.4970959809164,0.03864475840775568,0.0001971212570353335,6.173738912374032e-05,5.1716411866497895e-05,1.0,0,1.0,163.12818145751953,0.12814095505055562,344775.99141534837,53.03368161739721,0.0,34.61417031288147,163.17321848869324,66.10358905792236,2654.2642369436394,36.77966165982084,1514.2667368761572,64.0,0.0,434.89613493176387,441.799248184649,64.0,49881.0,0.9993753965736041,1.0,sustained_overload,contiguous
1779704052.0406613,86289,64,50009,44167,5.0379234352249114e-05,88.54031420456587,156.9433400630951,163.04222559928894,0.0,88.57818073494944,0.03864475840775568,0.0001971212570353335,6.173738912374032e-05,5.1727607823892266e-05,1.0,0,1.0,163.2721037864685,0.12797696414645365,347472.14254523284,53.101639483520216,0.0,34.61417031288147,163.3171408176422,66.10358905792236,2654.2642369436394,36.77966165982084,1514.2667368761572,64.0,0.0,430.7879149314011,444.68429928402696,64.0,49945.0,0.9993757926442612,1.0,sustained_overload,contiguous
1779704052.181185,86348,64,50073,44103,4.3875421923189606e-05,88.61999844590211,157.07901287078857,163.18273210525513,0.0,88.65792005298282,0.03864475840775568,0.0001971212570353335,6.173738912374032e-05,5.169780045577363e-05,1.0,0,1.0,163.4126274585724,0.12781339244702733,356331.42267292616,53.16959734964322,0.0,34.61417031288147,163.4576644897461,66.10358905792236,2654.2642369436394,36.77966165982084,1514.2667368761572,64.0,0.0,419.858085948568,455.43927967302284,64.0,50009.0,0.9993761882129277,1.0,sustained_overload,contiguous
1779704052.3270357,86409,64,50137,44039,6.579654689176095e-05,88.70333397640655,157.22121143341064,163.32896971702576,0.0,88.73976659335322,0.03864475840775568,0.0001971212570353335,6.173738912374032e-05,5.182238976508325e-05,1.0,0,1.0,163.55847811698914,0.12765023834692943,343755.73305086134,53.23755521576623,0.0,34.61417031288147,163.60351514816284,66.10358905792236,2654.2642369436394,36.77966165982084,1514.2667368761572,64.0,0.0,418.23602760640927,438.80501257065885,64.0,50073.0,0.9993765832805573,1.0,sustained_overload,contiguous
1779704052.4695537,86475,64,50201,43975,4.4578687507623727e-05,88.77732182006915,157.3582158088684,163.4709713459015,0.0,88.8141217185255,0.03864475840775568,0.0001971212570353335,6.173738912374032e-05,5.1800696909498526e-05,1.0,0,1.0,163.7009961605072,0.12748750024899902,352243.11785922205,53.30551308188923,0.0,34.61417031288147,163.7460331916809,66.10358905792236,2654.2642369436394,36.77966165982084,1514.2667368761572,64.0,0.0,463.0992565627907,449.0659457578576,64.0,50137.0,0.9993769778481013,1.0,sustained_overload,contiguous
1779704052.6119986,86536,64,50265,43911,4.354934377204245e-05,88.85742777384753,157.49758577346802,163.61398458480835,0.0,88.89396082362123,0.03864475840775568,0.0001971212570353335,6.173738912374032e-05,5.177159655759167e-05,1.0,0,1.0,163.84344100952148,0.1273251765642097,352873.41274769563,53.37347094801223,0.0,34.61417031288147,163.8884780406952,66.10358905792236,2654.2642369436394,36.77966165982084,1514.2667368761572,64.0,0.0,428.23591321216423,449.2966958291559,64.0,50201.0,0.9993773719165086,1.0,sustained_overload,contiguous
1779704052.755981,86596,64,50329,43847,4.819803123723432e-05,88.9384682691823,157.6369652748108,163.7569227218628,0.0,88.97515198099744,0.03864475840775568,0.0001971212570353335,6.173738912374032e-05,5.177126295875562e-05,1.0,0,1.0,163.9874234199524,0.12716326571161754,349549.64185817,53.441428814135236,0.0,34.61417031288147,164.0324604511261,66.10358905792236,2654.2642369436394,36.77966165982084,1514.2667368761572,64.0,0.0,416.7175686282302,444.4987398701122,64.0,50265.0,0.9993777654867256,1.0,sustained_overload,contiguous
1779704052.9000227,86659,64,50393,43783,5.284396873150854e-05,89.0178075738301,157.77631258964539,163.90124773979187,0.0,89.05444381493311,0.03864475840775568,0.0001971212570353335,6.173738912374032e-05,5.176198738475586e-05,1.0,0,1.0,164.1314651966095,0.1270017661183101,349849.8919515687,53.509386680258245,0.0,34.61417031288147,164.1765022277832,66.10358905792236,2654.2642369436394,36.77966165982084,1514.2667368761572,64.0,0.0,437.373111204906,444.3155415414918,64.0,50329.0,0.9993781585596968,1.0,sustained_overload,contiguous
1779704053.0422678,86722,64,50457,43719,5.83741249471359e-05,89.0972809583134,157.91574239730835,164.04571676254272,0.0,89.13398892251872,0.03864475840775568,0.0001971212570353335,6.173738912374032e-05,5.1773505087873755e-05,1.0,0,1.0,164.2737102508545,0.1268406762193551,354718.83551814477,53.57734454638125,0.0,34.61417031288147,164.3187472820282,66.10358905792236,2654.2642369436394,36.77966165982084,1514.2667368761572,64.0,0.0,442.89764824787676,449.92776964863674,64.0,50393.0,0.9993785511363636,1.0,sustained_overload,contiguous
1779704053.1851587,86787,64,50521,43655,4.8527375028584174e-05,89.17262850432017,158.05444836616516,164.1881115436554,0.0,89.2089714301148,0.03864475840775568,0.0001971212570353335,6.173738912374032e-05,5.176637256927799e-05,1.0,0,1.0,164.41660118103027,0.12667999445775024,353563.3782903519,53.64530241250425,0.0,34.61417031288147,164.46163821220398,66.10358905792236,2654.2642369436394,36.77966165982084,1514.2667368761572,64.0,0.0,454.8924128357093,447.89406802285225,64.0,50457.0,0.9993789432176656,1.0,sustained_overload,contiguous
1779704053.3537676,86851,64,51087,43089,5.7343750015093065e-05,89.27390594224009,158.21926760673523,164.35509967803955,0.0,89.31053462968683,0.038665365665516954,0.00019663022765031098,6.173738912374032e-05,5.175681307824993e-05,1.0,0,1.0,164.58521008491516,0.12527648912639225,318239.42130976234,54.246304791029566,0.0,34.61417031288147,164.63024711608887,67.77118301391602,2761.659891222837,36.9218246018121,1519.9887238227018,566.0,0.0,379.57663281942655,3356.8808464968038,1601.0,52057.0,0.9993793348045398,1.0,sustained_overload,contiguous
1779704053.5232275,86912,64,50638,43538,4.7354765641216545e-05,89.3738809710803,158.37705516815186,164.51795315742493,0.0,89.4143214998278,0.03868271521039228,0.00019613424375284686,6.173738912374032e-05,5.1738310401671975e-05,1.0,0,1.0,164.75466990470886,0.1263872980765433,313938.72638815024,53.76953788651036,0.0,34.61417031288147,164.79970693588257,0.0002295970916748047,3.9146341463414633,36.75323284379968,1513.0660110844533,0.0,449.0,359.96733664806703,2649.5956418849523,1089.0,52111.0,0.9993797258979206,1.0,sustained_overload,contiguous
1779704053.6696634,86969,64,50702,43474,4.497331252650838e-05,89.46044682516431,158.518657207489,164.66344285011292,0.0,89.49941822027259,0.03868271521039228,0.00019613424375284686,6.162272337590302e-05,5.1727594929344295e-05,1.0,0,1.0,164.9011058807373,0.12622776221845292,346240.05230894976,53.837495752633366,0.0,34.61417031288147,164.946142911911,0.0002295970916748047,3.9146341463414633,36.75323284379968,1513.0660110844533,64.0,0.0,389.24860915960187,437.0510699335881,64.0,50638.0,0.9993801164987406,1.0,sustained_overload,contiguous
1779704053.8190258,87029,64,50766,43410,4.498118755691394e-05,89.5459554637906,158.6623091697693,164.81097531318665,0.0,89.58538584907724,0.03868271521039228,0.00019613424375284686,6.162272337590302e-05,5.165476752857862e-05,1.0,0,1.0,165.05046820640564,0.1260686286096994,339884.9058679492,53.90545361875637,0.0,34.61417031288147,165.09550523757935,0.0002295970916748047,3.9146341463414633,36.75323284379968,1513.0660110844533,64.0,0.0,401.70772469914806,428.4882396790913,64.0,50702.0,0.9993805066079295,1.0,sustained_overload,contiguous
1779704053.9672046,87093,64,50830,43346,4.764781253641104e-05,89.6303457131214,158.80924558639526,164.96151733398438,0.0,89.6703713154946,0.03868271521039228,0.00019613424375284686,6.162272337590302e-05,5.1662129505746426e-05,1.0,0,1.0,165.19864702224731,0.1259098957308676,343031.49010389263,53.97341148487938,0.0,34.61417031288147,165.24368405342102,0.0002295970916748047,3.9146341463414633,36.75323284379968,1513.0660110844533,64.0,0.0,431.91059151385264,431.91059151385264,64.0,50766.0,0.9993808962264151,1.0,sustained_overload,contiguous
1779704054.1157193,87156,64,50894,43282,5.909746874976918e-05,89.71460665992983,158.9551420211792,165.11091470718384,0.0,89.75470972252559,0.03868271521039228,0.00019613424375284686,6.162272337590302e-05,5.167498424976735e-05,1.0,0,1.0,165.34716176986694,0.1257515620701851,342686.5063283011,54.04136935100238,0.0,34.61417031288147,165.39219880104065,0.0002295970916748047,3.9146341463414633,36.75323284379968,1513.0660110844533,64.0,0.0,424.2002966692138,430.9336347115823,64.0,50830.0,0.9993812853551226,1.0,sustained_overload,contiguous
1779704054.261525,87212,64,50958,43218,4.472242190445286e-05,89.8026592926091,159.09727549552917,165.25692319869995,0.0,89.84083817694021,0.03868271521039228,0.00019613424375284686,6.162272337590302e-05,5.167388615489945e-05,1.0,0,1.0,165.49296736717224,0.12559362612347424,349492.75570882653,54.10932721712538,0.0,34.61417031288147,165.53800439834595,0.0002295970916748047,3.9146341463414633,36.75323284379968,1513.0660110844533,64.0,0.0,384.0730468168744,438.94062493357075,64.0,50894.0,0.9993816739949749,1.0,sustained_overload,contiguous
1779704054.4080613,87273,64,51022,43154,4.3403796965435504e-05,89.88530463816517,159.2381615638733,165.40267324447632,0.0,89.92485268674291,0.03868271521039228,0.00019613424375284686,6.162272337590302e-05,5.166334850944585e-05,1.0,0,1.0,165.63950371742249,0.1254360863941045,348186.643879613,54.177285083248385,0.0,34.61417031288147,165.6845407485962,0.0002295970916748047,3.9146341463414633,36.75323284379968,1513.0660110844533,64.0,0.0,416.27896351880355,436.7516994295644,64.0,50958.0,0.9993820621468926,1.0,sustained_overload,contiguous
1779704054.5570233,87332,64,51086,43090,5.781564058793265e-05,89.97152787517796,159.38132333755493,165.54996848106384,0.0,90.01217069569094,0.03868271521039228,0.00019613424375284686,6.162272337590302e-05,5.166931188806704e-05,1.0,0,1.0,165.7884657382965,0.12527894139294524,342946.47521735233,54.24524294937139,0.0,34.61417031288147,165.83350276947021,0.0002295970916748047,3.9146341463414633,36.75323284379968,1513.0660110844533,64.0,0.0,396.07411106416214,429.6397136967183,64.0,51022.0,0.9993824498117942,1.0,sustained_overload,contiguous
1779704054.7044907,87391,64,51150,43026,5.0320734288789026e-05,90.05913448189614,159.5250952243805,165.69866919517517,0.0,90.09853564768378,0.03868271521039228,0.00019613424375284686,6.162272337590302e-05,5.166354529010747e-05,1.0,0,1.0,165.93593311309814,0.12512218963831867,346856.38141184725,54.31320081549439,0.0,34.61417031288147,165.98097014427185,0.0002295970916748047,3.9146341463414633,36.75323284379968,1513.0660110844533,64.0,0.0,400.08849468815225,433.9942993227414,64.0,51086.0,0.9993828369905956,1.0,sustained_overload,contiguous
1779704054.877184,87453,64,50885,43291,5.151379686196833e-05,90.16454786244104,159.69217610359192,165.86810946464539,0.0,90.20721986989088,0.0386969203680334,0.00019562160465079294,6.162272337590302e-05,5.165450474561062e-05,1.0,0,1.0,166.10862636566162,0.12577380367495333,302495.89503098046,54.03181277607884,0.0,34.61417031288147,166.15366339683533,44.55383491516113,2988.8987130292985,36.78869012594223,1519.774341547839,0.0,265.0,359.01808020675713,1534.5127621740428,577.0,51662.0,0.9993832236842105,1.0,sustained_overload,contiguous
1779704055.04931,87516,64,50718,43458,5.356090629504706e-05,90.27194863043442,159.86097741127014,166.04068064689636,0.0,90.31182822942264,0.03871286208169502,0.00019511925546746505,6.15378220876058e-05,5.1692940016833056e-05,1.0,0,1.0,166.28075242042542,0.12618794116487242,301953.12424561847,53.85448521916412,0.0,34.61417031288147,166.32578945159912,63.94566464424133,2954.587452219038,36.91157236358159,1526.2667085644507,0.0,167.0,366.0108290197784,970.2191816873491,577.0,51397.0,0.9993836098935505,1.0,sustained_overload,contiguous
1779704055.2236712,87579,64,50488,43688,5.694125003685713e-05,90.37894380707357,160.02978610992432,166.21292662620544,0.0,90.41857957422397,0.03873320226069097,0.0001946395927375847,6.143680746624579e-05,5.16552135383924e-05,1.0,0,1.0,166.4551136493683,0.1267627951196324,297124.54032412445,53.610261637784575,0.0,31.50513195991516,166.500150680542,71.51853513717651,2803.036670824405,37.06745958328247,1532.0179246106668,0.0,230.0,361.3188573053804,1319.1005901624999,577.0,51230.0,0.9993839956195244,1.0,sustained_overload,contiguous
1779704055.3692462,87642,64,50552,43624,4.127745306448105e-05,90.46104051226285,160.17247080802917,166.3603298664093,0.0,90.49963295382611,0.03873320226069097,0.0001946395927375847,6.132677566906637e-05,5.154506146248509e-05,1.0,0,1.0,166.6006886959076,0.1266023104921665,347257.31642716995,53.67821950390758,0.0,31.50513195991516,166.6457257270813,71.51853513717651,2803.036670824405,37.06745958328247,1532.0179246106668,64.0,0.0,432.76647679442374,439.63578594989076,64.0,50488.0,0.9993843808630394,1.0,sustained_overload,contiguous
1779704055.5412655,87703,64,49631,44545,5.295859382670187e-05,90.57017165564017,160.34244680404663,166.53266048431396,0.0,90.60837431342294,0.03875231742858887,0.00019414167370945733,6.132677566906637e-05,5.148689368799494e-05,1.0,0,1.0,166.77270793914795,0.1289516632749693,297228.37420322356,52.700263336731226,0.0,31.50513195991516,166.81774497032166,91.34218835830688,1916.1787258069585,37.31084401725119,1533.7406187864347,0.0,921.0,354.6114891039652,5354.052155159869,321.0,50808.0,0.999384765625,1.0,sustained_overload,contiguous
1779704055.6839502,87764,64,49695,44481,4.966960941032994e-05,90.65344258506931,160.48539805412292,166.6792232990265,0.0,90.68966365365763,0.03875231742858887,0.00019414167370945733,6.123040438679511e-05,5.1532675644330537e-05,1.0,0,1.0,166.9153926372528,0.12878559211188248,348285.4199507739,52.76822120285423,0.0,31.50513195991516,166.9604296684265,91.34218835830688,1916.1787258069585,37.31084401725119,1533.7406187864347,64.0,0.0,427.5160603078219,448.5414403229606,64.0,49631.0,0.9993851499063086,1.0,sustained_overload,contiguous
1779704055.825287,87821,64,49759,44417,4.802212497168057e-05,90.73619935571209,160.6208839416504,166.82115125656128,0.0,90.77258203802769,0.03875231742858887,0.00019414167370945733,6.123040438679511e-05,5.145380449281165e-05,1.0,0,1.0,167.05672955513,0.1286199481500834,352059.4671749802,52.83617906897723,0.0,31.50513195991516,167.1017665863037,91.34218835830688,1916.1787258069585,37.31084401725119,1533.7406187864347,64.0,0.0,403.2916583728345,452.8187041379194,64.0,49695.0,0.9993855337078652,1.0,sustained_overload,contiguous
1779704055.9693432,87883,64,49823,44353,5.971073441912722e-05,90.81547592630513,160.75876307487488,166.9647696018219,0.0,90.85154267607216,0.03875231742858887,0.00019414167370945733,6.123040438679511e-05,5.152915994915661e-05,1.0,0,1.0,167.20078563690186,0.12845472974329125,345858.3586835812,52.90413693510024,0.0,31.50513195991516,167.24582266807556,91.34218835830688,1916.1787258069585,37.31084401725119,1533.7406187864347,64.0,0.0,430.38793806840283,444.2714199415771,64.0,49759.0,0.9993859170305677,1.0,sustained_overload,contiguous
1779704056.110907,87946,64,49887,44289,5.15126093176832e-05,90.8925820849485,160.89506602287292,167.10725116729736,0.0,90.92909695318347,0.03875231742858887,0.00019414167370945733,6.123040438679511e-05,5.150196792137474e-05,1.0,0,1.0,167.34234952926636,0.1282899352536733,352399.18291840836,52.97209480122325,0.0,31.50513195991516,167.38738656044006,91.34218835830688,1916.1787258069585,37.31084401725119,1533.7406187864347,64.0,0.0,445.028735419242,452.09268360049987,64.0,49823.0,0.9993862998753117,1.0,sustained_overload,contiguous
1779704056.2540596,88005,64,49951,44225,4.8706484406579875e-05,90.97472740611421,161.03482365608215,167.2506651878357,0.0,91.0109555878515,0.03875231742858887,0.00019414167370945733,6.123040438679511e-05,5.152270141085807e-05,1.0,0,1.0,167.4855020046234,0.12812556305179076,348935.6357646667,53.04005266734625,0.0,31.50513195991516,167.53053903579712,91.34218835830688,1916.1787258069585,37.31084401725119,1533.7406187864347,64.0,0.0,412.1479551984011,447.07574801182494,64.0,49887.0,0.9993866822429907,1.0,sustained_overload,contiguous
1779704056.3938699,88061,64,50015,44161,4.7727906263617115e-05,91.05581276958232,161.16975450515747,167.38992762565613,0.0,91.0920597199812,0.03875231742858887,0.00019414167370945733,6.123040438679511e-05,5.150434268928177e-05,1.0,0,1.0,167.62531232833862,0.12796161151654503,357734.6698794523,53.108010533469255,0.0,31.50513195991516,167.67034935951233,91.34218835830688,1916.1787258069585,37.31084401725119,1533.7406187864347,64.0,0.0,400.5426674647472,457.76304853113965,64.0,49951.0,0.9993870641344956,1.0,sustained_overload,contiguous
1779704056.535225,88120,64,50079,44097,4.75985780639121e-05,91.1354133684014,161.3071734905243,167.53081727027893,0.0,91.1720656410432,0.03875231742858887,0.00019414167370945733,6.123040438679511e-05,5.150650634697818e-05,1.0,0,1.0,167.76666736602783,0.12779807903512452,354278.1411873446,53.17596839959226,0.0,31.50513195991516,167.81170439720154,91.34218835830688,1916.1787258069585,37.31084401725119,1533.7406187864347,64.0,0.0,417.3887324038685,452.76065887877263,64.0,50015.0,0.9993874455507156,1.0,sustained_overload,contiguous
1779704056.68133,88182,64,50143,44033,4.8575062592703944e-05,91.21356014081108,161.4460813999176,167.67336297035217,0.0,91.25299893751334,0.03875231742858887,0.00019414167370945733,6.123040438679511e-05,5.1513083058661626e-05,1.0,0,1.0,167.91277241706848,0.12763496400295157,343198.26482966146,53.24392626571526,0.0,31.50513195991516,167.9578094482422,91.34218835830688,1916.1787258069585,37.31084401725119,1533.7406187864347,64.0,0.0,424.35220109365235,438.04098177409276,64.0,50079.0,0.9993878264925373,1.0,sustained_overload,contiguous
1779704056.8263159,88243,64,50207,43969,5.29252500172106e-05,91.29607171198211,161.58726501464844,167.81926560401917,0.0,91.33323184168736,0.03875231742858887,0.00019414167370945733,6.123040438679511e-05,5.152233447150747e-05,1.0,0,1.0,168.05775833129883,0.12747226482363017,346288.8120306192,53.31188413183826,0.0,31.50513195991516,168.10279536247253,91.34218835830688,1916.1787258069585,37.31084401725119,1533.7406187864347,64.0,0.0,420.73052629847973,441.4221915262738,64.0,50143.0,0.9993882069608453,1.0,sustained_overload,contiguous
1779704056.9709034,88305,64,50271,43905,4.320374999622345e-05,91.37543241820148,161.72635769844055,167.9630527496338,0.0,91.41422554096715,0.03875231742858887,0.00019414167370945733,6.123040438679511e-05,5.153207034394999e-05,1.0,0,1.0,168.2023458480835,0.1273099799088938,347685.6171122148,53.379841997961265,0.0,31.50513195991516,168.2473828792572,91.34218835830688,1916.1787258069585,37.31084401725119,1533.7406187864347,64.0,0.0,428.8060365013093,442.6384892916741,64.0,50207.0,0.9993885869565218,1.0,sustained_overload,contiguous
1779704057.1174948,88371,64,50335,43841,6.350889060513509e-05,91.4535103736755,161.86941146850586,168.1097023487091,0.0,91.49088238520515,0.03875231742858887,0.00019414167370945733,6.123040438679511e-05,5.158049124110832e-05,1.0,0,1.0,168.3489372730255,0.1271481076785537,343369.3343243626,53.44779986408427,0.0,31.50513195991516,168.39397430419922,91.34218835830688,1916.1787258069585,37.31084401725119,1533.7406187864347,64.0,0.0,450.2309737838071,436.58761094187355,64.0,50271.0,0.999388966480447,1.0,sustained_overload,contiguous
1779704057.263048,88433,64,50399,43777,5.906846875802785e-05,91.5355180885337,162.01098561286926,168.25616192817688,0.0,91.57122473112837,0.03875231742858887,0.00019414167370945733,6.123040438679511e-05,5.158788617485997e-05,1.0,0,1.0,168.49449038505554,0.12698664656044764,346258.4845977192,53.51575773020727,0.0,31.50513195991516,168.53952741622925,91.34218835830688,1916.1787258069585,37.31084401725119,1533.7406187864347,64.0,0.0,425.9613493334906,439.7020380216677,64.0,50335.0,0.9993893455334988,1.0,sustained_overload,contiguous
1779704057.4055033,88495,64,50463,43713,4.992531241043707e-05,91.61548609892398,162.15182542800903,168.40058708190918,0.0,91.65229267546484,0.03875231742858887,0.00019414167370945733,6.123040438679511e-05,5.159312780983575e-05,1.0,0,1.0,168.6369457244873,0.126825594990389,354237.3364262152,53.58371559633027,0.0,31.50513195991516,168.681982755661,91.34218835830688,1916.1787258069585,37.31084401725119,1533.7406187864347,64.0,0.0,435.224121800633,449.2636096006534,64.0,50399.0,0.999389724116553,1.0,sustained_overload,contiguous
1779704057.5498493,88556,64,50527,43649,4.819154688107119e-05,91.69612588862373,162.29125785827637,168.54466199874878,0.0,91.73286474701935,0.03875231742858887,0.00019414167370945733,6.123040438679511e-05,5.161460740950817e-05,1.0,0,1.0,168.78129172325134,0.12666495141211628,350040.8770082801,53.651673462453275,0.0,31.50513195991516,168.82632875442505,91.34218835830688,1916.1787258069585,37.31084401725119,1533.7406187864347,64.0,0.0,422.59571115453286,443.3791067850837,64.0,50463.0,0.9993901022304833,1.0,sustained_overload,contiguous
1779704057.7210941,88618,64,49906,44270,5.945773440885205e-05,91.79942856029277,162.45107126235962,168.71241188049316,0.0,91.83659572116012,0.03877585960759057,0.0001936546630329556,6.123040438679511e-05,5.161663462280333e-05,1.0,0,1.0,168.95253658294678,0.12824109325532,298426.47592979076,52.99226979272851,0.0,31.50513195991516,168.99757361412048,57.45838761329651,3035.487078942658,37.40078840830496,1540.4448440549893,0.0,621.0,362.0546631897117,3626.3862232388865,321.0,50783.0,0.999390479876161,1.0,sustained_overload,contiguous
1779704057.8700085,88677,64,49970,44206,5.129292178196465e-05,91.88283789740615,162.59123063087463,168.85723567008972,0.0,91.92333707376028,0.03877585960759057,0.0001936546630329556,6.111723477723169e-05,5.160486095756846e-05,1.0,0,1.0,169.10145092010498,0.1280768461076646,335562.04831313883,53.06022765885151,0.0,31.50513195991516,169.1464879512787,57.45838761329651,3035.487078942658,37.40078840830496,1540.4448440549893,64.0,0.0,396.20093757204705,429.7772882137459,64.0,49906.0,0.9993908570544554,1.0,sustained_overload,contiguous
1779704058.0187526,88736,64,50034,44142,5.346415630924639e-05,91.97081040908897,162.7358922958374,169.00665307044983,0.0,92.01070809628634,0.03877585960759057,0.0001936546630329556,6.111723477723169e-05,5.155287914449973e-05,1.0,0,1.0,169.2501950263977,0.12791301914698006,336376.3529664454,53.12818552497451,0.0,31.50513195991516,169.2952320575714,57.45838761329651,3035.487078942658,37.40078840830496,1540.4448440549893,64.0,0.0,396.65437152776667,430.26914877588246,64.0,49970.0,0.9993912337662337,1.0,sustained_overload,contiguous
1779704058.1686578,88793,64,50098,44078,4.4965874991476085e-05,92.0599008625448,162.88027691841125,169.15513849258423,0.0,92.09978876050947,0.03877585960759057,0.0001936546630329556,6.111723477723169e-05,5.1530296548970116e-05,1.0,0,1.0,169.40010023117065,0.1277496107629047,334197.86908586585,53.196143391097515,0.0,31.50513195991516,169.44513726234436,57.45838761329651,3035.487078942658,37.40078840830496,1540.4448440549893,64.0,0.0,380.24029977033723,426.9364769351155,64.0,50034.0,0.999391610012361,1.0,sustained_overload,contiguous
1779704058.3160977,88851,64,50162,44014,4.036007820218401e-05,92.14713084875723,163.02538776397705,169.30281138420105,0.0,92.18780232094977,0.03877585960759057,0.0001936546630329556,6.111723477723169e-05,5.150866150635769e-05,1.0,0,1.0,169.5475401878357,0.12758661935329532,340219.8504029702,53.26410125722052,0.0,31.50513195991516,169.5925772190094,57.45838761329651,3035.487078942658,37.40078840830496,1540.4448440549893,64.0,0.0,393.380473732552,434.0750054979884,64.0,50098.0,0.9993919857936998,1.0,sustained_overload,contiguous
1779704058.46191,88909,64,50226,43950,4.356390626014672e-05,92.23327639076554,163.16823506355286,169.44941329956055,0.0,92.27324573984836,0.03877585960759057,0.0001936546630329556,6.111723477723169e-05,5.1498423147047994e-05,1.0,0,1.0,169.6933524608612,0.12742404332417473,344456.60133980616,53.33205912334352,0.0,31.50513195991516,169.7383894920349,57.45838761329651,3035.487078942658,37.40078840830496,1540.4448440549893,64.0,0.0,397.77172933756935,438.92052892421447,64.0,50162.0,0.9993923611111111,1.0,sustained_overload,contiguous
1779704058.610782,88972,64,50290,43886,4.654660938285815e-05,92.3161359164444,163.31205010414124,169.59792351722717,0.0,92.35649741066405,0.03877585960759057,0.0001936546630329556,6.111723477723169e-05,5.151899113861308e-05,1.0,0,1.0,169.84222435951233,0.12726188108967987,337807.2050914938,53.40001698946652,0.0,31.50513195991516,169.88726139068604,57.45838761329651,3035.487078942658,37.40078840830496,1540.4448440549893,64.0,0.0,423.18261922378423,429.89980365590776,64.0,50226.0,0.9993927359654534,1.0,sustained_overload,contiguous
1779704058.7948992,89031,64,50354,43822,4.5064859406807045e-05,92.4025814693498,163.45749020576477,169.74589347839355,0.0,92.4618495800204,0.03877585960759057,0.0001936546630329556,6.111723477723169e-05,5.150425263016273e-05,1.0,0,1.0,170.02634167671204,0.12710013107201018,273488.6688870357,53.46797485558954,0.0,31.50513195991516,170.07137870788574,57.45838761329651,3035.487078942658,37.40078840830496,1540.4448440549893,64.0,0.0,320.447858448884,347.6044566225183,64.0,50290.0,0.9993931103575833,1.0,sustained_overload,contiguous
1779704058.9422615,89097,64,50418,43758,5.78845625369695e-05,92.52184044498722,163.64110851287842,169.93408584594727,0.0,92.55827109740157,0.03877585960759057,0.0001936546630329556,6.111723477723169e-05,5.155799137470865e-05,1.0,0,1.0,170.1737039089203,0.12693879170137648,342136.5111295912,53.53593272171254,0.0,31.50513195991516,170.218740940094,57.45838761329651,3035.487078942658,37.40078840830496,1540.4448440549893,64.0,0.0,447.87595173455946,434.3039531971486,64.0,50354.0,0.999393484288355,1.0,sustained_overload,contiguous
1779704059.0884016,89162,64,50482,43694,4.870882813179378e-05,92.59926570313146,163.7825858592987,170.07928252220154,0.0,92.63740757119994,0.03877585960759057,0.0001936546630329556,6.111723477723169e-05,5.156192420025193e-05,1.0,0,1.0,170.31984400749207,0.12677786141595024,345435.65040231275,53.603890587835544,0.0,31.50513195991516,170.36488103866577,57.45838761329651,3035.487078942658,37.40078840830496,1540.4448440549893,64.0,0.0,444.77867905689806,437.9359301483304,64.0,50418.0,0.9993938577586207,1.0,sustained_overload,contiguous
1779704059.2369137,89220,64,50546,43630,5.211064068078031e-05,92.68467685389935,163.92478585243225,170.2252299785614,0.0,92.72458089073437,0.03877585960759057,0.0001936546630329556,6.111723477723169e-05,5.1556843724747544e-05,1.0,0,1.0,170.46835613250732,0.12661733866181302,340349.3148778706,53.671848453958546,0.0,31.50513195991516,170.51339316368103,57.45838761329651,3035.487078942658,37.40078840830496,1540.4448440549893,64.0,0.0,390.5405029659418,430.94124465207375,64.0,50482.0,0.9993942307692307,1.0,sustained_overload,contiguous
1779704059.3839734,89281,64,50610,43566,6.374559377775313e-05,92.76990165841838,164.07026648521423,170.37412452697754,0.0,92.8080495596451,0.03877585960759057,0.0001936546630329556,6.111723477723169e-05,5.1576454267133637e-05,1.0,0,1.0,170.6154158115387,0.12645722189290654,344145.99796048395,53.73980632008155,0.0,31.50513195991516,170.6604528427124,57.45838761329651,3035.487078942658,37.40078840830496,1540.4448440549893,64.0,0.0,414.7975869509884,435.19746827644684,64.0,50546.0,0.9993946033210332,1.0,sustained_overload,contiguous
1779704059.5269892,89342,64,50674,43502,3.821064069597924e-05,92.85012760093458,164.2096996307373,170.51801705360413,0.0,92.88830536928695,0.03877585960759057,0.0001936546630329556,6.111723477723169e-05,5.1564267564860347e-05,1.0,0,1.0,170.75843167304993,0.12629750957098315,354324.33482925786,53.80776418620455,0.0,31.50513195991516,170.80346870422363,57.45838761329651,3035.487078942658,37.40078840830496,1540.4448440549893,64.0,0.0,426.5261164420557,447.50281069330435,64.0,50610.0,0.999394975414874,1.0,sustained_overload,contiguous
1779704059.6724546,89405,64,50738,43438,4.9271921810145614e-05,92.93080027019452,164.3511700630188,170.6644470691681,0.0,92.96937882986889,0.03877585960759057,0.0001936546630329556,6.111723477723169e-05,5.1566933529749e-05,1.0,0,1.0,170.90389704704285,0.12613820016555638,348797.7833300007,53.87572205232756,0.0,31.50513195991516,170.94893407821655,57.45838761329651,3035.487078942658,37.40078840830496,1540.4448440549893,64.0,0.0,433.092757889354,439.96724610981994,64.0,50674.0,0.999395347051597,1.0,sustained_overload,contiguous
1779704059.8428218,89468,64,49522,44654,4.90187812260956e-05,93.03304058109833,164.5154001712799,170.83240222930908,0.0,93.07073505397054,0.03878992981564215,0.00019317844747259542,6.111723477723169e-05,5.1558190482616486e-05,1.0,0,1.0,171.0742642879486,0.1292354912967974,301202.2717934652,52.58452259599049,0.0,31.50513195991516,171.11930131912231,67.90903425216675,2789.250680230715,37.53638061205546,1545.9950922157702,0.0,1216.0,369.7894012079958,7137.522410617825,321.0,50994.0,0.9993957182320442,1.0,sustained_overload,contiguous
1779704059.998807,89532,64,49586,44590,4.715978126057507e-05,93.1135263295755,164.6580035686493,170.9797215461731,0.0,93.15454469098488,0.03878992981564215,0.00019317844747259542,6.1006935275330834e-05,5.1550364327960615e-05,1.0,0,1.0,171.23024940490723,0.1290686887427903,317889.30230539135,52.652480462113495,0.0,31.50513195991516,171.27528643608093,67.90903425216675,2789.250680230715,37.53638061205546,1545.9950922157702,64.0,0.0,410.2955541391733,410.2955541391733,64.0,49522.0,0.9993960889570552,1.0,sustained_overload,contiguous
1779704060.1475863,89595,64,49650,44526,5.810148438456508e-05,93.20174416934562,164.80475640296936,171.13377165794373,0.0,93.240406812222,0.03878992981564215,0.00019317844747259542,6.1006935275330834e-05,5.1509698584826635e-05,1.0,0,1.0,171.37902879714966,0.12890231621349446,333715.57210757246,52.7204383282365,0.0,31.50513195991516,171.42406582832336,67.90903425216675,2789.250680230715,37.53638061205546,1545.9950922157702,64.0,0.0,423.4457410428412,430.16710201177517,64.0,49586.0,0.9993964592274678,1.0,sustained_overload,contiguous
1779704060.3040924,89661,64,49714,44462,8.547143745829544e-05,93.28854899824162,164.9569091796875,171.28954029083252,0.0,93.32735219920332,0.03878992981564215,0.00019317844747259542,6.1006935275330834e-05,5.176410984227549e-05,1.0,0,1.0,171.5355348587036,0.12873637204811522,317649.03867867903,52.7883961943595,0.0,31.50513195991516,171.58057188987732,67.90903425216675,2789.250680230715,37.53638061205546,1545.9950922157702,64.0,0.0,421.70890599816585,408.9298482406457,64.0,49650.0,0.9993968290441176,1.0,sustained_overload,contiguous
1779704060.4559116,89723,64,49778,44398,5.537532808830292e-05,93.37459803349081,165.10431909561157,171.4404013156891,0.0,93.41642763807258,0.03878992981564215,0.00019317844747259542,6.1006935275330834e-05,5.177033369120425e-05,1.0,0,1.0,171.6873540878296,0.12857085459439915,327876.7800796512,52.8563540604825,0.0,31.50513195991516,171.7323911190033,67.90903425216675,2789.250680230715,37.53638061205546,1545.9950922157702,64.0,0.0,408.38041634734975,421.55397816500624,64.0,49714.0,0.9993971984078384,1.0,sustained_overload,contiguous
1779704060.6081433,89784,64,49842,44334,5.581740626325882e-05,93.46326803892141,165.25332617759705,171.59286618232727,0.0,93.50428024772762,0.03878992981564215,0.00019317844747259542,6.1006935275330834e-05,5.1844567408511364e-05,1.0,0,1.0,171.8395857810974,0.12840576220857913,327408.8261786107,52.924311926605505,0.0,31.50513195991516,171.88462281227112,67.90903425216675,2789.250680230715,37.53638061205546,1545.9950922157702,64.0,0.0,400.7049957243941,420.41179879280696,64.0,49778.0,0.9993975673194615,1.0,sustained_overload,contiguous
1779704060.788704,89848,64,48782,45394,5.8518921889572084e-05,93.57190659533443,165.42623162269592,171.76728057861328,0.0,93.61367542048153,0.03880811395316289,0.00019272442521720096,6.1006935275330834e-05,5.183411383831567e-05,1.0,0,1.0,172.02014636993408,0.1311959329260793,279235.90815051907,51.798759768943256,0.0,31.50513195991516,172.0651834011078,48.94048047065735,2908.5724581647632,37.586841230898834,1552.0241956049251,0.0,1060.0,354.4516575424586,5870.605578046971,321.0,50098.0,0.9993979357798165,1.0,sustained_overload,contiguous
1779704060.9377873,89911,64,48846,45330,4.61115936616352e-05,93.65821844282476,165.5715732574463,171.91950750350952,0.0,93.69746207848391,0.03880811395316289,0.00019272442521720096,6.0904316785858896e-05,5.1808967165496416e-05,1.0,0,1.0,172.16922974586487,0.1310240347213692,327642.1646279152,51.86671763506626,0.0,31.50513195991516,172.21426677703857,48.94048047065735,2908.5724581647632,37.586841230898834,1552.0241956049251,64.0,0.0,422.58232755105143,429.28998354392525,64.0,48782.0,0.999398303789731,1.0,sustained_overload,contiguous
1779704061.0824459,89970,64,48910,45266,4.8391687499815816e-05,93.74657383443457,165.7177712917328,172.0696315765381,0.0,93.78537764884013,0.03880811395316289,0.00019272442521720096,6.0904316785858896e-05,5.190142379877241e-05,1.0,0,1.0,172.3138883113861,0.13085258638315272,338106.49112802476,51.93467550118926,0.0,31.50513195991516,172.35892534255981,48.94048047065735,2908.5724581647632,37.586841230898834,1552.0241956049251,64.0,0.0,407.856940841412,442.4210883703452,64.0,48846.0,0.9993986713500306,1.0,sustained_overload,contiguous
1779704061.2372253,90034,64,48974,45202,5.840379685650987e-05,93.8277634647131,165.86120295524597,172.21779322624207,0.0,93.8688531740516,0.03880811395316289,0.00019272442521720096,6.0904316785858896e-05,5.194668818327951e-05,1.0,0,1.0,172.4686677455902,0.13068158614775185,316411.5455766553,52.00263336731227,0.0,31.50513195991516,172.51370477676392,48.94048047065735,2908.5724581647632,37.586841230898834,1552.0241956049251,64.0,0.0,413.49162651418993,413.49162651418993,64.0,48910.0,0.9993990384615384,1.0,sustained_overload,contiguous
1779704061.3889303,90098,64,49038,45138,4.6087859317367474e-05,93.91128414361019,166.0049388408661,172.36830472946167,0.0,93.95406569928319,0.03880811395316289,0.00019272442521720096,6.0904316785858896e-05,5.197731850879835e-05,1.0,0,1.0,172.6203727722168,0.13051103226069577,323245.71631172235,52.07059123343527,0.0,31.50513195991516,172.6654098033905,48.94048047065735,2908.5724581647632,37.586841230898834,1552.0241956049251,64.0,0.0,421.8713210969091,421.8713210969091,64.0,48974.0,0.9993994051250763,1.0,sustained_overload,contiguous
1779704061.534047,90160,64,49102,45074,4.8912359432051744e-05,94.00018771317599,166.15507459640503,172.52214550971985,0.0,94.03799565759479,0.03880811395316289,0.00019272442521720096,6.0904316785858896e-05,5.191744715909476e-05,1.0,0,1.0,172.7654893398285,0.13034092297666083,338362.4682426893,52.138549099558276,0.0,31.50513195991516,172.8105263710022,48.94048047065735,2908.5724581647632,37.586841230898834,1552.0241956049251,64.0,0.0,427.2427402355655,441.0247641141321,64.0,49038.0,0.9993997713414634,1.0,sustained_overload,contiguous
1779704061.6806118,90220,64,49166,45010,5.0555953066577786e-05,94.08219647286097,166.29509353637695,172.66699695587158,0.0,94.1205620765528,0.03880811395316289,0.00019272442521720096,6.0904316785858896e-05,5.188069013860227e-05,1.0,0,1.0,172.91205430030823,0.13017125655941097,335455.3492121847,52.20650696568128,0.0,31.50513195991516,172.95709133148193,48.94048047065735,2908.5724581647632,37.586841230898834,1552.0241956049251,64.0,0.0,409.3747905611822,436.66644326526097,64.0,49102.0,0.9994001371115173,1.0,sustained_overload,contiguous
1779704061.829288,90280,64,49230,44946,5.894912500536975e-05,94.16666018790437,166.43997263908386,172.8143253326416,0.0,94.20407805906133,0.03880811395316289,0.00019272442521720096,6.0904316785858896e-05,5.1886995332432445e-05,1.0,0,1.0,173.0607304573059,0.13000203128173876,331122.3601291227,52.27446483180428,0.0,31.50513195991516,173.10576748847961,48.94048047065735,2908.5724581647632,37.586841230898834,1552.0241956049251,64.0,0.0,403.56168205865043,430.4657941958938,64.0,49166.0,0.9994005024360536,1.0,sustained_overload,contiguous
1779704061.9807258,90343,64,49294,44882,5.3297999969004195e-05,94.25058647425209,166.58499264717102,172.9642572402954,0.0,94.28937609083391,0.03880811395316289,0.00019272442521720096,6.0904316785858896e-05,5.186891090795136e-05,1.0,0,1.0,173.21216821670532,0.12983324542540675,325506.66488658264,52.34242269792728,0.0,31.50513195991516,173.25720524787903,48.94048047065735,2908.5724581647632,37.586841230898834,1552.0241956049251,64.0,0.0,416.01249417484286,422.6158670982531,64.0,49230.0,0.9994008673158856,1.0,sustained_overload,contiguous
1779704062.132085,90403,64,49358,44818,5.0382656240799406e-05,94.3376119197195,166.7303910255432,173.11418175697327,0.0,94.37892392431134,0.03880811395316289,0.00019272442521720096,6.0904316785858896e-05,5.1859036631596654e-05,1.0,0,1.0,173.3635275363922,0.12966489728108918,326098.18874784,52.410380564050286,0.0,31.50513195991516,173.40856456756592,48.94048047065735,2908.5724581647632,37.586841230898834,1552.0241956049251,64.0,0.0,396.40770138316793,422.8348814753791,64.0,49294.0,0.9994012317518248,1.0,sustained_overload,contiguous
1779704062.285926,90466,64,49422,44754,6.527768744035711e-05,94.42329884944121,166.87521886825562,173.26591157913208,0.0,94.464630478031,0.03880811395316289,0.00019272442521720096,6.0904316785858896e-05,5.191964778121691e-05,1.0,0,1.0,173.51736855506897,0.12949698514831454,321253.7229998636,52.47833843017329,0.0,31.50513195991516,173.56240558624268,48.94048047065735,2908.5724581647632,37.586841230898834,1552.0241956049251,64.0,0.0,409.5136689933918,416.01388596154084,64.0,49358.0,0.9994015957446809,1.0,sustained_overload,contiguous
1779704062.4368067,90527,64,49486,44690,5.199109374132149e-05,94.51130475373584,167.02099180221558,173.41789507865906,0.0,94.55333678051645,0.03880811395316289,0.00019272442521720096,6.0904316785858896e-05,5.191580669932677e-05,1.0,0,1.0,173.66824913024902,0.12932950733540802,327981.25233116164,52.54629629629629,0.0,31.50513195991516,173.71328616142273,48.94048047065735,2908.5724581647632,37.586841230898834,1552.0241956049251,64.0,0.0,404.2932625833743,424.1765377923927,64.0,49422.0,0.9994019592952612,1.0,sustained_overload,contiguous
1779704062.5872114,90587,64,49550,44626,4.054193748004309e-05,94.5985599907343,167.16755318641663,173.56809759140015,0.0,94.64046389937273,0.03880811395316289,0.00019272442521720096,6.0904316785858896e-05,5.188540600423146e-05,1.0,0,1.0,173.8186538219452,0.12916246215943492,329444.5102822731,52.61425416241931,0.0,31.50513195991516,173.8636908531189,48.94048047065735,2908.5724581647632,37.586841230898834,1552.0241956049251,64.0,0.0,398.92372587157183,425.5186409296766,64.0,49486.0,0.9994023224043715,1.0,sustained_overload,contiguous
1779704062.7403185,90647,64,49614,44562,5.389749999551441e-05,94.68794452872848,167.31615924835205,173.72045278549194,0.0,94.73029324369843,0.03880811395316289,0.00019272442521720096,6.0904316785858896e-05,5.187978500635771e-05,1.0,0,1.0,173.97176098823547,0.12899584794614422,324047.5361286123,52.68221202854231,0.0,31.50513195991516,174.01679801940918,48.94048047065735,2908.5724581647632,37.586841230898834,1552.0241956049251,64.0,0.0,391.88237529158584,418.00786697769155,64.0,49550.0,0.9994026850728155,1.0,sustained_overload,contiguous
1779704062.896016,90709,64,49678,44498,6.158835941505458e-05,94.78102820292074,167.47025537490845,173.87862730026245,0.0,94.8206986452625,0.03880811395316289,0.00019272442521720096,6.0904316785858896e-05,5.1903877424193504e-05,1.0,0,1.0,174.12745833396912,0.12882966302991264,319067.7385405533,52.75016989466531,0.0,31.50513195991516,174.17249536514282,48.94048047065735,2908.5724581647632,37.586841230898834,1552.0241956049251,64.0,0.0,398.2084582614901,411.0538923989575,64.0,49614.0,0.9994030473013947,1.0,sustained_overload,contiguous
1779704063.0478187,90770,64,49742,44434,5.2345125041597385e-05,94.86768985159601,167.61576294898987,174.02932977676392,0.0,94.90890960081984,0.03880811395316289,0.00019272442521720096,6.0904316785858896e-05,5.190293491388494e-05,1.0,0,1.0,174.27926111221313,0.12866390575368905,327675.1623085658,52.818127760788315,0.0,31.50513195991516,174.32429814338684,48.94048047065735,2908.5724581647632,37.586841230898834,1552.0241956049251,64.0,0.0,401.8371778541778,421.5996620109407,64.0,49678.0,0.9994034090909091,1.0,sustained_overload,contiguous
1779704063.2291315,90832,64,49365,44811,5.4102796866573044e-05,94.97936754078698,167.7897708415985,174.20580172538757,0.0,95.01960675243645,0.03882304663510667,0.00019229318677764577,6.0904316785858896e-05,5.190588827803502e-05,1.0,0,1.0,174.46057391166687,0.12964651068570848,280349.76103807986,52.417813455657495,0.0,31.50513195991516,174.50561094284058,59.98234510421753,2985.511150282785,37.68549983827028,1558.339116110114,0.0,377.0,341.9504865999282,2079.2795717447248,577.0,50254.0,0.9994037704421562,1.0,sustained_overload,contiguous
1779704063.382844,90896,64,49429,44747,5.71637031470118e-05,95.06720302584652,167.94094061851501,174.3608684539795,0.0,95.10810501386135,0.03882304663510667,0.00019229318677764577,6.0860444659646225e-05,5.1924833834239346e-05,1.0,0,1.0,174.6142864227295,0.1294786461389063,321567.838937084,52.4857713217805,0.0,31.50513195991516,174.6593234539032,59.98234510421753,2985.511150282785,37.68549983827028,1558.339116110114,64.0,0.0,416.3616842738752,416.3616842738752,64.0,49365.0,0.9994041313559322,1.0,sustained_overload,contiguous
1779704063.5285006,90960,64,49493,44683,5.053578121305691e-05,95.15265852486529,168.08946132659912,174.5135600566864,0.0,95.19139814399821,0.03882304663510667,0.00019229318677764577,6.0860444659646225e-05,5.183108450965976e-05,1.0,0,1.0,174.75994300842285,0.1293112157274766,339792.3943116046,52.5537291879035,0.0,31.50513195991516,174.80498003959656,59.98234510421753,2985.511150282785,37.68549983827028,1558.339116110114,64.0,0.0,439.389676033837,439.389676033837,64.0,49429.0,0.9994044918330308,1.0,sustained_overload,contiguous
1779704063.6986873,91022,64,49557,44619,4.986895311276385e-05,95.23715050821046,168.235347032547,174.66320490837097,0.0,95.28729917937004,0.03882304663510667,0.00019229318677764577,6.0860444659646225e-05,5.182649380580235e-05,1.0,0,1.0,174.93012976646423,0.12914421776943721,291191.8681002781,52.6216870540265,0.0,31.50513195991516,174.97516679763794,59.98234510421753,2985.511150282785,37.68549983827028,1558.339116110114,64.0,0.0,364.3056646329931,376.0574602663155,64.0,49493.0,0.9994048518742442,1.0,sustained_overload,contiguous
1779704063.8537154,91089,64,49621,44555,5.816615623643884e-05,95.33524488313998,168.398766040802,174.83174872398376,0.0,95.37698546697712,0.03882304663510667,0.00019229318677764577,6.0860444659646225e-05,5.18227994086816e-05,1.0,0,1.0,175.08515787124634,0.12897765059148344,320077.4470522196,52.689644920149505,0.0,31.50513195991516,175.13019490242004,59.98234510421753,2985.511150282785,37.68549983827028,1558.339116110114,64.0,0.0,432.17970118495623,412.8283712811522,64.0,49557.0,0.9994052114803625,1.0,sustained_overload,contiguous
1779704064.0288248,91150,64,49685,44491,5.882510940580232e-05,95.42739283872325,168.55021786689758,174.9880621433258,0.0,95.47424817370225,0.03882304663510667,0.00019229318677764577,6.0860444659646225e-05,5.187421067075719e-05,1.0,0,1.0,175.26026725769043,0.12881151252893228,283736.9315771272,52.75760278627251,0.0,31.50513195991516,175.30530428886414,59.98234510421753,2985.511150282785,37.68549983827028,1558.339116110114,64.0,0.0,348.35368473794426,365.4858331676792,64.0,49621.0,0.999405570652174,1.0,sustained_overload,contiguous
1779704064.2038476,91223,64,49749,44427,8.632032819377855e-05,95.53277977554704,168.7272229194641,175.1702482700348,0.0,95.58283266486971,0.03882304663510667,0.00019229318677764577,6.0860444659646225e-05,5.192693424899738e-05,1.0,0,1.0,175.4352900981903,0.12864580192566685,284242.9014288264,52.825560652395524,0.0,31.50513195991516,175.480327129364,59.98234510421753,2985.511150282785,37.68549983827028,1558.339116110114,64.0,0.0,417.08841995425684,365.6665599598964,64.0,49685.0,0.9994059293904647,1.0,sustained_overload,contiguous
1779704064.6136365,91286,64,50372,43804,4.352660934614505e-05,95.89197340080379,169.15099358558655,175.59652543067932,0.0,95.92997606553358,0.03883556797079844,0.000191800398369358,6.0860444659646225e-05,5.1903312173225395e-05,1.0,0,1.0,175.8450789451599,0.12705471293575796,129056.70906149075,53.48708800543663,0.0,31.50513195991516,175.89011597633362,93.01105976104736,2124.6257353964475,37.92815580284386,1560.822829352598,623.0,0.0,153.73771264368486,1520.295158365328,1601.0,51285.0,0.9994062876960192,1.0,sustained_overload,contiguous
1779704064.7921052,91353,64,49411,44765,6.515198433021396e-05,95.9974824097864,169.32120370864868,175.77240681648254,0.0,96.03668529511133,0.03886499421181532,0.00019139804124018438,6.0860444659646225e-05,5.190392116483618e-05,1.0,0,1.0,176.02354764938354,0.12952581408997998,288347.47371458495,52.4666581719334,0.0,31.50513195991516,176.06858468055725,0.00020503997802734375,4.236453201970443,37.76253156370471,1554.0255089327263,0.0,961.0,375.41596041423975,5384.697581463946,577.0,50884.0,0.9994066455696202,1.0,sustained_overload,contiguous
1779704064.942639,91413,64,49475,44701,5.268187500462318e-05,96.08174863712136,169.4650821685791,175.9200189113617,0.0,96.12207465366369,0.03886499421181532,0.00019139804124018438,6.07938535751835e-05,5.1902590474238e-05,1.0,0,1.0,176.17408156394958,0.12935826174835777,328663.4785432026,52.534616038056406,0.0,31.50513195991516,176.2191185951233,0.00020503997802734375,4.236453201970443,37.76253156370471,1554.0255089327263,64.0,0.0,398.5812776673503,425.1533628451737,64.0,49411.0,0.9994070030120482,1.0,sustained_overload,contiguous
1779704065.0921721,91483,64,49539,44637,5.919298436651843e-05,96.16167463195696,169.6139361858368,176.07379841804504,0.0,96.19984231982227,0.03886499421181532,0.00019139804124018438,6.07938535751835e-05,5.1921598375936995e-05,1.0,0,1.0,176.32361459732056,0.12919114233230386,331291.34668926493,52.60257390417941,0.0,31.50513195991516,176.36865162849426,0.00020503997802734375,4.236453201970443,37.76253156370471,1554.0255089327263,64.0,0.0,468.1239885393033,427.9990752359344,64.0,49475.0,0.9994073600240819,1.0,sustained_overload,contiguous
1779704065.251981,91549,64,49603,44573,9.646010940400629e-05,96.24457905351491,169.76119756698608,176.22636651992798,0.0,96.28724354910682,0.03886499421181532,0.00019139804124018438,6.07938535751835e-05,5.213157891673992e-05,1.0,0,1.0,176.4834234714508,0.12902445416607866,310389.521670568,52.67053177030241,0.0,31.50513195991516,176.5284605026245,0.00020503997802734375,4.236453201970443,37.76253156370471,1554.0255089327263,64.0,0.0,412.99333569053255,400.4783861241528,64.0,49539.0,0.9994077166064982,1.0,sustained_overload,contiguous
1779704065.4021142,91611,64,49667,44509,6.304128122280872e-05,96.33433539619602,169.91247606277466,176.38161897659302,0.0,96.3746315695544,0.03886499421181532,0.00019139804124018438,6.07938535751835e-05,5.211263019709906e-05,1.0,0,1.0,176.63355660438538,0.12885819558258,330819.7133383304,52.73848963642541,0.0,31.50513195991516,176.67859363555908,0.00020503997802734375,4.236453201970443,37.76253156370471,1554.0255089327263,64.0,0.0,412.9668034505101,426.28831323923623,64.0,49603.0,0.9994080727600722,1.0,sustained_overload,contiguous
1779704065.5552664,91674,64,49731,44445,6.367973438159424e-05,96.41833111823415,170.05874872207642,176.53215622901917,0.0,96.45822994839456,0.03886499421181532,0.00019139804124018438,6.07938535751835e-05,5.2114365674578016e-05,1.0,0,1.0,176.7867088317871,0.12869236492328728,324716.1392537288,52.806447502548416,0.0,31.50513195991516,176.83174586296082,0.00020503997802734375,4.236453201970443,37.76253156370471,1554.0255089327263,64.0,0.0,411.35542766051185,417.88487889321834,64.0,49667.0,0.9994084284855769,1.0,sustained_overload,contiguous
1779704065.7103293,91742,64,49795,44381,5.598228125336391e-05,96.49984960605768,170.20811820030212,176.6854784488678,0.0,96.544877927404,0.03886499421181532,0.00019139804124018438,6.07938535751835e-05,5.214024861947268e-05,1.0,0,1.0,176.94177174568176,0.12852696053820664,321127.7200287216,52.87440536867143,0.0,31.50513195991516,176.98680877685547,0.00020503997802734375,4.236453201970443,37.76253156370471,1554.0255089327263,64.0,0.0,438.53167912346765,412.7356979985578,64.0,49731.0,0.9994087837837838,1.0,sustained_overload,contiguous
1779704065.8671477,91798,64,49859,44317,5.9724531269012004e-05,96.59611485751361,170.35985326766968,176.84098649024963,0.0,96.63927232564056,0.03886499421181532,0.00019139804124018438,6.07938535751835e-05,5.215608739348718e-05,1.0,0,1.0,177.09859013557434,0.128361980785816,317941.0274149213,52.942363234794435,0.0,31.50513195991516,177.14362716674805,0.00020503997802734375,4.236453201970443,37.76253156370471,1554.0255089327263,64.0,0.0,357.1009754554964,408.1154005205673,64.0,49795.0,0.9994091386554622,1.0,sustained_overload,contiguous
1779704066.0206003,91857,64,49923,44253,4.243534363013168e-05,96.68691826281183,170.50930833816528,176.99419116973877,0.0,96.73005217823747,0.03886499421181532,0.00019139804124018438,6.07938535751835e-05,5.212408398548666e-05,1.0,0,1.0,177.25204277038574,0.12819742403301085,325331.6572984042,53.01032110091744,0.0,31.50513195991516,177.29707980155945,0.00020503997802734375,4.236453201970443,37.76253156370471,1554.0255089327263,64.0,0.0,384.4834601407337,417.0668042204569,64.0,49859.0,0.9994094931013797,1.0,sustained_overload,contiguous
1779704066.1767871,91919,64,49987,44189,5.2339140523827155e-05,96.77778263668205,170.66099977493286,177.15063428878784,0.0,96.82059763545082,0.03886499421181532,0.00019139804124018438,6.07938535751835e-05,5.2132547415712696e-05,1.0,0,1.0,177.40822958946228,0.12803328865505031,320046.2132179302,53.07827896704044,0.0,31.50513195991516,177.453266620636,0.00020503997802734375,4.236453201970443,37.76253156370471,1554.0255089327263,64.0,0.0,396.9605141239057,409.7656919988704,64.0,49923.0,0.9994098471223022,1.0,sustained_overload,contiguous
1779704066.3276808,91985,64,50051,44125,4.4946093694875344e-05,96.86192345244824,170.8099708557129,177.30455827713013,0.0,96.9038598443947,0.03886499421181532,0.00019139804124018438,6.07938535751835e-05,5.210273061970181e-05,1.0,0,1.0,177.55912327766418,0.12786957303550378,331697.1080528493,53.14623683316344,0.0,31.50513195991516,177.6041603088379,0.00020503997802734375,4.236453201970443,37.76253156370471,1554.0255089327263,64.0,0.0,437.39404070823866,424.139675838292,64.0,49987.0,0.9994102007189934,1.0,sustained_overload,contiguous
1779704066.4809272,92045,64,50115,44061,4.479512496402549e-05,96.95049397338732,170.95631623268127,177.456618309021,0.0,96.99249751304698,0.03886499421181532,0.00019139804124018438,6.07938535751835e-05,5.2081042379850055e-05,1.0,0,1.0,177.71236968040466,0.12770627556619774,327022.3581356708,53.214194699286445,0.0,31.50513195991516,177.75740671157837,0.00020503997802734375,4.236453201970443,37.76253156370471,1554.0255089327263,64.0,0.0,391.52631922857915,417.6280738438178,64.0,50051.0,0.9994105538922156,1.0,sustained_overload,contiguous
1779704066.6366436,92111,64,50179,43997,4.9860406221569065e-05,97.03367231170944,171.1022825241089,177.60960268974304,0.0,97.07530642440462,0.03886499421181532,0.00019139804124018438,6.07938535751835e-05,5.2061029576448036e-05,1.0,0,1.0,177.86808609962463,0.12754339464716316,322246.0434895778,53.28215256540945,0.0,31.50513195991516,177.91312313079834,0.00020503997802734375,4.236453201970443,37.76253156370471,1554.0255089327263,64.0,0.0,423.8474037009931,411.00354298278114,64.0,50115.0,0.9994109066427289,1.0,sustained_overload,contiguous
1779704066.7911444,92171,64,50243,43933,4.7292671865761804e-05,97.12686816038125,171.25263094902039,177.7663288116455,0.0,97.16923339801878,0.03886499421181532,0.00019139804124018438,6.07938535751835e-05,5.2046401600337434e-05,1.0,0,1.0,178.02258682250977,0.12738092868658318,325195.889454541,53.35011043153245,0.0,31.50513195991516,178.06762385368347,0.00020503997802734375,4.236453201970443,37.76253156370471,1554.0255089327263,64.0,0.0,388.34769753542696,414.2375440377888,64.0,50179.0,0.9994112589712919,1.0,sustained_overload,contiguous
1779704066.9731865,92236,64,49710,44466,5.215039062989035e-05,97.23716375882414,171.4279432296753,177.945294380188,0.0,97.28016900323423,0.038884428082680215,0.00019092867974521353,6.07938535751835e-05,5.2043307722787806e-05,1.0,0,1.0,178.20462894439697,0.12874673104003218,281978.69519344106,52.78414882772681,0.0,31.50513195991516,178.24966597557068,79.98381423950195,2854.959640901792,37.94610235794731,1559.6817442891136,0.0,533.0,357.06021950388975,2927.893799931896,577.0,50755.0,0.999411610878661,1.0,sustained_overload,contiguous
1779704067.1281984,92301,64,49774,44402,6.218965621940242e-05,97.3253642157709,171.58204674720764,178.10232734680176,0.0,97.36675192732237,0.038884428082680215,0.00019092867974521353,6.0698114724523095e-05,5.205166662155706e-05,1.0,0,1.0,178.3596408367157,0.12858118696508217,321097.9445219459,52.85210669384981,0.0,31.50513195991516,178.4046778678894,79.98381423950195,2854.959640901792,37.94610235794731,1559.6817442891136,64.0,0.0,419.3226663303428,412.8715483867991,64.0,49710.0,0.9994119623655914,1.0,sustained_overload,contiguous
1779704067.2868822,92366,64,49838,44338,5.718262507059535e-05,97.41137341691895,171.7302610874176,178.25717496871948,0.0,97.45790580921536,0.038884428082680215,0.00019092867974521353,6.0698114724523095e-05,5.3267921457077575e-05,1.0,0,1.0,178.51832461357117,0.12841606806051606,314071.17342179915,52.920064559972815,0.0,31.50513195991516,178.56336164474487,79.98381423950195,2854.959640901792,37.94610235794731,1559.6817442891136,64.0,0.0,409.61969325448337,403.31785181979905,64.0,49774.0,0.9994123134328359,1.0,sustained_overload,contiguous
1779704067.4456172,92429,64,49902,44274,4.766321868032719e-05,97.50111696855966,171.88294625282288,178.4136734008789,0.0,97.54590194459647,0.038884428082680215,0.00019092867974521353,6.0698114724523095e-05,5.2613622562858985e-05,1.0,0,1.0,178.67705965042114,0.12825137269047332,314372.9386421702,52.98802242609582,0.0,31.50513195991516,178.72209668159485,79.98381423950195,2854.959640901792,37.94610235794731,1559.6817442891136,64.0,0.0,396.8878027825883,403.18760917596273,64.0,49838.0,0.9994126640811456,1.0,sustained_overload,contiguous
1779704067.6012802,92496,64,49966,44210,4.818790623062341e-05,97.58974597154732,172.03835320472717,178.57329106330872,0.0,97.63194002352836,0.038884428082680215,0.00019092867974521353,6.0698114724523095e-05,5.238952851038301e-05,1.0,0,1.0,178.8327226638794,0.1280870992274747,320988.26105149655,53.05598029221883,0.0,31.50513195991516,178.8777596950531,79.98381423950195,2854.959640901792,37.94610235794731,1559.6817442891136,64.0,0.0,430.4169533372747,411.14455244157585,64.0,49902.0,0.9994130143112702,1.0,sustained_overload,contiguous
1779704067.7582636,92559,64,50030,44146,4.876559377464673e-05,97.67949042851714,172.19116926193237,178.72981691360474,0.0,97.72255528272802,0.038884428082680215,0.00019092867974521353,6.0698114724523095e-05,5.2300603765512755e-05,1.0,0,1.0,178.9897060394287,0.12792324605236857,318696.1665522541,53.12393815834183,0.0,31.50513195991516,179.03474307060242,79.98381423950195,2854.959640901792,37.94610235794731,1559.6817442891136,64.0,0.0,401.3163800278235,407.6864812981064,64.0,49966.0,0.9994133641239571,1.0,sustained_overload,contiguous
1779704067.9112558,92624,64,50094,44082,4.3714859373267245e-05,97.76598701503428,172.34239530563354,178.88520979881287,0.0,97.80849222529386,0.038884428082680215,0.00019092867974521353,6.0698114724523095e-05,5.222137967798552e-05,1.0,0,1.0,179.14269828796387,0.12775981155427796,327428.3532638508,53.19189602446484,0.0,31.50513195991516,179.18773531913757,79.98381423950195,2854.959640901792,37.94610235794731,1559.6817442891136,64.0,0.0,424.8581259661896,418.3218471051713,64.0,50030.0,0.9994137135199523,1.0,sustained_overload,contiguous
1779704068.0655904,92687,64,50158,44018,5.738585934977891e-05,97.85214206260859,172.48911809921265,179.03816199302673,0.0,97.89527542439536,0.038884428082680215,0.00019092867974521353,6.0698114724523095e-05,5.217156485051466e-05,1.0,0,1.0,179.29703283309937,0.12759679413054748,324995.2883585705,53.25985389058784,0.0,31.50513195991516,179.34206986427307,79.98381423950195,2854.959640901792,37.94610235794731,1559.6817442891136,64.0,0.0,408.2041382549133,414.6835690208643,64.0,50094.0,0.9994140625,1.0,sustained_overload,contiguous
1779704068.2518141,92752,64,49462,44714,5.843071873812278e-05,97.96439110241653,172.66855788230896,179.21894764900208,0.0,98.00849414872788,0.038934054406913554,0.00018998175053983122,6.0698114724523095e-05,5.214085238060543e-05,1.0,0,1.0,179.48325657844543,0.12939226072540536,277945.22070110706,52.520812096500165,0.0,31.50513195991516,179.52829360961914,41.25939130783081,3059.6321411352496,38.07926979969288,1571.987940668149,0.0,696.0,349.0424912204783,3737.4395982992755,834.0,50926.0,0.9994144110648423,1.0,sustained_overload,contiguous
1779704068.4069865,92814,64,49526,44650,5.299868757902004e-05,98.05561568416698,172.82159566879272,179.3759744167328,0.0,98.09834968457524,0.038934054406913554,0.00018998175053983122,6.050417622722003e-05,5.2109714786371e-05,1.0,0,1.0,179.6384289264679,0.12922505350724872,319167.6908364575,52.588769962623175,0.0,31.50513195991516,179.6834659576416,41.25939130783081,3059.6321411352496,38.07926979969288,1571.987940668149,64.0,0.0,399.55572490934793,412.44461926126235,64.0,49462.0,0.9994147592152199,1.0,sustained_overload,contiguous
1779704068.556902,92873,64,49590,44586,4.034174999389961e-05,98.14655014709831,172.9711139202118,179.52955675125122,0.0,98.18798084587378,0.038934054406913554,0.00018998175053983122,6.050417622722003e-05,5.1924772574672564e-05,1.0,0,1.0,179.78834438323975,0.12905827787860455,330786.4383555108,52.65672782874618,0.0,31.50513195991516,179.83338141441345,41.25939130783081,3059.6321411352496,38.07926979969288,1571.987940668149,64.0,0.0,393.5551494852821,426.9072807975941,64.0,49526.0,0.9994151069518716,1.0,sustained_overload,contiguous
1779704068.7065158,92881,64,49654,44522,3.93188437186609e-05,98.28590434126488,173.11936831474304,179.67781114578247,0.0,98.33534000627314,0.038934054406913554,0.00018998175053983122,6.050417622722003e-05,5.189519498138156e-05,1.0,0,1.0,179.93795824050903,0.1288919321706207,331881.02296319196,52.72468569486918,0.0,31.50513195991516,179.98299527168274,41.25939130783081,3059.6321411352496,38.07926979969288,1571.987940668149,64.0,0.0,53.470982875609934,427.7678630048795,64.0,49590.0,0.9994154542755345,1.0,sustained_overload,contiguous
1779704068.8558133,92881,64,49718,44458,3.745276563904554e-05,98.43460133829093,173.26853919029236,179.8269820213318,0.0,98.48366339991956,0.038934054406913554,0.00018998175053983122,6.050417622722003e-05,5.1862613109893834e-05,1.0,0,1.0,180.08725571632385,0.12872601472303793,333012.9979000286,52.79264356099218,0.0,31.50513195991516,180.13229274749756,41.25939130783081,3059.6321411352496,38.07926979969288,1571.987940668149,64.0,0.0,0.0,428.6743607064208,64.0,49654.0,0.9994158011869436,1.0,sustained_overload,contiguous
1779704069.0309863,92880,64,50530,43646,4.345057813281983e-05,98.60895841252197,173.44345235824585,179.9994592666626,0.0,98.65888193375562,0.03893963576165915,0.00018954758692269372,6.050417622722003e-05,5.189739536257928e-05,1.0,0,1.0,180.26242876052856,0.12665743122897288,301730.2133439676,53.65485898742779,0.0,31.50513195991516,180.30746579170227,40.03730297088623,2690.5381896756726,38.08767337553491,1576.788585513675,812.0,0.0,-5.708640873029376,4635.416388899853,1601.0,51254.0,0.9994161476868327,1.0,sustained_overload,contiguous
1779704069.204163,92879,64,49313,44863,4.201742179077428e-05,98.78284257471581,173.61789298057556,180.17164516448975,0.0,98.83180376434707,0.0389434835254746,0.00018916914127017028,6.050417622722003e-05,5.186211102673303e-05,1.0,0,1.0,180.43560552597046,0.12978322146290025,295114.646988529,52.362597689432555,0.0,31.50513195991516,180.48064255714417,0.00024366378784179688,3.9921875,37.924906581894966,1570.0672333854113,0.0,1217.0,-5.7744466900528115,7027.501621794272,321.0,50786.0,0.9994164937759336,1.0,sustained_overload,contiguous
1779704069.3807096,92878,64,48667,45509,4.358185944397519e-05,98.95765671470633,173.79326844215393,180.34552240371704,0.0,99.0067487995765,0.038947362963571194,0.00018878844270738072,6.047979233756898e-05,5.1842355391794745e-05,1.0,0,1.0,180.61215209960938,0.1315059485893932,282588.32200299803,51.676647978253484,0.0,31.50513195991516,180.65718913078308,93.51386189460754,2841.57286701711,38.16145532790651,1575.4778956561845,0.0,646.0,-5.664227741090359,3659.091120744372,321.0,49569.0,0.9994168394549763,1.0,sustained_overload,contiguous
1779704069.5289583,92878,64,48731,45445,3.955103133534976e-05,99.10652287127638,173.94261384010315,180.49486780166626,0.0,99.15549470347219,0.038947362963571194,0.00018878844270738072,6.038209666376529e-05,5.1762908835004084e-05,1.0,0,1.0,180.76040077209473,0.13133323756951426,328711.20653586363,51.74460584437649,0.0,31.50513195991516,180.80543780326843,93.51386189460754,2841.57286701711,38.16145532790651,1575.4778956561845,64.0,0.0,0.0,431.7070697973625,64.0,48667.0,0.9994171847246892,1.0,sustained_overload,contiguous
1779704069.6794205,92878,64,48795,45381,3.923806251293627e-05,99.25434691721973,174.090913772583,180.64316773414612,0.0,99.30472304398639,0.038947362963571194,0.00018878844270738072,6.038209666376529e-05,5.166021394224426e-05,1.0,0,1.0,180.91086292266846,0.13116097960856643,324300.8279088045,51.81256371049949,0.0,31.50513195991516,180.95589995384216,93.51386189460754,2841.57286701711,38.16145532790651,1575.4778956561845,64.0,0.0,0.0,425.3561427638793,64.0,48731.0,0.9994175295857988,1.0,sustained_overload,contiguous
1779704069.8330326,92878,64,48859,45317,3.937584368429725e-05,99.40434026437187,174.24021816253662,180.79364395141602,0.0,99.45651115042078,0.038947362963571194,0.00018878844270738072,6.038209666376529e-05,5.1663243074919964e-05,1.0,0,1.0,181.06447505950928,0.13098917292617532,318067.31554440816,51.8805215766225,0.0,31.50513195991516,181.10951209068298,93.51386189460754,2841.57286701711,38.16145532790651,1575.4778956561845,64.0,0.0,0.0,416.63374598010853,64.0,48795.0,0.9994178740390302,1.0,sustained_overload,contiguous
1779704069.9844222,92878,64,48923,45253,4.0869859432746125e-05,99.55786419201888,174.39423632621765,180.94766211509705,0.0,99.60833870733728,0.038947362963571194,0.00018878844270738072,6.038209666376529e-05,5.163935536631195e-05,1.0,0,1.0,181.2158646583557,0.13081781575128262,323159.58541924553,51.9484794427455,0.0,31.50513195991516,181.26090168952942,93.51386189460754,2841.57286701711,38.16145532790651,1575.4778956561845,64.0,0.0,0.0,422.7503110363574,64.0,48859.0,0.9994182180851063,1.0,sustained_overload,contiguous
1779704070.134777,92878,64,48987,45189,3.937110932383803e-05,99.70849112341976,174.54534816741943,181.09877395629883,0.0,99.75831327986238,0.038947362963571194,0.00018878844270738072,6.038209666376529e-05,5.160924622613253e-05,1.0,0,1.0,181.36621952056885,0.13064690632208545,325809.21746686666,52.016437308868504,0.0,31.50513195991516,181.41125655174255,93.51386189460754,2841.57286701711,38.16145532790651,1575.4778956561845,64.0,0.0,0.0,425.659663132657,64.0,48923.0,0.999418561724749,1.0,sustained_overload,contiguous
1779704070.2858632,92878,64,49051,45125,4.0741546939671025e-05,99.85873091725828,174.69607162475586,181.24949741363525,0.0,99.90881045244862,0.038947362963571194,0.00018878844270738072,6.038209666376529e-05,5.159212988951532e-05,1.0,0,1.0,181.5173056125641,0.13047644288597582,324655.95841571974,52.084395174991506,0.0,31.50513195991516,181.5623426437378,93.51386189460754,2841.57286701711,38.16145532790651,1575.4778956561845,64.0,0.0,0.0,423.59954615820396,64.0,48987.0,0.9994189049586777,1.0,sustained_overload,contiguous
1779704070.4362922,92878,64,49115,45061,3.9996343772941145e-05,100.00913920743304,174.84696412086487,181.40038990974426,0.0,100.0588912560912,0.038947362963571194,0.00018878844270738072,6.038209666376529e-05,5.157134879611801e-05,1.0,0,1.0,181.66773462295532,0.1303064236994808,326499.52208195644,52.15235304111451,0.0,31.50513195991516,181.71277165412903,93.51386189460754,2841.57286701711,38.16145532790651,1575.4778956561845,64.0,0.0,0.0,425.44985062089404,64.0,49051.0,0.9994192477876106,1.0,sustained_overload,contiguous
1779704070.6115868,92877,64,49479,44697,4.181043752282676e-05,100.18252673732714,175.02091026306152,181.5732171535492,0.0,100.2332756713426,0.03894981463750204,0.00018836259841918944,6.038209666376529e-05,5.1558212409659465e-05,1.0,0,1.0,181.84302926063538,0.12934780411891914,298080.9948982576,52.538863404689096,0.0,31.50513195991516,181.88806629180908,95.4021475315094,2258.4118798587306,38.404000633853975,1578.3716837248394,364.0,0.0,-5.704681062892474,2076.503906892861,1601.0,50651.0,0.9994195902122641,1.0,sustained_overload,contiguous
1779704070.7890844,92875,64,47518,46658,4.437224990283539e-05,100.35968870254179,175.19864535331726,181.7484269142151,0.0,100.41088735787714,0.038959331070350496,0.00018744831843091952,6.038209666376529e-05,5.154408005526263e-05,1.0,0,1.0,182.02052688598633,0.13468580327454857,284899.58612130093,50.45659191301392,0.0,31.50513195991516,182.06556391716003,0.00022649765014648438,3.7109375,38.36563358587377,1577.4309036054574,0.0,1961.0,-11.267756377278607,11048.035127921674,578.0,49991.0,0.999419932233353,1.0,sustained_overload,contiguous
1779704070.9348896,92875,64,47582,46594,3.592735940571856e-05,100.5089564250398,175.34839844703674,181.89818000793457,0.0,100.55718926041246,0.038959331070350496,0.00018744831843091952,6.0174044440774354e-05,5.1521830083783994e-05,1.0,0,1.0,182.16633200645447,0.1345046446135093,326339.70499271527,50.52454977913694,0.0,31.50513195991516,182.21136903762817,0.00022649765014648438,3.7109375,38.36563358587377,1577.4309036054574,64.0,0.0,0.0,438.94206043322635,64.0,47518.0,0.9994202738515902,1.0,sustained_overload,contiguous
1779704071.0889306,92875,64,47646,46530,5.5910828152150316e-05,100.65968044118615,175.49961256980896,182.0493941307068,0.0,100.7100535149069,0.038959331070350496,0.00018744831843091952,6.0174044440774354e-05,5.140435792753775e-05,1.0,0,1.0,182.3203730583191,0.13432397263149057,309307.1582104799,50.59250764525994,0.0,31.50513195991516,182.3654100894928,0.00022649765014648438,3.7109375,38.36563358587377,1577.4309036054574,64.0,0.0,0.0,415.47366254188626,64.0,47582.0,0.9994206150676869,1.0,sustained_overload,contiguous
1779704071.2416441,92875,64,47710,46466,4.011040628881801e-05,100.80906294662023,175.64817571640015,182.19926238059998,0.0,100.86001064795875,0.038959331070350496,0.00018744831843091952,6.0174044440774354e-05,5.1400866699583205e-05,1.0,0,1.0,182.47308659553528,0.1341437853699434,312415.0017719784,50.660465511382945,0.0,31.50513195991516,182.51812362670898,0.00022649765014648438,3.7109375,38.36563358587377,1577.4309036054574,64.0,0.0,0.0,419.08530944050756,64.0,47646.0,0.9994209558823529,1.0,sustained_overload,contiguous
1779704071.3902562,92875,64,47774,46402,4.2522218777207854e-05,100.96157097001499,175.79879593849182,182.3522663116455,0.0,101.01080999783332,0.038959331070350496,0.00018744831843091952,6.0174044440774354e-05,5.138533106018306e-05,1.0,0,1.0,182.62169861793518,0.13396408088081382,321467.93528887065,50.72842337750595,0.0,31.50513195991516,182.6667356491089,0.00022649765014648438,3.7109375,38.36563358587377,1577.4309036054574,64.0,0.0,0.0,430.6515648362649,64.0,47710.0,0.9994212962962963,1.0,sustained_overload,contiguous
1779704071.531018,92875,64,47838,46338,4.044437500283493e-05,101.10947222898851,175.94717812538147,182.50064849853516,0.0,101.15366793699526,0.038959331070350496,0.00018744831843091952,6.0174044440774354e-05,5.137737558535658e-05,1.0,0,1.0,182.76246047019958,0.13378485722647268,339850.60036111233,50.79638124362895,0.0,31.50513195991516,182.8074975013733,0.00022649765014648438,3.7109375,38.36563358587377,1577.4309036054574,64.0,0.0,0.0,454.6686404764244,64.0,47774.0,0.9994216363102233,1.0,sustained_overload,contiguous
1779704071.6754596,92875,64,47902,46274,4.272143742412027e-05,101.24988194080625,176.08804440498352,182.6415147781372,0.0,101.29604535628825,0.038959331070350496,0.00018744831843091952,6.0174044440774354e-05,5.137635277145318e-05,1.0,0,1.0,182.90690207481384,0.13360611247964593,331635.75084842,50.86433910975195,0.0,31.50513195991516,182.95193910598755,0.00022649765014648438,3.7109375,38.36563358587377,1577.4309036054574,64.0,0.0,0.0,443.08563430125844,64.0,47838.0,0.9994219759248385,1.0,sustained_overload,contiguous
1779704071.8193426,92875,64,47966,46210,4.561782819223481e-05,101.39497422606509,176.2336084842682,182.78707885742188,0.0,101.44062527713687,0.038959331070350496,0.00018744831843091952,6.0174044440774354e-05,5.14606535412215e-05,1.0,0,1.0,183.05078506469727,0.1334278447233457,333368.1072297921,50.932296975874955,0.0,31.50513195991516,183.09582209587097,0.00022649765014648438,3.7109375,38.36563358587377,1577.4309036054574,64.0,0.0,0.0,444.8058804717236,64.0,47902.0,0.9994223151408451,1.0,sustained_overload,contiguous
1779704071.9635277,92875,64,48030,46146,4.481256249277976e-05,101.53814728359806,176.37724709510803,182.93071746826172,0.0,101.58180163440329,0.038959331070350496,0.00018744831843091952,6.0174044440774354e-05,5.143606192141938e-05,1.0,0,1.0,183.1949701309204,0.13325005205080157,333113.5550866796,51.00025484199796,0.0,31.50513195991516,183.24000716209412,0.00022649765014648438,3.7109375,38.36563358587377,1577.4309036054574,64.0,0.0,0.0,443.87398554127617,64.0,47966.0,0.9994226539589443,1.0,sustained_overload,contiguous
1779704072.1270037,92874,64,48547,45629,3.872957809392119e-05,101.70402199869136,176.54366159439087,183.09587931632996,0.0,101.74799978724235,0.03895639507683984,0.0001870035731753107,6.0174044440774354e-05,5.141690446977509e-05,1.0,0,1.0,183.35844612121582,0.13183100912517765,312993.97487997107,51.54922697927285,0.0,31.50513195991516,183.40348315238953,78.076904296875,2982.6385179265685,38.53178953027127,1583.3104333724914,517.0,0.0,-6.117106238004399,3162.543925048274,1601.0,49566.0,0.9994229923798359,1.0,sustained_overload,contiguous
1779704072.2907195,92873,64,47330,46846,3.913012493228507e-05,101.8667311790961,176.70690202713013,183.25781345367432,0.0,101.91119850927592,0.03895463833683416,0.00018656332241861443,6.0174044440774354e-05,5.139447468320845e-05,1.0,0,1.0,183.5221619606018,0.1352207901964927,300056.4892452605,50.25696568127761,0.0,31.50513195991516,183.5671989917755,0.00021219253540039062,4.027149321266968,38.371241291364036,1576.7300863556113,0.0,1217.0,-6.108144476126954,7433.611827446503,321.0,48803.0,0.9994233304042179,1.0,sustained_overload,contiguous
1779704072.4322503,92873,64,47394,46782,3.799756248668018e-05,102.00596320924274,176.84658980369568,183.39750123023987,0.0,102.04917151892612,0.03895463833683416,0.00018656332241861443,6.0070306062698364e-05,5.137100901226518e-05,1.0,0,1.0,183.6636927127838,0.13503819048824747,334867.1526810787,50.324923547400616,0.0,31.50513195991516,183.70872974395752,0.00021219253540039062,4.027149321266968,38.371241291364036,1576.7300863556113,64.0,0.0,0.0,452.1985435200456,64.0,47330.0,0.9994236680327869,1.0,sustained_overload,contiguous
1779704072.5709517,92873,64,47458,46718,3.727709376732946e-05,102.14690553959942,176.98799347877502,183.5389049053192,0.0,102.19071127803478,0.03895463833683416,0.00018656332241861443,6.0070306062698364e-05,5.1293611963633216e-05,1.0,0,1.0,183.80239415168762,0.13485608327363144,342159.39196501626,50.39288141352362,0.0,31.50513195991516,183.84743118286133,0.00021219253540039062,4.027149321266968,38.371241291364036,1576.7300863556113,64.0,0.0,0.0,461.42275455689327,64.0,47394.0,0.9994240052662375,1.0,sustained_overload,contiguous
1779704072.710271,92873,64,47522,46654,3.8831515723813936e-05,102.28598048923489,177.1275236606598,183.67843508720398,0.0,102.32940624017047,0.03895463833683416,0.00018656332241861443,6.0070306062698364e-05,5.1267220059370624e-05,1.0,0,1.0,183.94171333312988,0.1346744665628551,341101.630859746,50.46083927964662,0.0,31.50513195991516,183.9867503643036,0.00021219253540039062,4.027149321266968,38.371241291364036,1576.7300863556113,64.0,0.0,0.0,459.37680179756205,64.0,47458.0,0.9994243421052632,1.0,sustained_overload,contiguous
1779704072.849071,92873,64,47586,46590,3.665350000403578e-05,102.42429094869726,177.2662868499756,183.81719827651978,0.0,102.46770125298652,0.03895463833683416,0.00018656332241861443,6.0070306062698364e-05,5.124664779672059e-05,1.0,0,1.0,184.08051347732544,0.13449333837683353,342838.2605493241,50.52879714576962,0.0,31.50513195991516,184.12555050849915,0.00021219253540039062,4.027149321266968,38.371241291364036,1576.7300863556113,64.0,0.0,0.0,461.0946218458526,64.0,47522.0,0.9994246785505553,1.0,sustained_overload,contiguous
1779704072.9882138,92873,64,47650,46526,3.736559375511206e-05,102.56271713918677,177.4051661491394,183.9560775756836,0.0,102.60628523690933,0.03895463833683416,0.00018656332241861443,6.0070306062698364e-05,5.123245141751938e-05,1.0,0,1.0,184.21965622901917,0.13431269674711438,342454.0582960794,50.596755011892625,0.0,31.50513195991516,184.26469326019287,0.00021219253540039062,4.027149321266968,38.371241291364036,1576.7300863556113,64.0,0.0,0.0,459.95928081739936,64.0,47586.0,0.9994250146028038,1.0,sustained_overload,contiguous
1779704073.1299136,92873,64,47714,46462,4.0254531285199846e-05,102.70194631764485,177.544851064682,184.0957624912262,0.0,102.7473556556102,0.03895463833683416,0.00018656332241861443,6.0070306062698364e-05,5.1259957674788373e-05,1.0,0,1.0,184.36135601997375,0.1341325397158067,336725.97311940126,50.66471287801563,0.0,31.50513195991516,184.40639305114746,0.00021219253540039062,4.027149321266968,38.371241291364036,1576.7300863556113,64.0,0.0,0.0,451.65909962781745,64.0,47650.0,0.9994253502626971,1.0,sustained_overload,contiguous
1779704073.269144,92873,64,47778,46398,3.688289062608874e-05,102.84236964068477,177.6857340335846,184.23664546012878,0.0,102.88605418235659,0.03895463833683416,0.00018656332241861443,6.0070306062698364e-05,5.123517813868335e-05,1.0,0,1.0,184.5005865097046,0.13395286533551007,343157.5949518387,50.73267074413863,0.0,31.50513195991516,184.5456235408783,0.00021219253540039062,4.027149321266968,38.371241291364036,1576.7300863556113,64.0,0.0,0.0,459.6694310544116,64.0,47714.0,0.9994256855309218,1.0,sustained_overload,contiguous
1779704073.4088154,92873,64,47842,46334,3.8748406211652764e-05,102.98184905481342,177.825670003891,184.37658143043518,0.0,103.02582898389127,0.03895463833683416,0.00018656332241861443,6.0070306062698364e-05,5.121793526512486e-05,1.0,0,1.0,184.64025783538818,0.13377367166924461,342532.72649806086,50.80062861026163,0.0,31.50513195991516,184.6852948665619,0.00021219253540039062,4.027149321266968,38.371241291364036,1576.7300863556113,64.0,0.0,0.0,458.2186049052275,64.0,47778.0,0.9994260204081633,1.0,sustained_overload,contiguous
1779704073.5479376,92873,64,47906,46270,3.716556250310532e-05,103.12056279056543,177.96246194839478,184.5157492160797,0.0,103.16429486037981,0.03895463833683416,0.00018656332241861443,6.0070306062698364e-05,5.11996624783131e-05,1.0,0,1.0,184.7793800830841,0.13359495679038116,344344.6378519368,50.868586476384635,0.0,31.50513195991516,184.8244171142578,0.00021219253540039062,4.027149321266968,38.371241291364036,1576.7300863556113,64.0,0.0,0.0,460.02707014828945,64.0,47842.0,0.9994263548951049,1.0,sustained_overload,contiguous
1779704073.6876736,92873,64,47970,46206,3.862882813621127e-05,103.25968194137347,178.10203647613525,184.6553237438202,0.0,103.3035202365865,0.03895463833683416,0.00018656332241861443,6.0070306062698364e-05,5.1194845298860284e-05,1.0,0,1.0,184.91911602020264,0.13341671878257244,343290.35886673664,50.93654434250765,0.0,31.50513195991516,184.96415305137634,0.00021219253540039062,4.027149321266968,38.371241291364036,1576.7300863556113,64.0,0.0,0.0,458.0067326969177,64.0,47906.0,0.9994266889924287,1.0,sustained_overload,contiguous
1779704073.8270597,92873,64,48034,46142,3.9004093807193385e-05,103.39899334351819,178.24180388450623,184.79509115219116,0.0,103.4425162895053,0.03895463833683416,0.00018656332241861443,6.0070306062698364e-05,5.1178707756524886e-05,1.0,0,1.0,185.05850219726562,0.1332389557396844,344610.92923363234,51.004502208630655,0.0,31.50513195991516,185.10353922843933,0.00021219253540039062,4.027149321266968,38.371241291364036,1576.7300863556113,64.0,0.0,0.0,459.1560034757145,64.0,47970.0,0.9994270227008148,1.0,sustained_overload,contiguous
1779704073.9661868,92873,64,48098,46078,3.657925003608398e-05,103.53742880199549,178.38069248199463,184.93397974967957,0.0,103.58134979617657,0.03895463833683416,0.00018656332241861443,6.0070306062698364e-05,5.116158015829967e-05,1.0,0,1.0,185.19762921333313,0.1330616657657283,345712.8698617578,51.07246007475366,0.0,31.50513195991516,185.24266624450684,0.00021219253540039062,4.027149321266968,38.371241291364036,1576.7300863556113,64.0,0.0,0.0,460.0113034045594,64.0,48034.0,0.9994273560209425,1.0,sustained_overload,contiguous
1779704074.128081,92871,64,47627,46549,4.043259377795039e-05,103.69964175267957,178.54343724250793,185.09426283836365,0.0,103.74284295335585,0.03895216362149108,0.0001856672997568168,6.0070306062698364e-05,5.115221431478352e-05,1.0,0,1.0,185.35952353477478,0.13437755894765574,310152.9414550671,50.57233265375467,0.0,31.50513195991516,185.4045605659485,40.626179933547974,3358.223374175045,38.5172063230483,1589.4737215047883,0.0,471.0,-12.353737809888754,2909.3052542288015,1090.0,49122.0,0.9994276889534883,1.0,sustained_overload,contiguous
1779704074.2667494,92871,64,47691,46485,3.816365618547479e-05,103.83758066084782,178.68183064460754,185.23265624046326,0.0,103.88093941392376,0.03895216362149108,0.0001856672997568168,5.986986234206562e-05,5.1136377941956485e-05,1.0,0,1.0,185.4981918334961,0.13419722798850936,343921.4329429848,50.640290519877674,0.0,31.50513195991516,185.5432288646698,40.626179933547974,3358.223374175045,38.5172063230483,1589.4737215047883,64.0,0.0,0.0,461.53302946784567,64.0,47627.0,0.9994280214991285,1.0,sustained_overload,contiguous
1779704074.4307587,92870,64,47265,46911,4.0028859288554486e-05,104.00051437396128,178.8453016281128,185.39467597007751,0.0,104.04413453177268,0.03895197784473531,0.0001852341505914247,5.986986234206562e-05,5.0993599955838784e-05,1.0,0,1.0,185.66220116615295,0.13540674918015444,297422.0991561335,50.187945973496426,0.0,31.50513195991516,185.70723819732666,68.47100281715393,2985.819452810902,38.640472975287416,1595.220000234443,0.0,426.0,-6.097214004840785,2597.4131660621742,577.0,48203.0,0.9994283536585366,1.0,sustained_overload,contiguous
1779704074.5928056,92869,64,46049,48127,3.957573436252915e-05,104.16171851437508,179.0070390701294,185.5552134513855,0.0,104.20577876940168,0.038948302919214424,0.000184820843981458,5.977218215529983e-05,5.0981521366400246e-05,1.0,0,1.0,185.82424807548523,0.13898238832547938,295235.49814764137,48.896746517159364,0.0,31.50513195991516,185.86928510665894,71.2511613368988,3243.9196666569537,38.774123337425166,1601.9769660804368,0.0,1216.0,-6.171052592860695,7503.999952918605,321.0,47521.0,0.9994286854323854,1.0,sustained_overload,contiguous
1779704074.7295687,92869,64,46113,48063,3.704229686718463e-05,104.29902639464214,179.14480233192444,185.69297671318054,0.0,104.34239395682617,0.038948302919214424,0.000184820843981458,5.967525335458609e-05,5.0895449726536644e-05,1.0,0,1.0,185.96101117134094,0.13878949537006918,337174.2918765886,48.96470438328237,0.0,31.50513195991516,186.00604820251465,71.2511613368988,3243.9196666569537,38.774123337425166,1601.9769660804368,64.0,0.0,0.0,467.9624982131214,64.0,46049.0,0.9994290168213457,1.0,sustained_overload,contiguous
1779704074.866193,92869,64,46177,47999,3.7023343722353275e-05,104.43524616495172,179.2789590358734,185.82964825630188,0.0,104.47871994795929,0.038948302919214424,0.000184820843981458,5.967525335458609e-05,5.0810905782924634e-05,1.0,0,1.0,186.09763550758362,0.1385971371028867,337985.17357829417,49.03266224940537,0.0,31.50513195991516,186.14267253875732,71.2511613368988,3243.9196666569537,38.774123337425166,1601.9769660804368,64.0,0.0,0.0,468.437774411738,64.0,46113.0,0.999429347826087,1.0,sustained_overload,contiguous
1779704075.0026948,92869,64,46241,47935,3.6141437504966234e-05,104.57149587670149,179.41566061973572,185.96634984016418,0.0,104.61464790804223,0.038948302919214424,0.000184820843981458,5.967525335458609e-05,5.0808462144533503e-05,1.0,0,1.0,186.23413729667664,0.13840531130382128,338757.4646987931,49.10062011552837,0.0,31.50513195991516,186.27917432785034,71.2511613368988,3243.9196666569537,38.774123337425166,1601.9769660804368,64.0,0.0,0.0,468.85832358129704,64.0,46177.0,0.9994296784472769,1.0,sustained_overload,contiguous
1779704075.1399603,92869,64,46305,47871,3.757114066615941e-05,104.70788579043312,179.5525028705597,186.10319209098816,0.0,104.7515461133657,0.038948302919214424,0.000184820843981458,5.967525335458609e-05,5.080130707912118e-05,1.0,0,1.0,186.37140274047852,0.13821401576503617,337339.09072434617,49.168577981651374,0.0,31.50513195991516,186.41643977165222,71.2511613368988,3243.9196666569537,38.774123337425166,1601.9769660804368,64.0,0.0,0.0,466.2499040353775,64.0,46241.0,0.999430008685582,1.0,sustained_overload,contiguous
1779704075.2774253,92869,64,46369,47807,3.676910944250267e-05,104.84467801256353,179.6897487640381,186.24043798446655,0.0,104.8883407118009,0.038948302919214424,0.000184820843981458,5.967525335458609e-05,5.078482158464857e-05,1.0,0,1.0,186.5088677406311,0.138023248290884,337314.9525226772,49.236535847774384,0.0,31.50513195991516,186.5539047718048,71.2511613368988,3243.9196666569537,38.774123337425166,1601.9769660804368,64.0,0.0,0.0,465.5730544426522,64.0,46305.0,0.9994303385416666,1.0,sustained_overload,contiguous
1779704075.4150486,92869,64,46433,47743,3.925245310654191e-05,104.98218122508328,179.82770800590515,186.37839722633362,0.0,105.02559203601425,0.038948302919214424,0.000184820843981458,5.967525335458609e-05,5.0774990359772406e-05,1.0,0,1.0,186.64649105072021,0.13783300669782267,337391.97211529466,49.304493713897386,0.0,31.50513195991516,186.69152808189392,71.2511613368988,3243.9196666569537,38.774123337425166,1601.9769660804368,64.0,0.0,0.0,465.0374995235901,64.0,46369.0,0.9994306680161943,1.0,sustained_overload,contiguous
1779704075.5528922,92869,64,46497,47679,3.698854683875652e-05,105.11911483734792,179.9639446735382,186.51578497886658,0.0,105.16274878329749,0.038948302919214424,0.000184820843981458,5.967525335458609e-05,5.076303908505429e-05,1.0,0,1.0,186.78433465957642,0.1376432888143321,337317.0536220203,49.37245158002039,0.0,31.50513195991516,186.82937169075012,71.2511613368988,3243.9196666569537,38.774123337425166,1601.9769660804368,64.0,0.0,0.0,464.2942863369529,64.0,46433.0,0.9994309971098266,1.0,sustained_overload,contiguous
1779704075.6908894,92869,64,46561,47615,3.825817188385372e-05,105.25676181630669,180.10204815864563,186.653888463974,0.0,105.30041596084686,0.038948302919214424,0.000184820843981458,5.967525335458609e-05,5.075195870061952e-05,1.0,0,1.0,186.92233180999756,0.1374540924808316,337405.51785239164,49.44040944614339,0.0,31.50513195991516,186.96736884117126,71.2511613368988,3243.9196666569537,38.774123337425166,1601.9769660804368,64.0,0.0,0.0,463.7776925442552,64.0,46497.0,0.9994313258232236,1.0,sustained_overload,contiguous
1779704075.852851,92868,64,45866,48310,4.01574843635899e-05,105.41808279798035,180.2626247406006,186.81429481506348,0.0,105.46141496188463,0.03894479297897191,0.000184397095615424,5.967525335458609e-05,5.074942614051238e-05,1.0,0,1.0,187.08429336547852,0.13953691187371908,294205.6209481302,48.70242949371389,0.0,31.50513195991516,187.12933039665222,100.56056213378906,2338.0869793539405,39.026312883532775,1604.9814967468592,0.0,695.0,-6.1743047418285455,4291.141795570839,577.0,47073.0,0.9994316541570438,1.0,sustained_overload,contiguous
1779704075.9900694,92868,64,45930,48246,3.7168171928669835e-05,105.55467203867656,180.39521670341492,186.9513385295868,0.0,105.59831240599172,0.03894479297897191,0.000184397095615424,5.959550996393079e-05,5.074052309653018e-05,1.0,0,1.0,187.2215118408203,0.1393424776834313,334721.69025047956,48.7703873598369,0.0,31.50513195991516,187.26654887199402,100.56056213378906,2338.0869793539405,39.026312883532775,1604.9814967468592,64.0,0.0,0.0,466.40949653887856,64.0,45866.0,0.9994319821119446,1.0,sustained_overload,contiguous
1779704076.1268687,92868,64,45994,48182,3.68727500017485e-05,105.69146231259221,180.53246212005615,187.08858394622803,0.0,105.73505135227688,0.03894479297897191,0.000184397095615424,5.959550996393079e-05,5.0670965911824524e-05,1.0,0,1.0,187.35831117630005,0.13914858459799104,336215.0834922217,48.838345225959905,0.0,31.50513195991516,187.40334820747375,100.56056213378906,2338.0869793539405,39.026312883532775,1604.9814967468592,64.0,0.0,0.0,467.83852988438036,64.0,45930.0,0.9994323096885813,1.0,sustained_overload,contiguous
1779704076.263554,92868,64,46058,48118,3.755131241689469e-05,105.82778849918215,180.6692419052124,187.22536373138428,0.0,105.87117603039155,0.03894479297897191,0.000184397095615424,5.959550996393079e-05,5.067113726171852e-05,1.0,0,1.0,187.49499654769897,0.13895523036171784,336963.6379417408,48.90630309208291,0.0,31.50513195991516,187.54003357887268,100.56056213378906,2338.0869793539405,39.026312883532775,1604.9814967468592,64.0,0.0,0.0,468.22859933717075,64.0,45994.0,0.9994326368876081,1.0,sustained_overload,contiguous
1779704076.4004164,92868,64,46122,48054,3.683799992870718e-05,105.96413179498225,180.80603885650635,187.36216068267822,0.0,106.00743282962915,0.03894479297897191,0.000184397095615424,5.959550996393079e-05,5.065401755932294e-05,1.0,0,1.0,187.6318588256836,0.13876241273145135,336995.706042415,48.97426095820591,0.0,31.50513195991516,187.6768958568573,100.56056213378906,2338.0869793539405,39.026312883532775,1604.9814967468592,64.0,0.0,0.0,467.62337250584454,64.0,46058.0,0.9994329637096774,1.0,sustained_overload,contiguous
1779704076.537859,92868,64,46186,47990,3.714960938339118e-05,106.10065093544237,180.94301223754883,187.4991340637207,0.0,106.14432433303827,0.03894479297897191,0.000184397095615424,5.959550996393079e-05,5.064164667632461e-05,1.0,0,1.0,187.76930141448975,0.13857012947646474,336038.4899700942,49.04221882432891,0.0,31.50513195991516,187.81433844566345,100.56056213378906,2338.0869793539405,39.026312883532775,1604.9814967468592,64.0,0.0,0.0,465.64897064231644,64.0,46122.0,0.9994332901554405,1.0,sustained_overload,contiguous
1779704076.6751328,92868,64,46250,47926,3.7692890543894464e-05,106.23755717178247,181.08037400245667,187.63649582862854,0.0,106.28109726011584,0.03894479297897191,0.000184397095615424,5.959550996393079e-05,5.063105888517309e-05,1.0,0,1.0,187.9065752029419,0.13837837837837838,336917.9252754582,49.110176690451915,0.0,31.50513195991516,187.9516122341156,100.56056213378906,2338.0869793539405,39.026312883532775,1604.9814967468592,64.0,0.0,0.0,466.22156146225564,64.0,46186.0,0.9994336162255466,1.0,sustained_overload,contiguous
1779704076.8358943,92867,64,46374,47802,4.0936124960921916e-05,106.39740122257733,181.24075031280518,187.79552602767944,0.0,106.44165419340351,0.038941231850654845,0.00018398454112391317,5.959550996393079e-05,5.062687026167284e-05,1.0,0,1.0,188.06733679771423,0.13800836675723466,300836.7767717709,49.241845056065245,0.0,31.50513195991516,188.11237382888794,63.95695400238037,3144.3968637936873,39.12765695312159,1611.239282791765,124.0,0.0,-6.220391141405019,771.3285015342223,1089.0,47274.0,0.999433941920644,1.0,sustained_overload,contiguous
1779704076.9727051,92867,64,46438,47738,3.75978437006097e-05,106.53475034413847,181.37855792045593,187.9333336353302,0.0,106.57793281271705,0.038941231850654845,0.00018398454112391317,5.950181538822087e-05,5.061693651960867e-05,1.0,0,1.0,188.20414757728577,0.13781816615702658,339432.3177269765,49.30980292218825,0.0,31.50513195991516,188.24918460845947,63.95695400238037,3144.3968637936873,39.12765695312159,1611.239282791765,64.0,0.0,0.0,467.7993956356108,64.0,46374.0,0.9994342672413793,1.0,sustained_overload,contiguous
1779704077.1100821,92867,64,46502,47674,3.707553121046203e-05,106.67120884584966,181.51547193527222,188.07024765014648,0.0,106.71487892166734,0.038941231850654845,0.00018398454112391317,5.950181538822087e-05,5.053994763954261e-05,1.0,0,1.0,188.34152460098267,0.13762848909724312,338499.1081376117,49.37776078831125,0.0,31.50513195991516,188.38656163215637,63.95695400238037,3144.3968637936873,39.12765695312159,1611.239282791765,64.0,0.0,0.0,465.87120813743815,64.0,46438.0,0.9994345921883975,1.0,sustained_overload,contiguous
1779704077.24869,92867,64,46566,47610,3.66195155834248e-05,106.80806845916884,181.65140509605408,188.2075641155243,0.0,106.85149306798944,0.038941231850654845,0.00018398454112391317,5.950181538822087e-05,5.053058510704084e-05,1.0,0,1.0,188.4801323413849,0.13743933341923292,335955.26386096125,49.44571865443425,0.0,31.50513195991516,188.5251693725586,63.95695400238037,3144.3968637936873,39.12765695312159,1611.239282791765,64.0,0.0,0.0,461.7346752373302,64.0,46502.0,0.9994349167623421,1.0,sustained_overload,contiguous
1779704077.3882203,92867,64,46630,47546,3.7754906287545964e-05,106.94660451940408,181.78769826889038,188.34656262397766,0.0,106.99221195478329,0.038941231850654845,0.00018398454112391317,5.950181538822087e-05,5.052385000297412e-05,1.0,0,1.0,188.61966276168823,0.13725069697619557,334192.3567536349,49.513676520557254,0.0,31.50513195991516,188.66469979286194,63.95695400238037,3144.3968637936873,39.12765695312159,1611.239282791765,64.0,0.0,0.0,458.6813388855379,64.0,46566.0,0.9994352409638554,1.0,sustained_overload,contiguous
1779704077.5263689,92867,64,46694,47482,3.9360515614816904e-05,107.08596276338554,181.92752170562744,188.48638606071472,0.0,107.12967632464412,0.038941231850654845,0.00018398454112391317,5.950181538822087e-05,5.051963159281413e-05,1.0,0,1.0,188.7578113079071,0.13706257763310062,337998.4898720655,49.58163438668026,0.0,31.50513195991516,188.8028483390808,63.95695400238037,3144.3968637936873,39.12765695312159,1611.239282791765,64.0,0.0,0.0,463.26944257960747,64.0,46630.0,0.999435564793578,1.0,sustained_overload,contiguous
1779704077.6650202,92867,64,46758,47418,3.921562500863729e-05,107.22382872010508,182.06584787368774,188.62471222877502,0.0,107.26766798517919,0.038941231850654845,0.00018398454112391317,5.950181538822087e-05,5.051740318712964e-05,1.0,0,1.0,188.8964626789093,0.13687497326660678,337234.31410756847,49.64959225280326,0.0,31.50513195991516,188.941499710083,63.95695400238037,3144.3968637936873,39.12765695312159,1611.239282791765,64.0,0.0,0.0,461.58937728055906,64.0,46694.0,0.999435888252149,1.0,sustained_overload,contiguous
1779704077.8036225,92867,64,46822,47354,3.863720320396169e-05,107.36171439972951,182.2041938304901,188.7630581855774,0.0,107.40546526816964,0.038941231850654845,0.00018398454112391317,5.950181538822087e-05,5.0511115598355315e-05,1.0,0,1.0,189.0350649356842,0.13668788176498228,337815.5672893659,49.71755011892627,0.0,31.50513195991516,189.0801019668579,63.95695400238037,3144.3968637936873,39.12765695312159,1611.239282791765,64.0,0.0,0.0,461.75294320019265,64.0,46758.0,0.9994362113402062,1.0,sustained_overload,contiguous
1779704077.9652538,92866,64,46972,47204,4.0057921850689127e-05,107.52346390881158,182.3664836883545,188.92415165901184,0.0,107.56711735603554,0.038938129063204555,0.0001835907387196826,5.950181538822087e-05,5.050731956408315e-05,1.0,0,1.0,189.1966962814331,0.13625138380311674,302756.86794083763,49.87682636765206,0.0,31.50513195991516,189.2417333126068,92.27747535705566,2640.248280264013,39.34283840414966,1615.4053111216122,150.0,0.0,-6.186918727717128,928.0378091575691,1089.0,47846.0,0.9994365340583858,1.0,sustained_overload,contiguous
1779704078.1027446,92866,64,47036,47140,3.690428120250999e-05,107.66071507652796,182.50419449806213,189.06186246871948,0.0,107.70411307924041,0.038938129063204555,0.0001835907387196826,5.941517906043919e-05,5.0499619444551e-05,1.0,0,1.0,189.33418703079224,0.13606599200612296,342103.0157973774,49.94478423377506,0.0,31.50513195991516,189.37922406196594,92.27747535705566,2640.248280264013,39.34283840414966,1615.4053111216122,64.0,0.0,0.0,465.4858621275651,64.0,46972.0,0.9994368564073226,1.0,sustained_overload,contiguous
1779704078.241065,92866,64,47100,47076,3.688129690715414e-05,107.79790303657917,182.64184188842773,189.19950985908508,0.0,107.84179339373614,0.038938129063204555,0.0001835907387196826,5.941517906043919e-05,5.042292589026639e-05,1.0,0,1.0,189.47250747680664,0.13588110403397027,340513.6504193685,50.01274209989807,0.0,31.50513195991516,189.51754450798035,92.27747535705566,2640.248280264013,39.34283840414966,1615.4053111216122,64.0,0.0,0.0,462.693707576212,64.0,47036.0,0.9994371783876501,1.0,sustained_overload,contiguous
1779704078.378914,92866,64,47164,47012,3.751287498232614e-05,107.93595760698713,182.78035879135132,189.33802676200867,0.0,107.97943046088203,0.038938129063204555,0.0001835907387196826,5.941517906043919e-05,5.041899022107028e-05,1.0,0,1.0,189.61035656929016,0.13569671783563733,342142.25970068196,50.08069996602107,0.0,31.50513195991516,189.65539360046387,92.27747535705566,2640.248280264013,39.34283840414966,1615.4053111216122,64.0,0.0,0.0,464.27581674250797,64.0,47100.0,0.9994375,1.0,sustained_overload,contiguous
1779704078.516719,92866,64,47228,46948,3.798651569297817e-05,108.07338010074334,182.9182415008545,189.47590947151184,0.0,108.11673461848312,0.038938129063204555,0.0001835907387196826,5.941517906043919e-05,5.041372622603943e-05,1.0,0,1.0,189.74816155433655,0.13551283137122047,342716.19407746766,50.148657832144075,0.0,31.50513195991516,189.79319858551025,92.27747535705566,2640.248280264013,39.34283840414966,1615.4053111216122,64.0,0.0,0.0,464.42441816206343,64.0,47164.0,0.9994378212450029,1.0,sustained_overload,contiguous
1779704078.6249955,92866,64,47235,46941,6.075742866024874e-05,108.18153792076926,183.02676153182983,189.58442950248718,0.0,108.22441743052904,0.038938129063204555,0.0001835907387196826,5.941517906043919e-05,5.041422263739499e-05,1.0,0,1.0,189.85643792152405,0.13549274902085318,62174.23224351747,50.15609072375128,0.0,31.50513195991516,189.90147495269775,92.27747535705566,2640.248280264013,39.34283840414966,1615.4053111216122,7.0,0.0,0.0,64.64937993235625,7.0,6725.0,0.9994381421232876,1.0,sustained_overload,contiguous
